address_1,address_2,bbox,bbox.coordinates.0.0.0,bbox.coordinates.0.0.1,bbox.coordinates.0.1.0,bbox.coordinates.0.1.1,bbox.coordinates.0.2.0,bbox.coordinates.0.2.1,bbox.coordinates.0.3.0,bbox.coordinates.0.3.1,bbox.coordinates.0.4.0,bbox.coordinates.0.4.1,bbox.coordinates.0.5.0,bbox.coordinates.0.5.1,bbox.coordinates.0.6.0,bbox.coordinates.0.6.1,bbox.type,centroid,centroid.coordinates.0,centroid.coordinates.1,centroid.type,city_code,emails,emails.0,emails.1,emails.2,fdrs,id,independent,inform_score,is_deprecated,iso,iso3,key_priorities,links.0.id,links.0.title,links.0.url,links.1.id,links.1.title,links.1.url,links.2.id,links.2.title,links.2.url,links.3.id,links.3.title,links.3.url,name,overview,phone,record_type,record_type_display,region,society_name,society_url,translation_module_original_language,url_ifrc,website
5th District Afshar e Sillo,Qargha Road,,60.50388900006525,29.377476867128095,74.87943118675916,29.377476867128095,74.87943118675916,38.48893683918419,60.50388900006525,38.48893683918419,60.50388900006525,29.377476867128095,,,,,Polygon,,67.709953,33.93911,Point,Kabul,,ir@arcs.af,,,DAF001,14,True,,False,AF,AFG,,,,,,,,,,,,,,Afghanistan,,+93711818930,1,Country,2,Afghan Red Crescent,http://www.arcs.org.af/,en,https://www.ifrc.org/national-societies-directory/afghan-red-crescent,https://arcs.af/
,,,33.92578124527766,4.740675384119884,41.74804686918865,4.390228925853455,41.83593749417606,-5.17848208780402,34.10156249525336,-4.565473550076101,33.92578124527766,4.740675384119884,,,,,Polygon,,36.82617186987356,-1.274308991667863,Point,,,,,,,285,True,,False,,,,,,,,,,,,,,,,Africa Region,,,3,Region,0,IFRC Africa,,en,,
,,,,,,,,,,,,,,,,,,,,,,,,,,,,343,False,,False,,,,,,,,,,,,,,,,Aksai Chin,,,1,Country,,,,en,,
"Rruga ""Pjetër Budi""","Ndërtesa 19, Hyrja 10",,19.275616054377924,39.64448016732057,21.057281299939607,39.64448016732057,21.057281299939607,42.661084637934295,19.275616054377924,42.661084637934295,19.275616054377924,39.64448016732057,,,,,Polygon,,20.168331,41.153332,Point,Tirana,,kksh@kksh.org.al,,,DAL001,15,True,,False,AL,ALB,,,,,,,,,,,,,,Albania,,+355 4 22 22 037 / 22 25 855,1,Country,3,Albanian Red Cross,http://www.kksh.org.al/,en,https://www.ifrc.org/national-societies-directory/albanian-red-cross,http://www.kksh.org.al
"l'Haouch-Dely-Ibrahim, parcelle n° 34, commune de Dély Ibrahim, wilaya d'Alger",,,-8.673867225939055,18.960027694391847,11.979548454605217,18.960027694391847,11.979548454605217,37.093734740935304,-8.673867225939055,37.093734740935304,-8.673867225939055,18.960027694391847,,,,,Polygon,,1.659626,28.033886,Point,Alger,,communication@cra.dz,,,DDZ001,16,True,,False,DZ,DZA,,81,Facebook page for the Algerian Red Crescent,https://www.facebook.com/algerianred,,,,,,,,,,Algeria,,(213) (0) 23307693,1,Country,4,Algerian Red Crescent,http://www.cra-algerie.org/,en,https://www.ifrc.org/national-societies-directory/algerian-red-crescent,www.cra.dz
,,,-171.0902709963781,-14.548889159768768,-168.14305114779592,-14.548889159768768,-168.14305114779592,-11.047778129977885,-171.0902709963781,-11.047778129977885,-171.0902709963781,-14.548889159768768,,,,,Polygon,,-170.13221699999974,-14.270972,Point,,,,,,,320,False,,False,AS,ASM,,,,,,,,,,,,,,American Samoa,,,1,Country,1,American Red Cross,,en,,
,,,-79.82666014513829,9.151994063126338,-79.21142577022378,9.151994063126338,-79.31030272333473,8.826452785279475,-79.76074217639706,8.891584366860302,-79.83764647326183,8.989259999218602,-79.83764647326183,8.95670436744317,-79.82666014513829,9.151994063126338,Polygon,,-79.51904295768013,8.9718972928442,Point,,,,,,,282,True,,False,,,,,,,,,,,,,,,,Americas Region,,,3,Region,1,IFRC Americas,,en,,
Av/ Santa Coloma 47-51,,,1.422104001481532,42.43508911114202,1.780385970935241,42.43508911114202,1.780385970935241,42.65870666529616,1.422104001481532,42.65870666529616,1.422104001481532,42.43508911114202,,,,,Polygon,,1.601554,42.546245,Point,Andorra la Vella,,secretariatgeneral@creuroja.ad,,,DAD001,17,True,,False,AD,AND,,,,,,,,,,,,,,Andorra,,(376) 808 225,1,Country,3,Andorran Red Cross,http://www.creuroja.ad/,en,https://www.ifrc.org/national-societies-directory/andorran-red-cross,http://www.creuroja.ad
"Rua 1, Congresso no. 27",P.O. Box 927,,11.668611000136623,-18.042081833173235,24.082118494221373,-18.042081833173235,24.082118494221373,-4.372590999829215,11.668611000136623,-4.372590999829215,11.668611000136623,-18.042081833173235,,,,,Polygon,,17.873887,-11.202692,Point,Luanda,,contactos@cruzvermelha.og.ao,vquifica@yahoo.com,,DAO001,18,True,,False,AO,AGO,,,,,,,,,,,,,,Angola,,(244) 931 677 572,1,Country,0,Angola Red Cross,http://www.cruzvermelha.og.ao,en,https://www.ifrc.org/national-societies-directory/angola-red-cross,
,,,-63.42958450297423,18.15430641181344,-62.92402648883893,18.15430641181344,-62.92402648883893,18.59541702307177,-63.42958450297423,18.59541702307177,-63.42958450297423,18.15430641181344,,,,,Polygon,,-63.068615,18.220554,Point,,,,,,,217,False,,False,AI,AIA,,,,,,,,,,,,,,Anguilla,,,1,Country,,British Red Cross,,en,,
,,,,,,,,,,,,,,,,,,,,,,,,,,,,230,False,,False,AQ,ATA,,,,,,,,,,,,,,Antarctica,,,1,Country,,,,en,,
Red Cross Headquarters   Old Parham Road,P.O. Box 727,,-62.35240936279424,16.92722129812773,-61.659084320162414,16.92722129812773,-61.659084320162414,17.72938728315787,-62.35240936279424,17.72938728315787,-62.35240936279424,16.92722129812773,,,,,Polygon,,-61.796428,17.060816,Point,"St Johns, Antigua W.I.",,info@abredcross.org,,,DAG001,19,True,,False,AG,ATG,,,,,,,,,,,,,,Antigua and Barbuda,,(1) (268) 462-0800 /     460-9599 /,1,Country,1,Antigua and Barbuda Red Cross,,en,https://www.ifrc.org/national-societies-directory/antigua-and-barbuda-red-cross,
Hipólito Yrigoyen 2068,,,-73.58296966531714,-55.06131362935924,-53.591835021764865,-55.06131362935924,-53.591835021764865,-21.78127670249204,-73.58296966531714,-21.78127670249204,-73.58296966531714,-55.06131362935924,,,,,Polygon,,-63.616672,-38.416097,Point,Buenos Aires,,info@cruzroja.org.ar,,,DAR001,20,True,,False,AR,ARG,,,,,,,,,,,,,,Argentina,,(54) (11) 6065-0450,1,Country,1,Argentine Red Cross,http://www.cruzroja.org.ar/,en,https://www.ifrc.org/national-societies-directory/argentine-red-cross,http://www.cruzroja.org.ar
21/1 Paronyan Street,,,43.44977951059995,38.84188169986519,46.634799957364564,38.84188169986519,46.634799957364564,41.30160510428563,43.44977951059995,41.30160510428563,43.44977951059995,38.84188169986519,,,,,Polygon,,45.038189,40.069099,Point,Yerevan,,redcross@redcross.am,,,DAM001,21,True,,False,AM,ARM,,,,,,,,,,,,,,Armenia,,(374) 60625050,1,Country,3,Armenian Red Cross Society,http://www.redcross.am/,en,https://www.ifrc.org/national-societies-directory/armenian-red-cross-society,http://redcross.am
,,,-70.28022689698051,12.774235949465924,-70.28022689698051,12.33188446652426,-69.67872543222043,12.310417909549995,-69.67597885018955,12.76887869059787,-70.28022689698051,12.774235949465924,,,,,Polygon,,-69.98840297529344,12.507103584267353,Point,,,,,,,231,False,,False,AW,ABW,,,,,,,,,,,,,,Aruba,,,1,Country,1,,,en,,
,,,,,,,,,,,,,,,,,,,,,,,,,,,,344,False,,False,,,,,,,,,,,,,,,,Ashmore and Cartier Islands,,,1,Country,2,Australian Red Cross,,en,,
,,,99.31640623617588,6.664607561249054,104.85351561040638,6.22793392940519,105.11718748537487,1.054627942129073,99.93164061109037,1.230374177261373,99.31640623617588,6.664607561249054,,,,,Polygon,,101.68945311084738,3.162455529797875,Point,,,,,,,283,True,,False,,,,,,,,,,,,,,,,Asia-Pacific Region,,,3,Region,2,IFRC Asia-Pacific,,en,,
GPO Box 9949,Melbourne VIC,,112.9110565187699,-54.77828598014322,159.1112823485018,-54.77828598014322,159.1112823485018,-9.219503999890813,112.9110565187699,-9.219503999890813,112.9110565187699,-54.77828598014322,,,,,Polygon,,133.7751359999998,-25.274398,Point,3001,,contactus@redcross.org.au,,,DAU001,22,True,,False,AU,AUS,,,,,,,,,,,,,,Australia,,Switchboard: +61 3 9345 1800,1,Country,2,Australian Red Cross,http://www.redcross.org.au/,en,https://www.ifrc.org/national-societies-directory/australian-red-cross,http://www.redcross.org.au/
Wiedner Hauptstrasse 32,,,9.536235039660678,46.378040313737905,17.162717819541477,46.378040313737905,17.162717819541477,49.01706314083718,9.536235039660678,49.01706314083718,9.536235039660678,46.378040313737905,,,,,Polygon,,14.550072,47.516231,Point,Wien,,postmaster@roteskreuz.at,,,DAT001,23,True,,False,AT,AUT,,,,,,,,,,,,,,Austria,,(43) (1) 589 00-0,1,Country,3,Austrian Red Cross,http://www.roteskreuz.at/,en,https://www.ifrc.org/national-societies-directory/austrian-red-cross,http://www.roteskreuz.at
Samad Vurgun street 112,,,44.765546419487485,38.393198899527874,50.623817444200135,38.393198899527874,50.623817444200135,41.91408608023876,44.765546419487485,41.91408608023876,44.765546419487485,38.393198899527874,,,,,Polygon,,47.576927,40.143105,Point,Baku,,office@redcrescent.org.az,corporate@redcrescent.org.az,,DAZ001,200,True,,False,AZ,AZE,,,,,,,,,,,,,,Azerbaijan,,(994) (12) 493 84 81,1,Country,3,Red Crescent Society of Azerbaijan,http://www.redcrescent.az/,en,https://www.ifrc.org/national-societies-directory/red-crescent-society-azerbaijan,https://redcrescent.org.az/
National Headquarters,John F. Kennedy Drive,,-80.47597503690093,20.912082671714174,-72.71208190874245,20.912082671714174,-72.71208190874245,27.27138900747677,-80.47597503690093,27.27138900747677,-80.47597503690093,20.912082671714174,,,,,Polygon,,-77.39628,25.03428,Point,Nassau,,redcross@bahamas.net.bs,,,DBS001,25,True,,False,BS,BHS,,,,,,,,,,,,,,Bahamas,,(1242) 323-7370/328-4415,1,Country,1,The Bahamas Red Cross Society,http://www.bahamasredcross.org,en,https://www.ifrc.org/national-societies-directory/bahamas-red-cross-society,https://bahamasredcross.org/
"Building 25,","Road 1901,",,50.33139982920718,25.542240142869325,50.82869339033929,25.542240142869325,50.82869339033929,26.29392890563851,50.33139982920718,26.29392890563851,50.33139982920718,25.542240142869325,,,,,Polygon,,50.637772,25.930414,Point,Manama,,hilal@batelco.com.bh,info@rcsbahrain.org,,DBH001,26,True,,False,BH,BHR,,,,,,,,,,,,,,Bahrain,,(973) 172 931 71/172 93 100,1,Country,4,Bahrain Red Crescent Society,http://www.rcsbahrain.org/,en,https://www.ifrc.org/national-societies-directory/bahrain-red-crescent-society,http://www.rcsbahrain.org
,,,,,,,,,,,,,,,,,,,,,,,,,,,,300,,,False,,,,,,,,,,,,,,,,Bangkok Country Cluster,,,2,Cluster,,,,en,,
National Headquarters,684-686 Red Crescent Road,,88.02833557151092,20.741111755676695,92.68047543048414,20.741111755676695,92.68047543048414,26.631954193393888,88.02833557151092,26.631954193393888,88.02833557151092,20.741111755676695,,,,,Polygon,,90.35633100000017,23.684994,Point,Dhaka,,info@bdrcs.org,,,DBD001,27,True,,False,BD,BGD,,,,,,,,,,,,,,Bangladesh,,(88) (02) 933 0188 / 89,1,Country,2,Bangladesh Red Crescent Society,http://www.bdrcs.org/,en,https://www.ifrc.org/national-societies-directory/bangladesh-red-crescent-society,http://www.bdrcs.org
Warrens,St. Michael's,,-59.64892196669321,13.039843558978786,-59.42037582424591,13.039843558978786,-59.42037582424591,13.327257156135706,-59.64892196669321,13.327257156135706,-59.64892196669321,13.039843558978786,,,,,Polygon,,-59.543198,13.193887,Point,Bridgetown BB,,hello@fabiannaalexander.com,,,DBB001,28,True,,False,BB,BRB,,,,,,,,,,,,,,Barbados,,+1 246 4172727,1,Country,1,The Barbados Red Cross Society,https://www.barbadosredcross.com/,en,https://www.ifrc.org/national-societies-directory/barbados-red-cross-society,https://www.barbadosredcross.com/
,,,,,,,,,,,,,,,,,,,,,,,,,,,,345,False,,False,,,,,,,,,,,,,,,,Bassas da India,,,1,Country,3,French Red Cross,,en,,
,,,,,,,,,,,,,,,,,,,,,,,,,,,,298,,,False,,,,,,,,,,,,,,,,Beijing Country Cluster,,,2,Cluster,,,,en,,
35 K. Marx  str,,,23.17688360694421,51.264435441009915,32.77079812891517,51.264435441009915,32.77079812891517,56.1722234999601,23.17688360694421,56.1722234999601,23.17688360694421,51.264435441009915,,,,,Polygon,,27.953389,53.709807,Point,Minsk,,info@redcross.by,,,DBY001,29,True,,False,BY,BLR,,,,,,,,,,,,,,Belarus,,(375) (17) 263 84 17 (reception) (375) (17) 363 98 46 (International Cooperation),1,Country,3,Belarus Red Cross,http://www.redcross.by/,en,https://www.ifrc.org/national-societies-directory/belarus-red-cross,https://redcross.by
"78, Rue du Rempart des moines",1000 Brussels,,2.546947002538146,49.4936141968324,6.403867244810249,49.4936141968324,6.403867244810249,51.50543594380786,2.546947002538146,51.50543594380786,2.546947002538146,49.4936141968324,,,,,Polygon,,4.469936,50.503887,Point,,,info@croix-rouge.be,info@rodekruis.be,,DBE001,30,True,,False,BE,BEL,,,,,,,,,,,,,,Belgium,,(32) (2) 371 31 11 (French speaking community) (32) (15) 44 33 22 (Flemish speaking community),1,Country,3,Belgian Red Cross,http://www.redcross.be/,en,https://www.ifrc.org/national-societies-directory/belgian-red-cross,"http://www.croix-rouge.be, http://www.rodekruis.be"
1 Gabourel Lane,,,-89.22481536899163,15.889300346302972,-87.46812438966299,15.889300346302972,-87.46812438966299,18.493441103012362,-89.22481536899163,18.493441103012362,-89.22481536899163,15.889300346302972,,,,,Polygon,,-88.49765,17.189877,Point,Belize City,,bzercshq@btl.net,,,DBZ001,31,True,,False,BZ,BLZ,,,,,,,,,,,,,,Belize,,(501) 203-3319,1,Country,1,Belize Red Cross Society,,en,https://www.ifrc.org/national-societies-directory/belize-red-cross-society,
,,,,,,,,,,,,,,,,,,,,,,,,,,,,313,,,False,BX,,,,,,,,,,,,,,,Benelux,,,1,Country,,Benelux ERU,,en,,
Rue 29 Djassin,Porto-Novo,,0.774574994778992,6.225748061899203,3.851701021488234,6.225748061899203,3.851701021488234,12.408610343704595,0.774574994778992,12.408610343704595,0.774574994778992,6.225748061899203,,,,,Polygon,,2.315834,9.30769,Point,Porto-Novo,,croixrougebeninoisesg@yahoo.com,,,DBJ001,209,True,,False,BJ,BEN,,,,,,,,,,,,,,Benin,,(229) 20 21 28 86/ 68 00 13 02/ 95 74 78 82 / 68 00 13 01,1,Country,0,Red Cross of Benin,http://croixrougebenin.org/,en,https://www.ifrc.org/national-societies-directory/red-cross-benin,www.croixrougebenin.org
,,,-64.89604949968489,32.246639252013935,-64.65199279760697,32.246639252013935,-64.65199279760697,32.39383316012592,-64.89604949968489,32.39383316012592,-64.89604949968489,32.246639252013935,,,,,Polygon,,-64.75737,32.321384,Point,,,,,,,233,False,,False,BM,BMU,,,,,,,,,,,,,,Bermuda,,,1,Country,,,,en,,
Deki Lam - 2 Changangkha,,,88.75971984860215,26.707630157870717,92.12475542440828,26.707630157870717,92.12475542440828,28.2484704945848,88.75971984860215,28.2484704945848,88.75971984860215,26.707630157870717,,,,,Polygon,,90.43360100000018,27.514162,Point,Thimphu,,info@brcs.bt,,,DBT001,234,True,,False,BT,BTN,,,,,,,,,,,,,,Bhutan,,+975 2 330 557,1,Country,2,Bhutan Red Cross Society,,en,https://www.ifrc.org/national-societies-directory/bhutan-red-cross,
,,,,,,,,,,,,,,,,,,,,,,,,,,,,347,False,,False,,,,,,,,,,,,,,,,Bird Island,,,1,Country,,British Red Cross,,en,,
,,,,,,,,,,,,,,,,,,,,,,,,,,,,346,False,,False,,,,,,,,,,,,,,,,Bir Tawil,,,1,Country,,,,en,,
Avenida Simón Bolívar N° 1515,,,-69.64076232882329,-22.89613342283048,-57.45809555020428,-22.89613342283048,-57.45809555020428,-9.680566787294168,-69.64076232882329,-9.680566787294168,-69.64076232882329,-22.89613342283048,,,,,Polygon,,-63.588653,-16.290154,Point,La Paz 02,,secretaria@cruzrojaboliviana.org.bo,,,DBO001,33,True,,False,BO,BOL,,,,,,,,,,,,,,Bolivia,,(591)(2)  2202930/2202934,1,Country,1,Bolivian Red Cross,http://www.cruzrojaboliviana.org/,en,https://www.ifrc.org/national-societies-directory/bolivian-red-cross,https://cruzrojaboliviana.org.bo/
Kranjceviceva 2,,,15.741913628173787,42.56127767896708,19.621988122963863,42.56127767896708,19.621988122963863,45.27592417786778,15.741913628173787,45.27592417786778,15.741913628173787,42.56127767896708,,,,,Polygon,,17.679076,43.915886,Point,Sarajevo,,rcsbh@rcsbh.org,,,DBA001,197,True,,False,BA,BIH,,,,,,,,,,,,,,Bosnia and Herzegovina,,(387) 33 263 935,1,Country,3,Red Cross Society of Bosnia and Herzegovina,http://www.rcsbh.org/,en,https://www.ifrc.org/national-societies-directory/red-cross-society-bosnia-and-herzegovina,http://www.rcsbh.org
"Poso House, 1st floor, Plot 53952, Khama Crescent",P.O. Box 485,,19.99953461100915,-26.907245635592755,29.360780716017185,-26.907245635592755,29.360780716017185,-17.7808094023484,19.99953461100915,-17.7808094023484,19.99953461100915,-26.907245635592755,,,,,Polygon,,24.684866,-22.328474,Point,Gaborone,,brcs@info.bw,sg@botswanaredcross.org.bw,,DBW001,34,True,,False,BW,BWA,,,,,,,,,,,,,,Botswana,,(267) 3 952 465,1,Country,0,Botswana Red Cross Society,http://www.botswanaredcross.org.bw/,en,https://www.ifrc.org/national-societies-directory/botswana-red-cross-society,http://www.botswanaredcross.org.bw
,,,3.284445047264737,-54.46458435035923,3.487485885297072,-54.46458435035923,3.487485885297072,-54.3863906858521,3.284445047264737,-54.3863906858521,3.284445047264737,-54.46458435035923,,,,,Polygon,,3.413194,-54.423199,Point,,,,,,,321,False,,False,BV,BVT,,,,,,,,,,,,,,Bouvet Island,,,1,Country,3,Norwegian Red Cross,,en,,
Praça Cruz Vermelha No. 10-12,,,-73.98553466791151,-33.75070571931302,-28.84675302336224,-33.75070571931302,-28.84675302336224,5.264877796511881,-73.98553466791151,5.264877796511881,-73.98553466791151,-33.75070571931302,,,,,Polygon,,-51.92528,-14.235004,Point,Rio de Janeiro,,gabinete@cvb.org.br,,,DBR001,35,True,,False,BR,BRA,,25,Agencia Nacional de Águas,https://www.ana.gov.br/panorama-das-aguas,26,Instituto Nacional de Meteorologia,http://www.inmet.gov.br/portal/,27,Centro Nacional de Monitoramento e Aletas de Desastres Naturais,https://www.cemaden.gov.br/,33,Queimadas e Incêndios Florestais - Monitoramento Orbital e Risco de Fogo,http://queimadas.dgi.inpe.br/queimadas/portal,Brazil,"A Cruz Vermelha é a principal instituição de ajuda humanitária do mundo. No Brasil está presente em 21 estados. Seus voluntários sempre dizem que, para minorar o sofrimento da população, sempre são os primeiros a chegar e os últimos a sair. Até hoje, mais de seis anos após as chuvas que provocaram deslizamentos na serra do Rio de Janeiro, ainda há pessoas da região que recebem apoio psicossocial.

Vale lembrar que, depois do atendimento aos desabrigados na serra fluminense, a Cruz Vermelha Brasileira (CVB) já atendeu, somente em 2017, às vítimas de enchentes em Santa Catarina, Rio Grande do Sul, Alagoas, Pernambuco e Amazonas. Como auxiliar do poder público, a instituição é sempre requisitada nas emergências. No caso das enchentes citadas acima, foram realizadas atividades de conscientização para redução do risco de contaminação por mau uso da água.

Nos últimos anos também foram criados os Projetos Zika e Febre Amarela. Diante do aumento de número de casos que vitimaram milhares de brasileiros, a CVB tem atuado no trabalho de conscientização para o combate ao mosquito transmissor da dengue, zika, chikungunya e febre amarela. Nos estados mais afetados pelas doenças, voluntários distribuíram repelentes, preservativos e material informativo. Para eliminar criadouros e mudar hábitos que levam a proliferação do mosquito, visitas a diversas comunidades foram realizadas, assim como atividades educativas junto às escolas.

A CVB também realiza campanhas. No inverno, por exemplo, diversas filiais estaduais e municipais promovem a Campanha do Agasalho. Roupas e cobertores são coletados nos endereços das filiais e empresas parceiras. Tudo o que é arrecadado é doado para famílias em condições de vulnerabilidade social, através dos muitos projetos das filiais.

Uma das principais atividades da instituição é o ensino de Primeiros Socorros. Em 2017, a CVB lançou as Diretrizes Internacionais de Primeiros Socorros e Reanimação. As orientações que a instituição apresenta são uma referência para quem trabalha na área e também para aqueles que querem saber mais sobre a atividade que salva vidas.


Foram desenvolvidas a partir de práticas comprovadas, com base em evidências e pesquisas científicas, levando em conta as experiências de boa parte das 190 Sociedades Nacionais que compõem a Federação Internacional da Cruz Vermelha e do Crescente Vermelho. O documento avalia e informa sobre a ciência por trás dos Primeiros Socorros e Reanimação, com o intuito de promover a harmonização da prática.

Os Primeiros Socorros estão entre os principais serviços prestados pela CVB. São considerados vitais para uma intervenção rápida e eficaz, reduzir lesões, atenuar o sofrimento e aumentar as chances de sobrevivência.

Para disseminar a prática, a instituição ministra cursos em diversas cidades do país. Além daqueles que acontecem nos endereços da CVB, há outros que são realizados nas empresas que têm interesse em ensinar as técnicas para seus funcionários.

Os cursos seguem as diretrizes do Centro de Referência Global de Primeiros Socorros da Federação Internacional da Cruz Vermelha e do Crescente Vermelho, referência mundial no segmento, com sede em Paris. A cada ano, cerca de 14 milhões de pessoas são treinadas pelo conjunto das Sociedades Nacionais que compõem a Federação Internacional.

Para que mais pessoas tenham acesso aos procedimentos que salvam vidas, a instituição também lançou, recentemente, um aplicativo que pode ser baixado gratuitamente através do Play Store ou do Apple Store. Através de vídeos didáticos de pequena duração, é possível saber o que deve ser feito em várias emergências. Acidente Vascular Cerebral, queimaduras, ferimentos com armas de fogo, crise epilética, choque elétrico, fratura e intoxicação com produtos químicos são algumas das opções.

O voluntariado é um dos pilares da instituição que teve o sanitarista Oswaldo Cruz como primeiro presidente. Antes de começar a atuar, todos passam por um curso básico de formação institucional com três módulos: Panorama histórico da instituição no mundo e no Brasil; Protocolo de Segurança e Código de Ética e Suporte Básico de Vida

A Cruz Vermelha Brasileira é uma das 190 Sociedades Nacionais que compõem o Movimento Internacional de Cruz Vermelha e do Crescente Vermelho. Fundada em 5 de dezembro de 1908, é constituída com bases nas Convenções de Genebra, das quais o Brasil é signatário. É uma associação civil, sem fins lucrativos, de natureza filantrópica, independente, declarada pelo governo brasileiro de utilidade pública internacional, de socorro voluntário, auxiliar dos poderes públicos e, em particular, dos serviços militares de saúde. Tem como missão atenuar o sofrimento humano, sem distinção de raça, religião, condição social, gênero e opinião política.


MISSÃO

Agir, em caso de guerra, e preparar-se, na paz, para atuar em todos os setores abrangidos pelas Convenções de Genebra e em favor de todas as vítimas de guerra, tanto civis como militares;

Contribuir, para a melhoria de saúde, prevenção de doenças e o alívio do sofrimento através de programas de treinamento e de serviços que beneficiem a comunidade;adaptados às necessidades de peculiaridades nacionais e regionais, podendo também, para isso, criar e manter cursos regulares, profissionalizantes e de nível superior;

Organizar, dentro do plano nacional, serviços de socorros em emergências às vítimas de calamidades, seja qual for a causa;

Recrutar, treinar e aplicar o pessoal necessário às finalidades da instituição;

Incentivar a participação de jovens voluntários nos trabalhos da Cruz Vermelha, qualificando-o às finalidades da instituição;

Divulgar os princípios humanitários da Cruz Vermelha, a fim de desenvolver na população os ideais de paz, respeito mútuo e compreensão entre todos os homens e todos os povos.",(55) (21)  2507-3577 / 55 21 2507 3392,1,Country,1,Brazilian Red Cross,http://www.cruzvermelha.org.br/,en,https://www.ifrc.org/national-societies-directory/brazilian-red-cross,http://www.cruzvermelha.org.br/
,,,71.25997161836929,-7.43803024261634,72.49315643283222,-7.43803024261634,72.49315643283222,-5.22716093064429,71.25997161836929,-5.22716093064429,71.25997161836929,-7.43803024261634,,,,,Polygon,,71.876519,-6.343194,Point,,,,,,,322,False,,False,IO,IOT,,,,,,,,,,,,,,British Indian Ocean Territory,,,1,Country,3,British Red Cross,,en,,
,,,-64.78455696399733,18.307728640267083,-64.26876831017904,18.307728640267083,-64.26876831017904,18.75722122183551,-64.78455696399733,18.75722122183551,-64.78455696399733,18.307728640267083,,,,,Polygon,,-64.639968,18.420695,Point,,,,,,,323,False,,False,VG,VGB,,,,,,,,,,,,,,British Virgin Islands,,,1,Country,3,British Red Cross,,en,,
"Upper Level, Bunut Post Office, Jalan Haji Halus, Kampong Bunut, Bandar Seri Begawan BF1320, Brunei Darussalam",,,114.10162541785084,4.003095150109857,115.3594436642532,4.003095150109857,115.3594436642532,5.047173023404717,114.10162541785084,5.047173023404717,114.10162541785084,4.003095150109857,,,,,Polygon,,114.72766899999962,4.535277,Point,Bandar Seri Begawan,,lailatul.zubaidah@bruneiredcrescent.com,,,DBN001,36,True,,False,BN,BRN,,,,,,,,,,,,,,Brunei Darussalam,,+673 22652989 (Office); +673 7187 959,1,Country,2,Brunei Darussalam Red Crescent Society,,en,https://www.ifrc.org/national-societies-directory/brunei-darussalam-red-crescent-society,
"76, James Bourchier Blvd.",,,22.356915068195597,41.24207305895261,28.61215972874767,41.24207305895261,28.61215972874767,44.215449688157086,22.356915068195597,44.215449688157086,22.356915068195597,41.24207305895261,,,,,Polygon,,25.48583,42.733883,Point,Sofia,,secretariat@redcross.bg,international@redcross.bg,,DBG001,37,True,,False,BG,BGR,,,,,,,,,,,,,,Bulgaria,,(359) (2) 81 64 700 (Central reception desk) / (359)(2) 81 64 770 and (359)(2) 81 64 774 (International Dept.),1,Country,3,Bulgarian Red Cross,http://www.redcross.bg/,en,https://www.ifrc.org/national-societies-directory/bulgarian-red-cross,http://www.redcross.bg
01 B.P. 4404,,,-5.51891612979892,9.401107788253608,2.405395030931813,9.401107788253608,2.405395030931813,15.082592964377824,-5.51891612979892,15.082592964377824,-5.51891612979892,9.401107788253608,,,,,Polygon,,-1.561593,12.238333,Point,Ouagadougou,,croixrouge.bf@fasonet.bf,,,DBF001,181,True,,False,BF,BFA,,,,,,,,,,,,,,Burkina Faso,,(226) 25 36 13 40,1,Country,0,Burkinabe Red Cross Society,http://www.croixrougebf.org/,en,https://www.ifrc.org/national-societies-directory/burkinabe-red-cross-society,http://www.croixrougebf.org
Comité National - Rohero I,18 Avenue des Etats-Unis,,29.00034499973717,-4.47000100016435,30.850905999720183,-4.47000100016435,30.850905999720183,-2.309069999793946,29.00034499973717,-2.309069999793946,29.00034499973717,-4.47000100016435,,,,,Polygon,,29.918886,-3.373056,Point,Bujumbura,,croixrougebi@yahoo.fr,,,DBI001,39,True,,False,BI,BDI,,,,,,,,,,,,,,Burundi,,(257)22 21 88 70/71,1,Country,0,Burundi Red Cross,http://croixrouge.bi/,en,https://www.ifrc.org/national-societies-directory/burundi-red-cross,http://croixrouge.bi/
Rua Descida da Rampa de Lém Ferreira – Edificio Milcar,Caixa Postal 119,,-25.35874748243614,14.802213669090238,-22.669443130910224,14.802213669090238,-22.669443130910224,17.197177887009516,-25.35874748243614,17.197177887009516,-25.35874748243614,14.802213669090238,,,,,Polygon,,-24.013197,16.002082,Point,Praia,,cruzvermelha.cv.sg@hotmail.com,,,DCV001,43,True,,False,CV,CPV,,,,,,,,,,,,,,Cabo Verde,,(238) 260.38.72/261.84.27,1,Country,0,Red Cross of Cape Verde,,en,https://www.ifrc.org/national-societies-directory/red-cross-cape-verde,
"16 A, street 652/271","O Bek Kaam, Sangkat Toek Laak 3",,102.3355026251014,10.350729726222676,107.63151383840118,10.350729726222676,107.63151383840118,14.68730440609742,102.3355026251014,14.68730440609742,102.3355026251014,10.350729726222676,,,,,Polygon,,104.99096299999974,12.565679,Point,Phnom-Penh,,info@redcross.org.kh,,,DKH001,40,True,,False,KH,KHM,,,,,,,,,,,,,,Cambodia,,+855 23 881 511,1,Country,2,Cambodian Red Cross Society,http://www.redcross.org.kh/,en,https://www.ifrc.org/national-societies-directory/cambodian-red-cross-society,http://www.redcross.org.kh
63 Rue 2005,,,8.494763373972757,1.652547956365434,16.192115783635213,1.652547956365434,16.192115783635213,13.078056335535859,8.494763373972757,13.078056335535859,8.494763373972757,1.652547956365434,,,,,Polygon,,12.354722,7.369722,Point,Yaoundé 2,,cameroon_redcross@yahoo.fr,,,DCM001,41,True,,False,CM,CMR,,,,,,,,,,,,,,Cameroon,,(237) 2 22 22 41 77,1,Country,0,Cameroon Red Cross Society,,en,https://www.ifrc.org/national-societies-directory/cameroon-red-cross-society,
400 Cooper Street,Suite 8000,,-141.000000000435,41.708297729599984,-52.6362915042552,41.708297729599984,-52.6362915042552,83.1106185913057,-141.000000000435,83.1106185913057,-141.000000000435,41.708297729599984,,,,,Polygon,,-106.34677100000023,56.130366,Point,K2P 2H8,,cancross@redcross.ca,,,DCA001,42,True,,False,CA,CAN,,,,,,,,,,,,,,Canada,The Canadian Red Cross mission is to improve the lives of vulnerable people by mobilizing the power of humanity in Canada and around the world.,(1) (613) 7401900,1,Country,1,Canadian Red Cross Society,http://www.redcross.ca/,en,https://www.ifrc.org/national-societies-directory/canadian-red-cross-society,http://www.redcross.ca/
,,,,,,,,,,,,,,,,,,,,,,,,,,,,305,,,False,,,,,,,,,,,,,,,,Caribbean Country Cluster,,,2,Cluster,1,,,en,,
,,,-81.43277740494084,19.263029098209866,-79.72727203344589,19.263029098209866,-79.72727203344589,19.76169776940118,-81.43277740494084,19.76169776940118,-81.43277740494084,19.263029098209866,,,,,Polygon,,-80.566956,19.513469,Point,,,,,,,324,False,,False,KY,CYM,,,,,,,,,,,,,,Cayman Islands,,,1,Country,3,British Red Cross,,en,,
,,,,,,,,,,,,,,,,,,,,,,,,,,,,292,,,False,,,,,,,,,,,,,,,,Central Africa Country Cluster,,,2,Cluster,,,,en,,
"Avenue Koudoukou Km, 5",B.P.1428,,14.420097350975267,2.220514059440838,27.463420868295337,2.220514059440838,27.463420868295337,11.007569312975926,14.420097350975267,11.007569312975926,14.420097350975267,2.220514059440838,,,,,Polygon,,20.939444,6.611111,Point,Bangui,,sn_crca@yahoo.fr,,,DCF001,44,True,,False,CF,CAF,,,,,,,,,,,,,,Central African Republic,,(236) 236 50 14 11/02 09 09/20 57 57,1,Country,0,Central African Red Cross Society,,en,https://www.ifrc.org/national-societies-directory/central-african-red-cross-society,
,,,,,,,,,,,,,,,,,,,,,,,,,,,,318,,,False,,,,,,,,,,,,,,,,Central America Country Cluster,,,2,Cluster,1,,,en,,
,,,14.54589843547543,49.18170338255221,23.906249996672667,49.21042044049505,23.730468746696967,45.15105326058462,14.58984374796958,45.30580259444933,14.54589843547543,49.18170338255221,,,,,Polygon,,19.028320309850823,47.4875130038676,Point,,,,,,,309,,,False,,,,,,,,,,,,,,,,Central and South-Eastern Europe Country Cluster,,,2,Cluster,,,,en,,
,,,45.87890624361354,55.51100846561566,88.94531248761858,55.808484625862334,88.76953123764288,35.649857252422215,45.70312499363784,35.22019355333977,45.87890624361354,55.51100846561566,,,,,Polygon,,76.97021483303651,43.227861033367766,Point,,,,,,,310,,,False,,,,,,,,,,,,,,,,Central Asia Country Cluster,,,2,Cluster,,,,en,,
Avenue Kondol,Moursal,,13.473475456201312,7.441068172734467,24.002481106942415,7.441068172734467,24.002481106942415,23.450368880860143,13.473475456201312,23.450368880860143,13.473475456201312,7.441068172734467,,,,,Polygon,,18.732207,15.454166,Point,N'Djamena,,crt@croixrougedutchad.org,,,DTD001,45,True,,False,TD,TCD,,,,,,,,,,,,,,Chad,,(00235) 22 52 34 34 / 66 20 25 93 / 66 29 88 82,1,Country,0,Red Cross of Chad,,en,https://www.ifrc.org/national-societies-directory/red-cross-chad,
Avda Santa María 0150 - Providencia,Providencia,,-109.45588684040447,-55.97949600228231,-66.4175567630853,-55.97949600228231,-66.4175567630853,-17.498956680339234,-109.45588684040447,-17.498956680339234,-109.45588684040447,-55.97949600228231,,,,,Polygon,,-71.542969,-35.675147,Point,Santiago de Chile,,presidencia@cruzroja.cl,cruzroja@cruzroja.cl,,DCL001,46,True,,False,CL,CHL,,,,,,,,,,,,,,Chile,,(56) (2) 27834100,1,Country,1,Chilean Red Cross,http://www.cruzroja.cl/,es,https://www.ifrc.org/national-societies-directory/chilean-red-cross,http://www.cruzroja.cl
8 Beixinqiao Santiao Dongcheng District,,,73.4986389543778,18.16126556983782,134.78126373990378,18.16126556983782,134.78126373990378,53.558498751116566,73.4986389543778,53.558498751116566,73.4986389543778,18.16126556983782,,,,,Polygon,,104.195397,35.86166,Point,Beijing,,rcsc@redcross.org.cn,,,DCN001,47,True,,False,CN,CHN,,,,,,,,,,,,,,China,,(86) (10) 8402 5890,1,Country,2,Red Cross Society of China,http://www.redcross.org.cn/,en,https://www.ifrc.org/national-societies-directory/red-cross-society-china,http://www.redcross.org.cn
,,,105.53277587854234,-10.570833206263716,105.71333313007815,-10.570833206263716,105.71333313007815,-10.412070274542545,105.53277587854234,-10.412070274542545,105.53277587854234,-10.570833206263716,,,,,Polygon,,105.69044900000041,-10.447525,Point,,,,,,,325,False,,False,CX,CXR,,,,,,,,,,,,,,Christmas Island,,,1,Country,2,Australian Red Cross,,en,,
,,,,,,,,,,,,,,,,,,,,,,,,,,,,348,False,,False,,,,,,,,,,,,,,,,Clipperton Island,,,1,Country,3,French Red Cross,,en,,
,,,96.8152465816994,-12.209445000130868,96.93027496360044,-12.209445000130868,96.93027496360044,-11.819722175591078,96.8152465816994,-11.819722175591078,96.8152465816994,-12.209445000130868,,,,,Polygon,,96.87095599999988,-12.164165,Point,,,,,,,326,False,,False,CC,CCK,,,,,,,,,,,,,,Cocos (Keeling) Islands,,,1,Country,2,Australian Red Cross,,en,,
"Avenida Cra 68 N° 68 B-31, Segundo piso Bloque Sur",,,-81.72192659050228,-4.220689470595894,-66.87217752841013,-4.220689470595894,-66.87217752841013,13.387987422047376,-81.72192659050228,13.387987422047376,-81.72192659050228,-4.220689470595894,,,,,Polygon,,-74.297333,4.570868,Point,Bogotá D.C.,,presidencia@cruzrojacolombiana.org,,,DCO001,48,True,,False,CO,COL,,,,,,,,,,,,,,Colombia,,(571) 437 5300 / (571) 437 6300,1,Country,1,Colombian Red Cross Society,http://www.cruzrojacolombiana.org/,en,https://www.ifrc.org/national-societies-directory/colombian-red-cross,http://www.cruzrojacolombiana.org
Avenue de la Ligue des Etats Arabes,,,43.2157897949232,-12.413821220564516,44.5382232668242,-12.413821220564516,44.5382232668242,-11.362381934945132,43.2157897949232,-11.362381934945132,43.2157897949232,-12.413821220564516,,,,,Polygon,,43.872219,-11.875001,Point,Moroni,,crco.comorestelecom@gmail.com,,,DKM001,186,True,,False,KM,COM,,,,,,,,,,,,,,Comoros,,(269) 773 06 64,1,Country,0,The Comoros Red Crescent,,en,https://www.ifrc.org/national-societies-directory/comoros-red-crescent,http://www.cr-comorien.org
8 rue Lucien Fourneau,Face Ministère de la santé et,,11.205009460709638,-5.030539999540119,18.64983940103907,-5.030539999540119,18.64983940103907,3.703081845865304,11.205009460709638,3.703081845865304,11.205009460709638,-5.030539999540119,,,,,Polygon,,15.827659,-0.228021,Point,B.P. 4145 Brazzaville,,emiliennekoli@gmail.com,,,DCG001,184,True,,False,CG,COG,,,,,,,,,,,,,,Congo,,(242) 05 536 54 73 / (242)  6 662 0311,1,Country,0,Congolese Red Cross,,en,https://www.ifrc.org/national-societies-directory/congolese-red-cross,
,,,-165.87944030746294,-21.959087371734626,-157.32055664018722,-21.959087371734626,-157.32055664018722,-8.914978980581234,-165.87944030746294,-8.914978980581234,-165.87944030746294,-21.959087371734626,,,,,Polygon,,-159.777671,-21.236736,Point,Rarotonga,,cookis@redcross.org.ck,,,DCK001,211,True,,False,CK,COK,,,,,,,,,,,,,,Cook Islands,,(682) 22598,1,Country,2,Cook Islands Red Cross Society,,en,https://www.ifrc.org/national-societies-directory/cook-islands-red-cross-society,
"Edificio Metropolitano, Van der Mandele, Avenida 8, Calles 14-16","Edific. Administrativo Surgy Taylor, Zapote",,-87.09465026843111,5.499073981948601,-82.55139558593163,5.499073981948601,-82.55139558593163,11.21686792871467,-87.09465026843111,11.21686792871467,-87.09465026843111,5.499073981948601,,,,,Polygon,,-83.753428,9.748917,Point,San José,,presidencia@cruzroja.or.cr,,,DCR001,51,True,,False,CR,CRI,,40,Situación actual del COVID 19 en Costa Rica - Fuente Ministerio de Salud de Costa Rica,https://infogram.com/infografia-situacion-nacional-covid-19-1ho16veq1vw72nq,48,Plataforma de Información y Coordinación para la emergencia SICA COVID-19,https://infogram.com/infografia-situacion-nacional-covid-19-1ho16veq1vw72nq,49,Coronavirus COVID 19 en Costa Rica,https://www.ministeriodesalud.go.cr/index.php/centro-de-prensa/noticias/741-noticias-2020/1725-situacion-nacional-covid-19,,,,Costa Rica,,(506)2542-5000 / (506)2528-0000 / (506)2236-6587,1,Country,1,Costa Rican Red Cross,http://www.cruzroja.or.cr/,en,https://www.ifrc.org/national-societies-directory/costa-rican-red-cross,http://www.cruzroja.or.cr
"Plateau-Angle Bd Botreau Roussel,",Avenue Lamblin 01,,-8.603000917229027,4.360510350386024,-2.494104356941385,4.360510350386024,-2.494104356941385,10.736641883773864,-8.603000917229027,10.736641883773864,-8.603000917229027,4.360510350386024,,,,,Polygon,,-5.54708,7.539989,Point,Abidjan,,croixrouge_ci@yahoo.fr,,,DCI001,182,True,,False,CI,CIV,,,,,,,,,,,,,,Côte d'Ivoire,,(225) 20 32 13 35,1,Country,0,Red Cross Society of Côte d'Ivoire,http://www.croixrouge.ci/,en,https://www.ifrc.org/national-societies-directory/red-cross-society-cote-divoire,http://croixrouge.ci.over-blog.org
Ulica Crvenog kriza 14,,,13.49322575046086,42.38982528897849,19.449118181115704,42.38982528897849,19.449118181115704,46.538639068901674,13.49322575046086,46.538639068901674,13.49322575046086,42.38982528897849,,,,,Polygon,,15.2,45.1,Point,Zagreb,,redcross@hck.hr,,,DHR001,53,True,,False,HR,HRV,,,,,,,,,,,,,,Croatia,,(385) (1) 4655814,1,Country,3,Croatian Red Cross,http://www.hck.hr/,en,https://www.ifrc.org/national-societies-directory/croatian-red-cross,http://www.hck.hr/
Calle 20 #707 entre 7ma.y29 Playa,Ciudad de la Habana,,-84.95742797874402,19.828083037998645,-74.13177490206989,19.828083037998645,-74.13177490206989,23.283781051784644,-84.95742797874402,23.283781051784644,-84.95742797874402,19.828083037998645,,,,,Polygon,,-77.781167,21.521757,Point,Ciudad de la Habana,,crsn@infomed.sld.cu,susyllovet@infomed.sld.cu,,DCU001,54,True,,False,CU,CUB,,,,,,,,,,,,,,Cuba,,(53) (7) 206 10 55/206 14 03,1,Country,1,Cuban Red Cross,http://www.sld.cu/sitios/cruzroja/,en,https://www.ifrc.org/national-societies-directory/cuban-red-cross,http://www.sld.cu/sitios/cruzroja/
,,,,,,,,,,,,,,,,,,,,,,,,,,,,306,,,False,,,,,,,,,,,,,,,,"Cuba, Haiti and Dominican Republic Country Cluster",,,2,Cluster,,,,en,,
3 Kypriakou Erythrou Stavrou Street,2063 Strovolos,,32.273086547545375,34.63150024398029,34.597919464546536,34.63150024398029,34.597919464546536,35.70153808622145,32.273086547545375,35.70153808622145,32.273086547545375,34.63150024398029,,,,,Polygon,,33.429859,35.126413,Point,Nicosia,,admin@redcross.org.cy,,,DCY001,228,True,,False,CY,CYP,,,,,,,,,,,,,,Cyprus,,+357 22504400,1,Country,3,Cyprus Red Cross Society,http://www.redcross.org.cy/,en,https://www.ifrc.org/national-societies-directory/cyprus-red-cross-society,http://www.redcross.org.cy
Rozdelovská 2467/63,,,12.096195220660888,48.5429191588687,18.860097885274016,48.5429191588687,18.860097885274016,51.05888748161796,12.096195220660888,51.05888748161796,12.096195220660888,48.5429191588687,,,,,Polygon,,15.472962,49.817492,Point,Praha 6,,info@cervenykriz.eu,,,DCZ001,55,True,,False,CZ,CZE,,,,,,,,,,,,,,Czech Republic,,(420) 251 104 111(central) / 251 104 216 (International Department),1,Country,3,Czech Red Cross,http://www.cck-cr.cz/,en,https://www.ifrc.org/national-societies-directory/czech-red-cross,http://www.cervenykriz.eu
Ryonhwa 1 dong,Central District,,124.31588108590412,37.67333479226585,130.67486448904032,37.67333479226585,130.67486448904032,43.01158899011849,124.31588108590412,43.01158899011849,124.31588108590412,37.67333479226585,,,,,Polygon,,127.51009300000034,40.339852,Point,Pyongyang,,dprk-rc@star-co.net.kp,,,DKP001,193,True,,False,KP,PRK,,,,,,,,,,,,,,Democratic People's Republic of Korea,,(850) (2) 18333 / 18444 (ask for 8048),1,Country,2,Red Cross Society of the Democratic People's Republic of Korea,http://www.friend.com.kp/dprkrcs,en,https://www.ifrc.org/national-societies-directory/red-cross-society-democratic-peoples-republic-korea,http://www.friend.com.kp/dprkrcs/
"41, Avenue de la Justice",Zone de la Gombe,,12.206630330562982,-13.455676079005123,31.305912017436004,-13.455676079005123,31.305912017436004,5.386097908025405,12.206630330562982,5.386097908025405,12.206630330562982,-13.455676079005123,,,,,Polygon,,21.758664,-4.038333,Point,Kinshasa,,sgcrrdc@croixrouge-rdc.org,gloria.lombo@croixrouge-rdc.org,,DCD001,187,True,,False,CD,COD,,,,,,,,,,,,,,Democratic Republic of Congo,,(243) 822 388 209 / (243) 998 225 214,1,Country,0,Red Cross of the Democratic Republic of the Congo,https://www.croixrouge-rdc.org/,en,https://www.ifrc.org/national-societies-directory/red-cross-democratic-republic-congo,http://www.croixrouge-rdc.org
Blegdamsvej 27,,,8.076388999744895,54.559028999803076,15.193055999877018,54.559028999803076,15.193055999877018,57.75152600005231,8.076388999744895,57.75152600005231,8.076388999744895,54.559028999803076,,,,,Polygon,,9.501785,56.26392,Point,Köbenhavn Ö,,info@rodekors.dk,,,DDK001,56,True,,False,DK,DNK,,,,,,,,,,,,,,Denmark,,(0045) 35 25 92 00,1,Country,3,Danish Red Cross,http://www.drk.dk/,en,https://www.ifrc.org/national-societies-directory/danish-red-cross,http://www.rodekors.dk
Route Nationale 1,"Balbala, Cité Cheikh Osman  B.P: 8",,41.773441314384684,10.909914970257132,43.41698074307074,10.909914970257132,43.41698074307074,12.706835747012896,41.773441314384684,12.706835747012896,41.773441314384684,10.909914970257132,,,,,Polygon,,42.590275,11.825138,Point,Djibouti,,crd@intnet.dj,,,DDJ001,57,True,,False,DJ,DJI,,,,,,,,,,,,,,Djibouti,,(253) 21362328,1,Country,0,Red Crescent Society of Djibouti,http://www.cr-djib.org/,en,https://www.ifrc.org/national-societies-directory/red-crescent-society-djibouti,
National Headquarters,Federation Drive,,-61.48014068632031,15.20625114441922,-61.24013900728268,15.20625114441922,-61.24013900728268,15.640138626006202,-61.48014068632031,15.640138626006202,-61.48014068632031,15.20625114441922,,,,,Polygon,,-61.370976,15.414999,Point,"Goodwill, Roseau",,directorgeneral@redcross.dm,,,DDM001,58,True,,False,DM,DMA,,,,,,,,,,,,,,Dominica,,(001)(767) 448-8280/440-2483/615-8414/448-8280/,1,Country,1,Dominica Red Cross Society,https://www.dominicaredcross.com,en,https://www.ifrc.org/national-societies-directory/dominica-red-cross-society,https://www.dominicaredcross.com/
Calle Juan Enrique Dunant No. 51,Ens. Miraflores,,-72.00348663366617,17.470090865847443,-68.31999969460466,17.470090865847443,-68.31999969460466,19.9298591613878,-72.00348663366617,19.9298591613878,-72.00348663366617,17.470090865847443,,,,,Polygon,,-70.162651,18.735693,Point,Santo Domingo,,presidenciacrd@hotmail.com,,,DDO001,59,True,,False,DO,DOM,,,,,,,,,,,,,,Dominican Republic,,(001809) 334-4545 / 412-8207 / 238-5312,1,Country,1,Dominican Red Cross,http://www.cruzroja.org.do/,en,https://www.ifrc.org/national-societies-directory/dominican-red-cross,http://www.cruzroja.org.do/
,,,,,,,,,,,,,,,,,,,,,,,,,,,,297,,,False,,,,,,,,,,,,,,,,Dubai Country Cluster,,,2,Cluster,,,,en,,
,,,,,,,,,,,,,,,,,,,36.815185541750914,-1.293530238843115,Point,,,,,,,316,,,False,,,,,,,,,,,,,,,,East Africa Country Cluster,,,2,Cluster,0,,,en,,
Antonio Elizalde E 4-31 esq.cn,Av. Gran Colombia,,-92.00840006284761,-5.015042565802185,-75.18714655318688,-5.015042565802185,-75.18714655318688,1.68183460842923,-92.00840006284761,1.68183460842923,-92.00840006284761,-5.015042565802185,,,,,Polygon,,-78.183406,-1.831239,Point,Quito,,presidencia@cruzroja.org.ec,,,DEC001,60,True,,False,EC,ECU,,,,,,,,,,,,,,Ecuador,,00 5932 228 4806 / 00 5932 295 4587,1,Country,1,Ecuadorian Red Cross,http://www.cruzroja.org.ec/,en,https://www.ifrc.org/national-societies-directory/ecuadorian-red-cross,http://www.cruzroja.org.ec
Abd El Razek Al Sanhoury Street,"Nasr City, 8th district",,24.698099136167894,21.99999999961933,36.24293285523891,21.99999999961933,36.24293285523891,31.66734504724176,24.698099136167894,31.66734504724176,24.698099136167894,21.99999999961933,,,,,Polygon,,30.802498,26.820553,Point,Cairo,,erc@egyptianrc.org,,,DEG001,61,True,,False,EG,EGY,,,,,,,,,,,,,,Egypt,,(20) 2 26703979/81/83,1,Country,4,Egyptian Red Crescent Society,http://www.egyptianrc.org/,en,https://www.ifrc.org/national-societies-directory/egyptian-red-crescent-society,http://www.egyptianrc.org
"17 Calle Poniente y Avenida Henry Dunant,",Centro de Gobierno,,-90.12866210942316,13.14867877978399,-87.69216155981431,13.14867877978399,-87.69216155981431,14.445067405828254,-90.12866210942316,14.445067405828254,-90.12866210942316,13.14867877978399,,,,,Polygon,,-88.89653,13.794185,Point,San Salvador,,rigoberto.hernandez@cruzrojasal.org.sv,,,DSV001,62,True,,False,SV,SLV,,,,,,,,,,,,,,El Salvador,,"(503) 2222 7749, (Administración) (503) 2239 4905",1,Country,1,Salvadorean Red Cross Society,http://www.cruzrojasal.org.sv/,en,https://www.ifrc.org/national-societies-directory/salvadorean-red-cross-society,http://www.cruzrojasal.org.sv
Alcalde Albilio Balboa 92,Apartado Postal 460,,5.602366923849474,-1.45994603601117,11.335723877352201,-1.45994603601117,11.335723877352201,3.785979986191367,5.602366923849474,3.785979986191367,5.602366923849474,-1.45994603601117,,,,,Polygon,,10.267895,1.650801,Point,Malabo,,crge@orange.gq,,,DGQ001,63,True,,False,GQ,GNQ,,,,,,,,,,,,,,Equatorial Guinea,,(240) 222 27 74 98 - (240) 333 09 37 01,1,Country,0,Red Cross of Equatorial Guinea,,en,https://www.ifrc.org/national-societies-directory/red-cross-equatorial-guinea,
,,,36.43876647920403,12.359440323079017,43.148647308493125,12.359440323079017,43.148647308493125,18.00179133479903,36.43876647920403,18.00179133479903,36.43876647920403,12.359440323079017,,,,,Polygon,,39.782334,15.179384,Point,,,,,,,188,True,,False,ER,ERI,,,,,,,,,,,,,,Eritrea,,,1,Country,0,Red Cross Society of Eritrea,,en,,
Eha Street 8,,,21.773454665734572,57.50931239991909,28.214778900064672,57.50931239991909,28.214778900064672,59.68795776366889,21.773454665734572,59.68795776366889,21.773454665734572,57.50931239991909,,,,,Polygon,,25.013607,58.595272,Point,Tallinn,,info@redcross.ee,,,DEE001,64,True,,False,EE,EST,,,,,,,,,,,,,,Estonia,,(372) 64 11 644,1,Country,3,Estonian Red Cross,http://www.redcross.ee/,en,https://www.ifrc.org/national-societies-directory/estonian-red-cross,http://www.redcross.ee
National Headquarters,104 Dzeliwe Street,,30.794107436818454,-27.31710052525462,32.13726043666172,-27.31710052525462,32.13726043666172,-25.71964836086902,30.794107436818454,-25.71964836086902,30.794107436818454,-27.31710052525462,,,,,Polygon,,31.465866,-26.522503,Point,Mbabane,,thabsile@redcross.org.sz,,,DSZ001,163,True,,False,SZ,SWZ,,,,,,,,,,,,,,"Eswatini, Kingdom of",,(268) 24 042 532 / 24046 108,1,Country,0,Baphalali Eswatini Red Cross Society,,en,https://www.ifrc.org/national-societies-directory/baphalali-eswatini-red-cross-society,
Ras Desta Damtew Avenue,P.O. Box 195,,41.08749389076502,0.021048236623353,48.00201415347367,8.006641317439508,38.340911859897744,16.34780593622264,31.42501830617139,8.339226238130758,41.08749389076502,0.021048236623353,,,,,Polygon,,39.655151361666455,8.559294026448153,Point,Addis Ababa,,ercsinfo@redcrosseth.org,,,DET001,65,True,,False,ET,ETH,,,,,,,,,,,,,,Ethiopia,,(251) 115 15 90 74 / 115 51 91 44 / 115 51 91 71,1,Country,0,Ethiopian Red Cross Society,http://www.redcrosseth.org/,en,https://www.ifrc.org/national-societies-directory/ethiopian-red-cross-society,http://www.redcrosseth.org
,,,,,,,,,,,,,,,,,,,,,,,,,,,,349,False,,False,,,,,,,,,,,,,,,,Europa Island,,,1,Country,3,French Red Cross,,en,,
,,,15.952148435279232,48.42920055044177,23.40087890299265,48.45835187768109,23.247070309264025,45.660127297717864,15.974121091526307,45.552525246341425,15.952148435279232,48.42920055044177,,,,,Polygon,,19.050292966097004,47.5023589468797,Point,,,,,,,286,True,,False,,,,,,,,,,,,,,,,Europe Region,,,3,Region,3,IFRC Europe,,en,,
,,,-61.34519195548308,-52.900581360032085,-57.71248626739314,-52.900581360032085,-57.71248626739314,-51.01494598397462,-61.34519195548308,-51.01494598397462,-61.34519195548308,-52.900581360032085,,,,,Polygon,,-59.523613,-51.796253,Point,,,,,,,327,False,,False,FK,FLK,,,,,,,,,,,,,,Falkland Islands (Malvinas),,,1,Country,3,British Red Cross,,en,,
,,,-7.681248187596517,61.39493560811379,-6.258609772064273,61.39493560811379,-6.258609772064273,62.400745392011295,-7.681248187596517,62.400745392011295,-7.681248187596517,61.39493560811379,,,,,Polygon,,-6.911806,61.892635,Point,,,,,,,328,False,,False,FO,FRO,,,,,,,,,,,,,,Faroe Islands,,,1,Country,3,Danish Red Cross,,en,,
22 Gorrie Street,,,-179.99998854118687,-20.675970077346452,179.99998854118687,-20.675970077346452,179.99998854118687,-12.480115890897205,-179.99998854118687,-12.480115890897205,-179.99998854118687,-20.675970077346452,,,,,Polygon,,179.41441300000017,-16.578193,Point,Suva,,contactus@redcross.com.fj,,,DFJ001,66,True,,False,FJ,FJI,,,,,,,,,,,,,,Fiji,,(679) 3314 133,1,Country,2,Fiji Red Cross Society,http://www.redcross.com.fj/,en,https://www.ifrc.org/national-societies-directory/fiji-red-cross-society,http://www.fijiredcross.org
Tehtaankatu 1 a,,,19.31770133941296,59.72097015377901,31.580944376835273,59.72097015377901,31.580944376835273,70.09605407727854,19.31770133941296,70.09605407727854,19.31770133941296,59.72097015377901,,,,,Polygon,,25.748151,61.92411,Point,Helsinki,,info@redcross.fi,,,DFI001,67,True,,False,FI,FIN,,,,,,,,,,,,,,Finland,,(358) 20 701 2000,1,Country,3,Finnish Red Cross,http://www.redcross.fi/,en,https://www.ifrc.org/national-societies-directory/finnish-red-cross,http://www.redcross.fi
Campus Croix-Rouge française,21 rue de la Vanne,,-178.2067871091869,-50.02026367206337,172.06140136743556,-50.02026367206337,172.06140136743556,51.09281158444328,-178.2067871091869,51.09281158444328,-178.2067871091869,-50.02026367206337,,,,,Polygon,,2.213749,46.227638,Point,Montrouge,,contact@croix-rouge.fr,,,DFR001,68,True,,False,FR,FRA,,,,,,,,,,,,,,France,,"(33) (1) 44431100 (24h/24h, 7 days a week)",1,Country,3,French Red Cross,http://www.croix-rouge.fr/,en,https://www.ifrc.org/national-societies-directory/french-red-cross,http://www.croix-rouge.fr
Bureau National,Place de l'Indépendance,,8.69547081020686,-3.978806018654505,14.502346992388045,-3.978806018654505,14.502346992388045,2.322612047559743,8.69547081020686,2.322612047559743,8.69547081020686,-3.978806018654505,,,,,Polygon,,11.609444,-0.803689,Point,Libreville,,contact@croixrouge-gabon.org,,,DGA001,69,True,,False,GA,GAB,,,,,,,,,,,,,,Gabon,,+241.03.21.01.36 (Madame BOUYOU AICHA),1,Country,0,Gabonese Red Cross Society,,en,https://www.ifrc.org/national-societies-directory/gabonese-red-cross-society,www.croixrouge-gabon.org
"56 Mamadi Manyang Highway, Kanifing Industrial Area",,,-16.82507896463691,13.064251899610529,-13.797789573547073,13.064251899610529,-13.797789573547073,13.826569557595265,-16.82507896463691,13.826569557595265,-16.82507896463691,13.064251899610529,,,,,Polygon,,-15.310139,13.443182,Point,"KANIFING, The Gambia",,gambiaredcross@gmail.com,,,DGM001,70,True,,False,GM,GMB,,,,,,,,,,,,,,"Gambia, Republic of The",,(+220) 43 73 568 / 43 92 405 /  / 4396386,1,Country,0,Gambia Red Cross Society,,en,https://www.ifrc.org/national-societies-directory/gambia-red-cross-society,
71 Vazisubani St,,,40.01025193666378,41.055624590812364,46.7372578649486,41.055624590812364,46.7372578649486,43.58453938567737,40.01025193666378,43.58453938567737,40.01025193666378,41.055624590812364,,,,,Polygon,,43.356892,42.315407,Point,Tbilisi,,press@redcross.ge,,,DGE001,71,True,,False,GE,GEO,,,,,,,,,,,,,,Georgia,,(+995) (32) 2961092/2940650,1,Country,3,Red Cross Society of Georgia,http://www.redcross.ge/,en,https://www.ifrc.org/national-societies-directory/red-cross-society-georgia,http://www.redcross.ge
DRK-Generalsekretariat,Carstennstr.58,,5.86562728904842,47.27578735370879,15.03987884483886,47.27578735370879,15.03987884483886,55.05564880369217,5.86562728904842,55.05564880369217,5.86562728904842,47.27578735370879,,,,,Polygon,,10.451526,51.165691,Point,Berlin,,drk@drk.de,,,DDE001,72,True,,False,DE,DEU,,,,,,,,,,,,,,Germany,,(49) (30) 85404-0,1,Country,3,German Red Cross,http://www.drk.de/,en,https://www.ifrc.org/national-societies-directory/german-red-cross,http://www.drk.de/
Plot No 10 South Legon,Near Gulf House,,-3.255419969293448,4.736722946609075,1.19178104440284,4.736722946609075,1.19178104440284,11.173300742766077,-3.255419969293448,11.173300742766077,-3.255419969293448,4.736722946609075,,,,,Polygon,,-1.023194,7.946527,Point,Accra,,redcrossghana@yahoo.co.uk,,,DGH001,73,True,,False,GH,GHA,,,,,,,,,,,,,,Ghana,,(233) 0299370431 / 0302520397,1,Country,0,Ghana Red Cross Society,https://redcrossghana.org/,en,https://www.ifrc.org/national-societies-directory/ghana-red-cross-society,http://www.redcrossghana.org
,,,-5.357256889608725,36.11240386965631,-5.33965206150507,36.11240386965631,-5.33965206150507,36.1597976682842,-5.357256889608725,36.1597976682842,-5.357256889608725,36.11240386965631,,,,,Polygon,,-5.345374,36.137741,Point,,,,,,,241,False,,False,GI,GIB,,,,,,,,,,,,,,Gibraltar,,,1,Country,,British Red Cross,,en,,
,,,,,,,,,,,,,,,,,,,,,,,,,,,,350,False,,False,,,,,,,,,,,,,,,,Glorioso Island,,,1,Country,3,French Red Cross,,en,,
"1, Lycavittou Street",,,19.374439239083458,34.80963897703969,29.647090911768867,34.80963897703969,29.647090911768867,41.75741195699282,19.374439239083458,41.75741195699282,19.374439239083458,34.80963897703969,,,,,Polygon,,21.824312,39.074208,Point,Athens,,president@redcross.gr,pr@redcross.gr,ir@redcross.gr,DGR001,74,True,,False,GR,GRC,,,,,,,,,,,,,,Greece,,00 30 210 3646 005 HRC President's Office,1,Country,3,Hellenic Red Cross,http://www.redcross.gr/,en,https://www.ifrc.org/national-societies-directory/hellenic-red-cross,http://www.redcross.gr
,,,-73.26348876986418,59.74450683600517,-11.312314033474642,59.74450683600517,-11.312314033474642,83.62741851811484,-73.26348876986418,83.62741851811484,-73.26348876986418,59.74450683600517,,,,,Polygon,,-42.604303,71.706936,Point,,,,,,,329,False,,False,GL,GRL,,,,,,,,,,,,,,Greenland,,,1,Country,3,Danish Red Cross,,en,,
Upper Lucas Street,P.O. Box 551,,-61.802082061946564,11.98430538139586,-61.378192901443406,11.98430538139586,-61.378192901443406,12.540138244648295,-61.802082061946564,12.540138244648295,-61.802082061946564,11.98430538139586,,,,,Polygon,,-61.604171,12.262776,Point,St. George's,,team@grenadaredcross.gd,,,DGD001,75,True,,False,GD,GRD,,,,,,,,,,,,,,Grenada,,(001473) 440-1829,1,Country,1,Grenada Red Cross Society,,en,https://www.ifrc.org/national-societies-directory/grenada-red-cross-society,https://grenadaredcross.gd/
,,,144.61791992200486,13.234260559294256,144.9569396977069,13.234260559294256,144.9569396977069,13.654323577563776,144.61791992200486,13.654323577563776,144.61791992200486,13.234260559294256,,,,,Polygon,,144.7937309999997,13.444304,Point,,,,,,,330,False,,False,GU,GUM,,,,,,,,,,,,,,Guam,,,1,Country,1,American Red Cross,,en,,
3ª. Calle 8-40 Zona 1,,,-92.24149322483653,13.73730087304556,-88.23433366525522,13.73730087304556,-88.23433366525522,17.816591385606976,-92.24149322483653,17.816591385606976,-92.24149322483653,13.73730087304556,,,,,Polygon,,-90.2307590000001,15.783471,Point,"Ciudad de Guatemala, Guatemala",,direcciongeneral@cruzroja.gt,,,DGT001,76,True,,False,GT,GTM,,,,,,,,,,,,,,Guatemala,,(+502) 2381 6565,1,Country,1,Guatemalan Red Cross,https://www.cruzroja.gt/,en,https://www.ifrc.org/national-societies-directory/guatemalan-red-cross,www.cruzroja.gt
,,,-2.68248271953147,49.41278076199508,-2.163897037108557,49.41278076199508,-2.163897037108557,49.73859786976468,-2.68248271953147,49.73859786976468,-2.68248271953147,49.41278076199508,,,,,Polygon,,-2.585278,49.465691,Point,,,,,,,331,False,,False,GG,GGY,,,,,,,,,,,,,,Guernsey,,,1,Country,3,British Red Cross,,en,,
,,,-15.086256026976693,7.198825344631402,-7.638222554206813,7.198825344631402,-7.638222554206813,12.676219936041402,-15.086256026976693,12.676219936041402,-15.086256026976693,7.198825344631402,,,,,Polygon,,-9.696645,9.945587,Point,,,crgconcrgconakry@yahoo.fr,crgsecretaire.executif1@gmail.com,,DGN001,77,True,,False,GN,GIN,,,,,,,,,,,,,,Guinea,,(224) 628 68 22 00 / 622 30 23 22 / 628 68 22 01,1,Country,0,Red Cross Society of Guinea,,en,https://www.ifrc.org/national-societies-directory/red-cross-society-guinea,projet en suspend
Avenida Unidade Africana N 12,,,-16.70864262893654,10.859970093137077,-13.63652229346817,10.859970093137077,-13.63652229346817,12.680789947623532,-16.70864262893654,12.680789947623532,-16.70864262893654,10.859970093137077,,,,,Polygon,,-15.180413,11.803749,Point,Bissau,,cvgb@mail.gtelecom.gv,,,DGW001,183,True,,False,GW,GNB,,,,,,,,,,,,,,Guinea-Bissau,,(245) 95 580 39 91 / (245) 96 666 23 87,1,Country,0,Red Cross Society of Guinea-Bissau,,en,https://www.ifrc.org/national-societies-directory/red-cross-society-guinea-bissau,
Barrack Street,P.O. Box 10524,,-61.39627075183293,1.175080061363639,-56.4802513117488,1.175080061363639,-56.4802513117488,8.557566643270956,-61.39627075183293,8.557566643270956,-61.39627075183293,1.175080061363639,,,,,Polygon,,-58.93018,4.860416,Point,Georgetown,,guyanaredcross@yahoo.com,,,DGY001,79,True,,False,GY,GUY,,,,,,,,,,,,,,Guyana,,(592) 226-5174  / (592)223-8287 / (592) 227-1116,1,Country,1,Guyana Red Cross Society,http://guyanaredcross.org.gy/,en,https://www.ifrc.org/national-societies-directory/guyana-red-cross-society,http://guyanaredcross.org.gy
"Camp de Base, Avenue Maïs Gaté,","Tabarre, Route de l'Aéroport, Zone Gérald Bataille",,-74.48115539530468,18.023044585946447,-71.61335754404753,18.023044585946447,-71.61335754404753,20.08963966360798,-74.48115539530468,20.08963966360798,-74.48115539530468,18.023044585946447,,,,,Polygon,,-72.285215,18.971187,Point,Port-au-Prince,,president@croixrouge.ht,,,DHT001,80,True,,False,HT,HTI,,,,,,,,,,,,,,Haiti,,+509 4889 7918,1,Country,1,Haiti Red Cross Society,http://www.croixrouge.ht/,en,https://www.ifrc.org/national-societies-directory/haiti-red-cross-society,http://www.croixrouge.ht
,,,,,,,,,,,,,,,,,,,,,,,,,,,,351,False,,False,,,,,,,,,,,,,,,,Hala'ib triangle,,,1,Country,,,,en,,
,,,72.58264923080495,-53.19499969469732,73.87325286882196,-53.19499969469732,73.87325286882196,-52.90214538556863,72.58264923080495,-52.90214538556863,72.58264923080495,-53.19499969469732,,,,,Polygon,,73.504158,-53.08181,Point,,,,,,,332,False,,False,HM,HMD,,,,,,,,,,,,,,Heard Island and McDonald Islands,,,1,Country,2,Australian Red Cross,,en,,
,,,12.4457442001137,41.9002044002273,12.4583555001655,41.9002044002273,12.4583555001655,41.9073912001419,12.4457442001137,41.9073912001419,12.4457442001137,41.9002044002273,,,,,Polygon,,12.453389,41.902916,Point,,,,,,,274,True,,False,VA,VAT,,,,,,,,,,,,,,Holy See (Vatican City State),,,1,Country,,,,en,,
7a Calle,Entre 1a. y 2a. Avenidas,,-89.35659895958713,12.98305233018343,-83.02849061054528,12.98305233018343,-83.02849061054528,17.416867805067927,-89.35659895958713,17.416867805067927,-89.35659895958713,12.98305233018343,,,,,Polygon,,-86.241905,15.199999,Point,Comayagüela,,josejuan.castro@cruzroja.org.hn,,,DHN001,81,True,,False,HN,HND,,,,,,,,,,,,,,Honduras,,(504) 2237-1800,1,Country,1,Honduran Red Cross,http://www.cruzroja.org.hn/,en,https://www.ifrc.org/national-societies-directory/honduran-red-cross,http://www.cruzroja.org.hn
Arany János utca 31,,,16.111889521941425,45.74360819425151,22.896488769727835,45.74360819425151,22.896488769727835,48.58565521240912,16.111889521941425,48.58565521240912,16.111889521941425,45.74360819425151,,,,,Polygon,,19.503304,47.162494,Point,Budapest,,intdept@redcross.hu,,,DHU001,82,True,,False,HU,HUN,,,,,,,,,,,,,,Hungary,,(36) (1) 374-1338,1,Country,3,Hungarian Red Cross,http://www.voroskereszt.hu/,en,https://www.ifrc.org/national-societies-directory/hungarian-red-cross,http://www.redcross.hu
Efstaleiti 9,,,-24.546514510872335,63.286754608310886,-13.495815277218087,63.286754608310886,-13.495815277218087,66.56388854975833,-24.546514510872335,66.56388854975833,-24.546514510872335,63.286754608310886,,,,,Polygon,,-19.020835,64.963051,Point,Reykjavik,,info@redcross.is,,,DIS001,83,True,,False,IS,ISL,,,,,,,,,,,,,,Iceland,,(354) 5704000,1,Country,3,Icelandic Red Cross,http://www.redcross.is/,en,https://www.ifrc.org/national-societies-directory/icelandic-red-cross,www.raudikrossinn.is
,,,5.317382811760102,46.824965830301416,7.163085936503239,46.855026096111516,7.185058592750134,45.71624809839336,5.427246092994847,45.63948755447039,5.317382811760102,46.824965830301416,,,,,Polygon,,6.141357421019655,46.21523863608936,Point,,,,,,,315,,,False,,,,,,,,,,,,,,,,ICRC,,,1,Country,,ICRC,,en,,
,,,5.229492186772254,47.214437863571504,7.51464843645419,47.22936083047904,7.580566405195056,45.63948755446971,5.317382811760014,45.59338068268876,5.229492186772254,47.214437863571504,,,,,Polygon,,6.152343749143913,46.207636107126056,Point,,,,,,,289,True,,False,,,,,,,,,,,,,,,,IFRC,,,1,Country,,IFRC Geneva,,en,,
,,,,,,,,,,,,,,,,,,,,,,,,,,,,352,False,,False,,,,,,,,,,,,,,,,Ilemi triangle,,,1,Country,,,,en,,
1 Red Cross Road,,,68.18638992335966,6.754256248223446,97.39313064442355,6.754256248223446,97.39313064442355,35.5021425472278,68.18638992335966,35.5021425472278,68.18638992335966,6.754256248223446,,,,,Polygon,,78.96288,20.593684,Point,New Delhi,,ircs@indianredcross.org,,,DIN001,84,True,,False,IN,IND,,,,,,,,,,,,,,India,,(91) 11 2371 6441/2371 6442,1,Country,2,Indian Red Cross Society,http://www.indianredcross.org/,en,https://www.ifrc.org/national-societies-directory/indian-red-cross-society,http://www.indianredcross.org
,,,,,,,,,,,,,,,,,,,,,,,,,,,,317,,,False,,,,,,,,,,,,,,,,Indian Ocean Islands Country Cluster,,,2,Cluster,0,,,en,,
Indonesia Red Cross Society,Jl. Jenderal Gatot Subroto Kav. 96,,95.00933074910427,-11.00761508923542,141.0217872219064,-11.00761508923542,141.0217872219064,5.904409885814355,95.00933074910427,5.904409885814355,95.00933074910427,-11.00761508923542,,,,,Polygon,,113.921327,-0.789275,Point,Jakarta Selatan,,pmi@pmi.or.id,,,DID001,85,True,,False,ID,IDN,,,,,,,,,,,,,,Indonesia,,(62) (21) 7992325,1,Country,2,Indonesian Red Cross Society,http://www.pmi.or.id,en,https://www.ifrc.org/national-societies-directory/indonesian-red-cross-society,http://www.pmi.or.id/
the Islamic Republic of Iran,No 1362 Valiasr Avenue,,44.0318907998111,25.058749000009882,63.330556000225506,25.058749000009882,63.330556000225506,39.781650200383226,44.0318907998111,39.781650200383226,44.0318907998111,25.058749000009882,,,,,Polygon,,53.688046,32.427908,Point,Tehran,,intdep@rcs.ir,,,DIR001,203,True,,False,IR,IRN,,,,,,,,,,,,,,"Iran, Islamic Republic of",,(98) (21)886 626 18/9,1,Country,4,Red Crescent Society of the Islamic Republic of Iran,http://www.rcs.ir/,en,https://www.ifrc.org/national-societies-directory/red-crescent-society-islamic-republic-iran,
Al-Mansour,Opposite to Iraqi Physicians Association,,38.79167407636874,29.061214408337513,48.62775202639617,29.061214408337513,48.62775202639617,37.381329429500795,38.79167407636874,37.381329429500795,38.79167407636874,29.061214408337513,,,,,Polygon,,43.679291,33.223191,Point,Baghdad,,relations.dept@ircs.org.iq,,,DIQ001,87,True,,False,IQ,IRQ,,,,,,,,,,,,,,Iraq,,+96 7704621141,1,Country,4,Iraqi Red Crescent Society,https://en.ircs.org.iq/,en,https://www.ifrc.org/national-societies-directory/iraqi-red-crescent-society,http://www.ircs.org.iq
"16, Merrion Square",,,-10.618123054434792,51.4245452882794,-6.002381801591707,51.4245452882794,-6.002381801591707,55.436504364038214,-10.618123054434792,55.436504364038214,-10.618123054434792,51.4245452882794,,,,,Polygon,,-8.24389,53.41291,Point,Dublin,,info@redcross.ie,,,DIE001,88,True,,False,IE,IRL,,,,,,,,,,,,,,Ireland,,(353) (1) 642 4600(reception),1,Country,3,Irish Red Cross Society,http://www.redcross.ie/,en,https://www.ifrc.org/national-societies-directory/irish-red-cross-society,http://www.redcross.ie
,,,-4.830180644632357,54.04463958722093,-4.311500072267693,54.04463958722093,-4.311500072267693,54.4197311400588,-4.830180644632357,54.4197311400588,-4.830180644632357,54.04463958722093,,,,,Polygon,,-4.548056,54.236107,Point,,,,,,,333,False,,False,IM,IMN,,,,,,,,,,,,,,Isle of Man,,,1,Country,3,British Red Cross,,en,,
60 Yigal Alon Street,,,34.2674788082169,29.49152918897017,35.997284951128634,29.49152918897017,35.997284951128634,33.35808447975907,34.2674788082169,33.35808447975907,34.2674788082169,29.49152918897017,,,,,Polygon,,34.851612,31.046051,Point,Tel Aviv,,rc@mda.org.il,,,DIL001,222,True,,False,IL,ISR,,,,,,,,,,,,,,Israel,,(972)(3) 630-1460/1,1,Country,3,Magen David Adom in Israel,http://www.mdais.org/,en,https://www.ifrc.org/national-societies-directory/israel-magen-david-adom-israel,https://www.mdais.org/en/
"Via Toscana, 12",,,6.627265799931045,35.49295210000462,18.52114969991024,35.49295210000462,18.52114969991024,47.09214620022907,6.627265799931045,47.09214620022907,6.627265799931045,35.49295210000462,,,,,Polygon,,12.56738,41.87194,Point,Roma,,segreteria.presidente@cri.it,sg@cri.it,,DIT001,89,True,,False,IT,ITA,,,,,,,,,,,,,,Italy,,(39) (06) 4759 6218 / (39)(06) 5510 0500,1,Country,3,Italian Red Cross,http://www.cri.it/,en,https://www.ifrc.org/national-societies-directory/italian-red-cross,http://www.cri.it/
,,,,,,,,,,,,,,,,,,,,,,,,,,,,301,,,False,,,,,,,,,,,,,,,,Jakarta Country Cluster,,,2,Cluster,,,,en,,
"Central Village, St Catherine",76 Arnold Road,,-78.36663818378807,17.703554153042194,-76.18032073959522,17.703554153042194,-76.18032073959522,18.52697563167561,-78.36663818378807,18.52697563167561,-78.36663818378807,17.703554153042194,,,,,Polygon,,-77.297508,18.109581,Point,Kingston 4,,jrcs@jamaicaredcross.org,,,DJM001,90,True,,False,JM,JAM,,,,,,,,,,,,,,Jamaica,,(1) (876) 984 7860/7861/7862,1,Country,1,Jamaica Red Cross,https://www.jamaicaredcross.org/,en,https://www.ifrc.org/national-societies-directory/jamaica-red-cross,http://www.jamaicaredcross.org
1-3 Shiba Daimon,1-Chome,,122.93850707972274,24.036466598900514,153.98522949258557,24.036466598900514,153.98522949258557,45.52313613865477,122.93850707972274,45.52313613865477,122.93850707972274,24.036466598900514,,,,,Polygon,,138.2529240000004,36.204824,Point,Tokyo,,kokusai@jrc.or.jp,,,DJP001,91,True,,False,JP,JPN,,,,,,,,,,,,,,Japan,,(81) (3) 3437 7087,1,Country,2,Japanese Red Cross Society,http://www.jrc.or.jp/,en,https://www.ifrc.org/national-societies-directory/japanese-red-cross-society,http://www.jrc.or.jp
,,,-2.260019064111653,49.16983032202845,-2.022094011533148,49.16983032202845,-2.022094011533148,49.265060425047665,-2.260019064111653,49.265060425047665,-2.260019064111653,49.16983032202845,,,,,Polygon,,-2.13125,49.214439,Point,,,,,,,334,False,,False,JE,JEY,,,,,,,,,,,,,,Jersey,,,1,Country,3,British Red Cross,,en,,
"Building no 147, Prince Hasan Street",Al Ashrafyah,,34.96001050819715,29.185036877307354,39.30116653448037,29.185036877307354,39.30116653448037,33.37653137931281,34.96001050819715,33.37653137931281,34.96001050819715,29.185036877307354,,,,,Polygon,,36.238414,30.585164,Point,Amman,,info@jnrcs.org,,,DJO001,92,True,,False,JO,JOR,,,,,,,,,,,,,,Jordan,,(962) (6) 477 3141,1,Country,4,Jordan National Red Crescent Society,http://jnrcs.org/en,en,https://www.ifrc.org/national-societies-directory/jordan-national-red-crescent-society,
,,,,,,,,,,,,,,,,,,,,,,,,,,,,353,False,,False,,,,,,,,,,,,,,,,Juan de Nova Island,,,1,Country,3,French Red Cross,,en,,
86 Kunayev str.,,,46.4918561288705,40.59111138308679,87.31265884201565,40.59111138308679,87.31265884201565,55.43181159750911,46.4918561288705,55.43181159750911,46.4918561288705,40.59111138308679,,,,,Polygon,,66.923684,48.019573,Point,Almaty,,info@redcrescent.kz,,,DKZ001,201,True,,False,KZ,KAZ,,,,,,,,,,,,,,Kazakhstan,,+7(727) 2367623;,1,Country,3,Red Crescent Society of the Republic of Kazakhstan,http://www.redcrescent.kz/,en,https://www.ifrc.org/national-societies-directory/kazakh-red-crescent,https://redcrescent.kz/en/home/
Nairobi South C,Red Cross Road,,33.911830902195476,-4.702270507681252,41.89907836949817,-4.702270507681252,41.89907836949817,4.619999885955556,33.911830902195476,4.619999885955556,33.911830902195476,-4.702270507681252,,,,,Polygon,,37.906193,-0.023559,Point,Nairobi,,info@redcross.or.ke,,,DKE001,93,True,,False,KE,KEN,,,,,,,,,,,,,,Kenya,,(254)(20) 395 0000 / (254)(20) 703 037 000,1,Country,0,Kenya Red Cross Society,https://www.redcross.or.ke/,en,https://www.ifrc.org/national-societies-directory/kenya-red-cross-society,http://www.redcross.or.ke
P.O. Box 213,Bikenibeu,,-174.2397120996533,-11.43533245215988,176.84983983675895,-11.43533245215988,176.84983983675895,4.721304781343855,-174.2397120996533,4.721304781343855,-174.2397120996533,-11.43533245215988,,,,,Polygon,,-168.73403900000028,-3.370417,Point,Tarawa,,m_namane@hotmail.com,u.taniera@gmail.com,info@krcs.org.ki,DKI001,94,True,,False,KI,KIR,,,,,,,,,,,,,,Kiribati,,(686) 255 01/260 19,1,Country,2,Kiribati Red Cross Society,,en,https://www.ifrc.org/national-societies-directory/kiribati-red-cross-society,
,,,21.802368161027843,41.83682785594143,19.973144528469657,41.83682785594143,19.97863769253142,43.28120445945734,21.81884765321315,43.28120445945734,21.802368161027843,41.83682785594143,,,,,Polygon,,20.902977,42.602636,Point,,,,,,,335,False,,False,XK,XKX,,,,,,,,,,,,,,Kosovo,,,1,Country,3,The Red Cross of Serbia,,en,,
,,,,,,,,,,,,,,,,,,,,,,,,,,,,354,False,,False,,,,,,,,,,,,,,,,Kuril islands,,,1,Country,3,The Russian Red Cross Society,,en,,
P.O.Box 1359,Safat Code No 13014,,46.55711321950426,28.524614334419162,48.43146784701041,28.524614334419162,48.43146784701041,30.103699000110957,46.55711321950426,30.103699000110957,46.55711321950426,28.524614334419162,,,,,Polygon,,47.481766,29.31166,Point,Kuwait,,krcs@krcs.org.kw,,,DKW001,97,True,,False,KW,KWT,,,,,,,,,,,,,,Kuwait,,+965 24818084/24818085,1,Country,4,Kuwait Red Crescent Society,http://www.krcs.org.kw/,en,https://www.ifrc.org/national-societies-directory/kuwait-red-crescent-society,http://www.krcs.org.kw
"10, Erkindik Avenue",,,69.27731776209299,39.173952612864,80.28317882711711,39.173952612864,80.28317882711711,43.23823434779098,69.27731776209299,43.23823434779098,69.27731776209299,39.173952612864,,,,,Polygon,,74.766098,41.20438,Point,Bishkek,,info@redcrescent.kg,,,DKG001,98,True,,False,KG,KGZ,,,,,,,,,,,,,,Kyrgyzstan,,(996) (312) 300190 / (996)  (312) 300154,1,Country,3,Red Crescent Society of Kyrgyzstan,http://www.krc.kg/,en,https://www.ifrc.org/national-societies-directory/red-crescent-society-kyrgyzstan,http://www.redcrescent.kg
Impasse XiengNhune,Avenue Sethathirad,,100.08172621081724,13.906733635707774,107.69702148443905,13.906733635707774,107.69702148443905,22.505187008979313,100.08172621081724,22.505187008979313,100.08172621081724,13.906733635707774,,,,,Polygon,,102.495496,19.85627,Point,Vientiane,,international@laoredcross.org.la,,,DLA001,99,True,,False,LA,LAO,,,,,,,,,,,,,,Lao People's Democratic Republic,,(856) (21) 216 610 / (856) (21) 214504,1,Country,2,Lao Red Cross,http://www.laoredcross.org.la/,en,https://www.ifrc.org/national-societies-directory/lao-red-cross,
Sarlotes street 1D,,,20.970669399981276,55.674663100003976,28.241665400161573,55.674663100003976,28.241665400161573,58.085568799897615,20.970669399981276,58.085568799897615,20.970669399981276,55.674663100003976,,,,,Polygon,,24.603189,56.879635,Point,Riga,,secretariat@redcross.lv,uldis.likops@redcross.lv,agnese.trofimova@redcross.lv,DLV001,100,True,,False,LV,LVA,,,,,,,,,,,,,,Latvia,,(371) 6733 66 51,1,Country,3,Latvian Red Cross,http://www.redcross.lv/lv/,en,https://www.ifrc.org/national-societies-directory/latvian-red-cross,http://www.redcross.lv
Kontari,Spears Street,,35.10262673997171,33.054999101549285,36.625347734220476,33.054999101549285,36.625347734220476,34.69190533176849,35.10262673997171,34.69190533176849,35.10262673997171,33.054999101549285,,,,,Polygon,,35.862285,33.854721,Point,Beyrouth,,redcross@redcross.org.lb,sg-assistant@redcross.org.lb,,DLB001,101,True,,False,LB,LBN,,,,,,,,,,,,,,Lebanon,,(961) (1) 372802/3/4/5/166 (ext 300 or 110),1,Country,4,Lebanese Red Cross,http://www.redcross.org.lb/,en,https://www.ifrc.org/national-societies-directory/lebanese-red-cross,http://www.redcross.org.lb
23 Mabile Road,Old Europa,,27.02906799302219,-30.6689643860888,29.465761184547194,-30.6689643860888,29.465761184547194,-28.57205772386795,27.02906799302219,-28.57205772386795,27.02906799302219,-30.6689643860888,,,,,Polygon,,28.233608,-29.609988,Point,Maseru,,redcross@redcross.org.ls,,,DLS001,102,True,,False,LS,LSO,,,,,,,,,,,,,,Lesotho,,(266) 223 13 911,1,Country,0,Lesotho Red Cross Society,http://www.redcross.org.ls/,en,https://www.ifrc.org/national-societies-directory/lesotho-red-cross-society,http://www.redcross.org.ls
,,,,,,,,,,,,,,,,,,,,,,,,,,,,355,False,,False,,,,,,,,,,,,,,,,Liancourt Rocks,,,1,Country,2,The Republic of Korea National Red Cross,,en,,
National  Headquarters,107 Lynch Street,,-11.502158372946566,4.354004310564092,-7.367793530632622,4.354004310564092,-7.367793530632622,8.55249686618988,-11.502158372946566,8.55249686618988,-11.502158372946566,4.354004310564092,,,,,Polygon,,-9.429499,6.428055,Point,Monrovia,,sayba.tamba@liberian-redcross.org,,,DLR001,103,True,,False,LR,LBR,,,,,,,,,,,,,,Liberia,,(231) 88-646 3607,1,Country,0,Liberian Red Cross Society,,en,https://www.ifrc.org/national-societies-directory/liberian-red-cross-society,
,,,9.387020110795739,19.508043288971386,25.150619507407715,19.508043288971386,25.150619507407715,33.16541378055222,9.387020110795739,33.16541378055222,9.387020110795739,19.508043288971386,,,,,Polygon,,17.228331,26.3351,Point,,,inter.relation@lrc.org.ly,,,DLY001,204,True,,False,LY,LBY,,,,,,,,,,,,,,Libya,,(218) (61) 909 5202/909 5152/908 1582,1,Country,4,Libyan Red Crescent,https://lrc.org.ly/,en,https://www.ifrc.org/national-societies-directory/libyan-red-crescent,https://lrc.org.ly/
Zollstrasse 56,,,9.472480773903394,47.04828582609569,9.632189750950515,47.04828582609569,9.632189750950515,47.273220452476686,9.472480773903394,47.273220452476686,9.472480773903394,47.04828582609569,,,,,Polygon,,9.555373,47.166,Point,Vaduz,,info@roteskreuz.li,,,DLI001,105,True,,False,LI,LIE,,,,,,,,,,,,,,Liechtenstein,,(423)  222 01 30,1,Country,3,Liechtenstein Red Cross,http://www.roteskreuz.li/,en,https://www.ifrc.org/national-societies-directory/liechtenstein-red-cross,http://www.roteskreuz.li
Konstitucijos pr. 7A,,,21.048198700003205,53.9013023374413,26.87194252042663,53.9013023374413,26.87194252042663,56.45041299977236,21.048198700003205,56.45041299977236,21.048198700003205,53.9013023374413,,,,,Polygon,,23.881275,55.169438,Point,Vilnius,,info@redcross.lt,,,DLT001,106,True,,False,LT,LTU,,,,,,,,,,,,,,Lithuania,,+370 659 71 598,1,Country,3,Lithuanian Red Cross Society,http://www.redcross.lt/,en,https://www.ifrc.org/national-societies-directory/lithuanian-red-cross-society,https://redcross.lt/
"44, bd. Joseph II",,,5.73454999884507,49.44657516496102,6.52846002547393,49.44657516496102,6.52846002547393,50.184951782382285,5.73454999884507,50.184951782382285,5.73454999884507,49.44657516496102,,,,,Polygon,,6.129583,49.815273,Point,Luxembourg,,siege@croix-rouge.lu,,,DLU001,107,True,,False,LU,LUX,,,,,,,,,,,,,,Luxembourg,,(352) 27552000,1,Country,3,Luxembourg Red Cross,http://www.croix-rouge.lu/,en,https://www.ifrc.org/national-societies-directory/luxembourg-red-cross,http://www.croix-rouge.lu/
,,,,,,,,,,,,,,,,,,,,,,,,,,,,279,False,,False,MO,MAC,,,,,,,,,,,,,,Macao,,,1,Country,,Macau Red Cross,http://www.redcross.org.mo/,en,,
Maison de la Croix-Rouge Malagasy,"1, rue Patrice Lumumba",,43.18819400034932,-25.6062500002499,50.48652700035161,-25.6062500002499,50.48652700035161,-11.948750000314034,43.18819400034932,-11.948750000314034,43.18819400034932,-25.6062500002499,,,,,Polygon,,46.869107,-18.766947,Point,Antananarivo,,contact@crmada.org,,,DMG001,109,True,,False,MG,MDG,,,,,,,,,,,,,,Madagascar,,(261) 32 03 221 11,1,Country,0,Malagasy Red Cross Society,,en,https://www.ifrc.org/national-societies-directory/malagasy-red-cross-society,https://www.croixrougemalagasy.mg/
Red Cross House,Presidential Way,,32.67395019489056,-17.12500000002266,35.91682052629,-17.12500000002266,35.91682052629,-9.367516993737887,32.67395019489056,-9.367516993737887,32.67395019489056,-17.12500000002266,,,,,Polygon,,34.301525,-13.254308,Point,Lilongwe,,mrcs@redcross.mw,,,DMW001,110,True,,False,MW,MWI,,,,,,,,,,,,,,Malawi,,(265-1) 775 590,1,Country,0,Malawi Red Cross Society,https://www.redcross.mw/,en,https://www.ifrc.org/national-societies-directory/malawi-red-cross-society,
National Headquarters Complex,Lot PT54 Section 69 Jalan Lengkok Belfield,,99.64344024622723,0.855220020062827,119.26750183088637,0.855220020062827,119.26750183088637,7.36340713500546,99.64344024622723,7.36340713500546,99.64344024622723,0.855220020062827,,,,,Polygon,,101.97576599999978,4.210484,Point,Kuala Lumpur,,secgen@redcrescent.org.my,,,DMY001,111,True,,False,MY,MYS,,,,,,,,,,,,,,Malaysia,,(60) (3) 2143 8122 / 2144 9227 / 2143 6122 / 2143 7122,1,Country,2,Malaysian Red Crescent Society,http://www.redcrescent.org.my/,en,https://www.ifrc.org/national-societies-directory/malaysian-red-crescent-society,http://www.redcrescent.org.my
"2nd Floor, Plot number 11493, Mirihi Magu, Hulhumale’, Maldives",,,72.63819122310073,-0.703194021979493,73.76041412323943,-0.703194021979493,73.76041412323943,7.106529235522699,72.63819122310073,7.106529235522699,72.63819122310073,-0.703194021979493,,,,,Polygon,,73.22068,3.202778,Point,Male,,info@redcrescent.org.mv,,,DMV001,227,True,,False,MV,MDV,,,,,,,,,,,,,,Maldives,,+960 334 1009,1,Country,2,Maldivian Red Crescent,http://www.redcrescent.org.mv/,en,https://www.ifrc.org/national-societies-directory/maldivian-red-crescent,http://www.redcrescent.org.mv
Djélibougou,"Rue 261, Porte 02",,-12.242609977716038,10.159513473906092,4.244967937174146,10.159513473906092,4.244967937174146,25.00000000038881,-12.242609977716038,25.00000000038881,-12.242609977716038,10.159513473906092,,,,,Polygon,,-3.996166,17.570692,Point,Bamako,,crmalienne@croixrouge-mali.org,,,DML001,112,True,,False,ML,MLI,,,,,,,,,,,,,,Mali,,(+223) 20 24 45 69,1,Country,0,Mali Red Cross,,en,https://www.ifrc.org/national-societies-directory/mali-red-cross,http://www.croixrouge-mali.org
104 St Ursula Street,,,14.185962551990226,35.808762005692806,14.572008008125175,35.808762005692806,14.572008008125175,36.08049195688586,14.185962551990226,36.08049195688586,14.185962551990226,35.808762005692806,,,,,Polygon,,14.375416,35.937496,Point,Valletta,,dg@redcross.org.mt,,,DMT001,113,True,,False,MT,MLT,,,,,,,,,,,,,,Malta,,(356) 21222645/21221022/27221022,1,Country,3,Malta Red Cross Society,http://www.redcross.org.mt/,en,https://www.ifrc.org/national-societies-directory/malta-red-cross-society,http://www.redcross.org.mt
,,,160.79527282729515,4.572501182837632,172.1726074222943,4.572501182837632,172.1726074222943,14.72318839999608,160.79527282729515,14.72318839999608,160.79527282729515,4.572501182837632,,,,,Polygon,,171.1844779999996,7.131474,Point,Majuro,,info@rmiredcross.org,,,DMH001,212,True,,False,MH,MHL,,,,,,,,,,,,,,Marshall Islands,,+692 625-0340,1,Country,2,Marshall Islands Red Cross Society,,en,https://www.ifrc.org/national-societies-directory/marshall-islands-red-cross-society,https://marshallredcross.org/
Avenue Gamal Abdel Nasser,,,-17.066520690685696,14.715545653871118,-4.827673912001696,14.715545653871118,-4.827673912001696,27.298072815196427,-17.066520690685696,27.298072815196427,-17.066520690685696,14.715545653871118,,,,,Polygon,,-10.940835,21.00789,Point,Nouakchott,,crm@toptechnology.mr,sn_crm@yahoo.fr,m.raby06@yahoo.fr,DMR001,114,True,,False,MR,MRT,,,,,,,,,,,,,,Mauritania,,(222)  525 12 49/659 24 10/525 12 49,1,Country,0,Mauritanian Red Crescent,,en,https://www.ifrc.org/national-societies-directory/mauritanian-red-crescent,
Ste. Thérèse Street,,,56.58569335892631,-20.525693893566935,63.50347137436906,-20.525693893566935,63.50347137436906,-10.337081909367045,56.58569335892631,-10.337081909367045,56.58569335892631,-20.525693893566935,,,,,Polygon,,57.552152,-20.348404,Point,Curepipe,,mrcs@mauritiusredcross.org,,,DMU001,115,True,,False,MU,MUS,,,,,,,,,,,,,,Mauritius,,(230) 670 02 76/670 12 74,1,Country,0,Mauritius Red Cross Society,http://www.redcrossmauritius.org/,en,https://www.ifrc.org/national-societies-directory/mauritius-red-cross-society,http://www.mauritiusredcross.org
,,,-14.062499998042485,37.85750715175043,69.43359374033483,37.57941250895838,69.96093749026102,13.410994032488468,-20.039062497210878,14.944784873054447,-14.062499998042485,37.85750715175043,,,,,Polygon,,36.21093749495906,33.72433965759612,Point,,,,,,,287,True,,False,,,,,,,,,,,,,,,,MENA Region,,,3,Region,4,IFRC MENA,,en,,
Juan Luis Vives 200 - 2,Polanco I Alcaldía Miguel Hidalgo,,-118.36539078919478,14.533274618070617,-86.71031200928964,14.533274618070617,-86.71031200928964,32.718658400033256,-118.36539078919478,32.718658400033256,-118.36539078919478,14.533274618070617,,,,,Polygon,,-102.55278400000022,23.634501,Point,"Ciudad de México, México",,,,,DMX001,116,True,,False,MX,MEX,,,,,,,,,,,,,,Mexico,,+52 55 10 84 9000   +52 55 1084 4505   +52 55 1084 4510,1,Country,1,Mexican Red Cross,http://www.cruzrojamexicana.org.mx/,en,https://www.ifrc.org/national-societies-directory/mexican-red-cross,https://www.cruzrojamexicana.org.mx
Kaselehlie Main St.,,,137.4252777099873,1.025277018984312,163.03555297880183,1.025277018984312,163.03555297880183,10.090623855658011,137.4252777099873,10.090623855658011,137.4252777099873,1.025277018984312,,,,,Polygon,,150.5508120000003,7.425554,Point,Pohnpei State,,mrcs@mail.fm,,,DFM001,195,True,,False,FM,FSM,,,,,,,,,,,,,,"Micronesia, Federated States of",,(691) 3207077,1,Country,2,Micronesia Red Cross,,en,https://www.ifrc.org/national-societies-directory/micronesia-red-cross,
Gh. Asachi 67A,,,26.62280402004027,45.46929986019119,30.16374295796629,45.46929986019119,30.16374295796629,48.49195878935587,26.62280402004027,48.49195878935587,26.62280402004027,45.46929986019119,,,,,Polygon,,28.369885,47.411631,Point,Chisinau,,redcross.md@gmail.com,,,DMD001,202,True,,False,MD,MDA,,,,,,,,,,,,,,"Moldova, Republic of",,(37322) 72 96 44/72 58 24,1,Country,3,Red Cross Society of the Republic of Moldova,http://www.redcross.md/,en,https://www.ifrc.org/national-societies-directory/red-cross-society-republic-moldova,
"27, Boulevard de Suisse",,,7.409527302202127,43.72263717630046,7.440415858873531,43.72263717630046,7.440415858873531,43.7508888246061,7.409527302202127,43.7508888246061,7.409527302202127,43.72263717630046,,,,,Polygon,,7.412841,43.750298,Point,Monte Carlo,,redcross@croix-rouge.mc,,,DMC001,117,True,,False,MC,MCO,,,,,,,,,,,,,,Monaco,,(377) 97 97 68 00,1,Country,3,Red Cross of Monaco,http://www.croix-rouge.mc/,en,https://www.ifrc.org/national-societies-directory/red-cross-monaco,http://www.croix-rouge.mc
"MRCS Building, Peace Street,",1st Khoroo,,87.73903579057854,41.58140052833237,119.93251558878595,41.58140052833237,119.93251558878595,52.1542480828952,87.73903579057854,52.1542480828952,87.73903579057854,41.58140052833237,,,,,Polygon,,103.84665599999954,46.862496,Point,Ulaanbaatar,,info@redcross.mn,,,DMN001,194,True,,False,MN,MNG,,,,,,,,,,,,,,Mongolia,,,1,Country,2,Mongolian Red Cross Society,http://www.redcross.mn/,en,https://www.ifrc.org/national-societies-directory/mongolian-red-cross-society,http://www.redcross.mn
Jovana Tomasevica 6,,,18.433981275667083,41.84791564934216,20.35818672139432,41.84791564934216,20.35818672139432,43.55870136335163,18.433981275667083,43.55870136335163,18.433981275667083,41.84791564934216,,,,,Polygon,,19.37439,42.708678,Point,Podgorica,,ckcg@t-com.me,,,DME001,270,True,,False,ME,MNE,,,,,,,,,,,,,,Montenegro,,00382 20 241 819,1,Country,3,Red Cross of Montenegro,http://www.ckcg.co.me/,en,https://www.ifrc.org/national-societies-directory/red-cross-montenegro,http://www.ckcg.me
,,,-62.242584228732994,16.671007156110583,-62.146419525465724,16.671007156110583,-62.146419525465724,16.817329406364653,-62.242584228732994,16.817329406364653,-62.242584228732994,16.671007156110583,,,,,Polygon,,-62.187366,16.742498,Point,,,,,,,336,False,,False,MS,MSR,,,,,,,,,,,,,,Montserrat,,,1,Country,1,British Red Cross,,en,,
Palais Mokri,Takaddoum,,-13.168585777330716,27.662115097275816,-0.99174189545133,27.662115097275816,-0.99174189545133,35.9280166628142,-13.168585777330716,35.9280166628142,-13.168585777330716,27.662115097275816,,,,,Polygon,,-7.09262,31.791702,Point,Rabat,,crm@menara.ma,,,DMA001,119,True,,False,MA,MAR,,,,,,,,,,,,,,Morocco,,(212) (5) 3765 3549 / (212) (5) 3775 8099,1,Country,4,Moroccan Red Crescent,,en,https://www.ifrc.org/national-societies-directory/moroccan-red-crescent,https://mrcs.org.ma/
,,,,,,,,,,,,,,,,,,,,,,,,,,,,311,,,False,,,,,,,,,,,,,,,,Moscow Country Cluster,,,2,Cluster,,,,en,,
"Avenida Agostinho Neto, 284",,,30.217319488522612,-26.868684769058518,40.84062576285796,-26.868684769058518,40.84062576285796,-10.472198486109816,30.217319488522612,-10.472198486109816,30.217319488522612,-26.868684769058518,,,,,Polygon,,35.529562,-18.665695,Point,Maputo,,cvm@redcross.org.mz,,,DMZ001,120,True,,False,MZ,MOZ,,,,,,,,,,,,,,Mozambique,,(258) 82 3012251/2,1,Country,0,Mozambique Red Cross Society,https://www.redcross.org.mz/,en,https://www.ifrc.org/national-societies-directory/mozambique-red-cross-society,http://www.redcross.org.mz
Myanmar Red Cross Society (Headquarters),"Raza Thingaha Road, Dekhinathiri",,92.1727470974022,9.671252101881597,101.16989157374503,9.671252101881597,101.16989157374503,28.545538861614897,92.1727470974022,28.545538861614897,92.1727470974022,9.671252101881597,,,,,Polygon,,95.956223,21.913965,Point,Nay Pyi Taw,,,,,DMM001,121,True,,False,MM,MMR,,,,,,,,,,,,,,Myanmar,,"(95)(67) 419041, 419046",1,Country,2,Myanmar Red Cross Society,https://www.redcross.org.mm/,en,https://www.ifrc.org/national-societies-directory/myanmar-red-cross-society,http://www.redcross.org.mm/
No 2128 Independance Avenue,,,11.734862327262222,-28.971429824776223,25.256700515467024,-28.971429824776223,25.256700515467024,-16.95989036539232,11.734862327262222,-16.95989036539232,11.734862327262222,-28.971429824776223,,,,,Polygon,,18.49041,-22.95764,Point,Windhoek,,enquiries@redcross.org.na,,,DNA001,122,True,,False,NA,NAM,,,,,,,,,,,,,,Namibia,,(264) (61) 413 750,1,Country,0,Namibia Red Cross,http://www.redcross.org.na/,en,https://www.ifrc.org/national-societies-directory/namibia-red-cross,
,,,166.9095306392,-0.554311991154835,166.959335327134,-0.554311991154835,166.959335327134,-0.502065002664577,166.9095306392,-0.502065002664577,166.9095306392,-0.554311991154835,,,,,Polygon,,166.931503,-0.522778,Point,,,,,,,251,True,,False,NR,NRU,,,,,,,,,,,,,,Nauru,,,1,Country,,,,en,,
,,,,,,,,,,,,,,,,,,,,,,,,,,,,356,False,,False,,,,,,,,,,,,,,,,Navassa Island,,,1,Country,,,,en,,
Red Cross Marg,Kalimati,,80.05628204363373,26.356710434207788,88.1993255613532,26.356710434207788,88.1993255613532,30.449676198757658,80.05628204363373,30.449676198757658,80.05628204363373,26.356710434207788,,,,,Polygon,,84.124008,28.394857,Point,Kathmandu,,info@nrcs.org,,,DNP001,123,True,,False,NP,NPL,,,,,,,,,,,,,,Nepal,,(977) (1) 4272 761,1,Country,2,Nepal Red Cross Society,http://www.nrcs.org/,en,https://www.ifrc.org/national-societies-directory/nepal-red-cross-society,https://nrcs.org/
Anna van Saksenlaan 50,,,-70.06113433795242,11.97819519060053,7.227938174764092,11.97819519060053,7.227938174764092,53.555149078488995,-70.06113433795242,53.555149078488995,-70.06113433795242,11.97819519060053,,,,,Polygon,,5.291266,52.132633,Point,The Hague,,contactcenter@redcross.nl,,,DNL001,124,True,,False,NL,NLD,,,,,,,,,,,,,,Netherlands,,(31) (70) 4455666,1,Country,3,The Netherlands Red Cross,http://www.rodekruis.nl/,en,https://www.ifrc.org/national-societies-directory/netherlands-red-cross,https://www.rodekruis.nl/
,,,,,,,,,,,,,,,,,,,,,,,,,,,,299,,,False,,,,,,,,,,,,,,,,New Delhi Country Cluster,,,2,Cluster,,,,en,,
69 Molesworth Street,P.O. Box 12140,,163.12499528343375,-48.118019368693375,179.3847622472831,-47.97929218093277,179.8242153722156,-33.49151602891991,163.56444974947914,-33.6379877067451,163.12499528343375,-48.118019368693375,,,,,Polygon,,174.885971,-40.900557,Point,Wellington,,communications@redcross.org.nz,,,DNZ001,125,True,,False,NZ,NZL,,,,,,,,,,,,,,New Zealand,,+644-471-8250,1,Country,2,New Zealand Red Cross,http://www.redcross.org.nz/,en,https://www.ifrc.org/national-societies-directory/new-zealand-red-cross,redcross.org.nz
Reparto Belmonte,"Carretera Sur, Km 7",,-87.69083349948133,10.70754268675013,-82.73458199969153,10.70754268675013,-82.73458199969153,15.029746354374048,-87.69083349948133,15.029746354374048,-87.69083349948133,10.70754268675013,,,,,Polygon,,-85.207229,12.865416,Point,Managua,,asistentepresidencia@humanidad.org.ni,,,DNI001,126,True,,False,NI,NIC,,,,,,,,,,,,,,Nicaragua,,(505) 2265 1428/265 1582,1,Country,1,Nicaraguan Red Cross,https://cruzrojanicaraguense.org/,en,https://www.ifrc.org/national-societies-directory/nicaraguan-red-cross,http://cruzrojanicaraguense.org
"No 655, rue NB 045,","Niamey Bas Terminus, 2ème Arrondissement",,0.166250004991192,11.696974754116399,15.99564266249413,11.696974754116399,15.99564266249413,23.525028228718373,0.166250004991192,23.525028228718373,0.166250004991192,11.696974754116399,,,,,Polygon,,8.081666,17.607789,Point,Niamey,,crniger@intnet.ne,,,DNE001,127,True,,False,NE,NER,,,,,,,,,,,,,,Niger,,(227) 20 73 30 37,1,Country,0,Red Cross Society of Niger,,en,https://www.ifrc.org/national-societies-directory/red-cross-society-niger,
National Headquarters,Plot 589 T.O.S. Benson Street,,2.668431997696031,4.277143955165124,14.680072784691125,4.277143955165124,14.680072784691125,13.89200687422211,2.668431997696031,13.89200687422211,2.668431997696031,4.277143955165124,,,,,Polygon,,8.675277,9.081999,Point,Abuja,,admin@redcrossnigeria.org,nigerianredcross2003@yahoo.com,,DNG001,128,True,,False,NG,NGA,,,,,,,,,,,,,,Nigeria,,(234) 803 713 33 45 / 803 473 62 00 / 805 456 67 03,1,Country,0,Nigerian Red Cross Society,https://www.redcrossnigeria.org/,en,https://www.ifrc.org/national-societies-directory/nigerian-red-cross-society,http://www.redcrossnigeria.org
,,,-169.951004027977,-19.1521930695245,-169.775177001995,-19.1521930695245,-169.775177001995,-18.9510688778803,-169.951004027977,-18.9510688778803,-169.951004027977,-19.1521930695245,,,,,Polygon,,-169.867233,-19.054445,Point,,,,,,,253,True,,False,NU,NIU,,,,,,,,,,,,,,Niue,,,1,Country,,,,en,,
,,,167.91278961571973,-29.126842326707106,167.9964077793815,-29.126842326707106,167.9964077793815,-29.00241592789963,167.91278961571973,-29.00241592789963,167.91278961571973,-29.126842326707106,,,,,Polygon,,167.95471199999983,-29.040835,Point,,,,,,,337,False,,False,NF,NFK,,,,,,,,,,,,,,Norfolk Island,,,1,Country,2,Australian Red Cross,,en,,
,,,,,,,,,,,,,,,,,,,,,,,,,,,,319,,,False,,,,,,,,,,,,,,,,North America and Mexico Country Cluster,,,2,Cluster,1,,,en,,
,,,144.88607788057328,14.107358932188015,146.08122253450517,14.107358932188015,146.08122253450517,20.542798996257186,144.88607788057328,20.542798996257186,144.88607788057328,14.107358932188015,,,,,Polygon,,145.38468999999967,17.33083,Point,,,,,,,338,False,,False,MP,MNP,,,,,,,,,,,,,,Northern Mariana Islands,,,1,Country,1,American Red Cross,,en,,
No. 13 Blvd. Kocho Racin,,,20.452422195570904,40.85419837597428,23.03409428239081,40.85419837597428,23.03409428239081,42.374482476419,20.452422195570904,42.374482476419,20.452422195570904,40.85419837597428,,,,,Polygon,,21.745275,41.608635,Point,Skopje,,mrc@redcross.org.mk,,,DMK001,108,True,,False,MK,MKD,,,,,,,,,,,,,,North Macedonia,,(389) 23 114 355,1,Country,3,Red Cross of the Republic of North Macedonia,https://ckrm.org.mk/en/home/,en,https://www.ifrc.org/national-societies-directory/red-cross-republic-north-macedonia,www.redcross.org.mk
P.O. Box 1 Gronland,,,-9.079889297886321,57.96657943736347,33.49709320108851,57.96657943736347,33.49709320108851,80.83405303960777,-9.079889297886321,80.83405303960777,-9.079889297886321,57.96657943736347,,,,,Polygon,,8.468946,60.472024,Point,Oslo,,post@redcross.no,,,DNO001,129,True,,False,NO,NOR,,,,,,,,,,,,,,Norway,,(47) 22054000,1,Country,3,Norwegian Red Cross,http://www.redcross.no/,en,https://www.ifrc.org/national-societies-directory/norwegian-red-cross,http://www.redcross.no
,,,52.000025472177,16.6555938795036,59.8365797627461,16.6555938795036,59.8365797627461,26.3879662443286,52.000025472177,26.3879662443286,52.000025472177,16.6555938795036,,,,,Polygon,,55.923255,21.512583,Point,,,,,,,258,True,,False,OM,OMN,,,,,,,,,,,,,,Oman,,,1,Country,,,,en,,
National Headquarter,Sector H-8,,60.87859747476938,23.694683074706525,77.83396708839007,23.694683074706525,77.83396708839007,37.08942389857181,60.87859747476938,37.08942389857181,60.87859747476938,23.694683074706525,,,,,Polygon,,69.345116,30.375321,Point,Islamabad,,info@prcs.org.pk,,,DPK001,131,True,,False,PK,PAK,,,,,,,,,,,,,,Pakistan,,(92) (51) 9250404 - 7,1,Country,2,Pakistan Red Crescent,http://www.prcs.org.pk/,en,https://www.ifrc.org/national-societies-directory/pakistan-red-crescent,http://www.prcs.org.pk
,,,131.79153006048858,2.884362598685025,134.72138977037153,2.884362598685025,134.72138977037153,8.09416675597715,131.79153006048858,8.09416675597715,131.79153006048858,2.884362598685025,,,,,Polygon,,134.58252000000036,7.51498,Point,,,iinfo@palauredcross.org,,,DPW001,130,True,,False,PW,PLW,,,,,,,,,,,,,,Palau,,+680 488 5780 / +680-488 5781,1,Country,2,Palau Red Cross Society,http://palauredcross.org/,en,https://www.ifrc.org/national-societies-directory/palau-red-cross-society,
Ramallah  - Jerusalem St.,,,34.21874078074897,31.219531867630682,35.575448491355345,31.219531867630682,35.575448491355345,32.55208676459709,34.21874078074897,32.55208676459709,34.21874078074897,31.219531867630682,,,,,Polygon,,35.233154,31.952162,Point,Al Bireh,,info@palestinercs.org,,,DPS001,205,True,,False,PS,PSE,,,,,,,,,,,,,,Palestine,,(972)(2) 297 85 20,1,Country,4,Palestine Red Crescent Society,http://www.palestinercs.org/,en,https://www.ifrc.org/national-societies-directory/palestine-red-crescent-society,http://www.palestinercs.org
"Albrook, Areas Revertidas",Calle Jorge Bolívar Alemán Estévez,,-83.05144500677719,7.202359000130873,-77.16585510665173,7.202359000130873,-77.16585510665173,9.647361000179162,-83.05144500677719,9.647361000179162,-83.05144500677719,7.202359000130873,,,,,Polygon,,-80.782127,8.537981,Point,Panamá,,crpanama@cruzroja.org.pa,,,DPA001,132,True,,False,PA,PAN,,84,"NEWSLETTER - Migration Programme (October, 2023 - ENG)",https://prddsgofilestorage.blob.core.windows.net/api/event-featured-documents/file/2023-10_Oct_Newsletter_ENG.pdf,,,,,,,,,,Panama,,(507) 315-1429 / 1389,1,Country,1,Red Cross Society of Panama,https://www.cruzroja.org.pa/,en,https://www.ifrc.org/national-societies-directory/red-cross-society-panama,http://www.cruzroja.org.pa
Peturu Street,Taurama Road,,140.8423597042483,-11.655379999939823,157.03777999994497,-11.655379999939823,157.03777999994497,-0.75583299962602,140.8423597042483,-0.75583299962602,140.8423597042483,-11.655379999939823,,,,,Polygon,,143.95554999999968,-6.314993,Point,Port Moresby,,snianfop.pngrcs@gmail.com,kunjilsharon@gmail.com,,DPG001,133,True,,False,PG,PNG,,,,,,,,,,,,,,Papua New Guinea,,(675) 325 8755 / 325 7016 /  325 8759 /  325 8579,1,Country,2,Papua New Guinea Red Cross Society,http://www.redcross.org.pg/,en,https://www.ifrc.org/national-societies-directory/papua-new-guinea-red-cross-society,
,,,,,,,,,,,,,,,,,,,,,,,,,,,,357,False,,False,,,,,,,,,,,,,,,,Paracel Islands,,,1,Country,2,Red Cross Society of China,,en,,
Brasil 216 esq. José Berges,,,-62.64500427288495,-27.60873794526671,-54.25935363751207,-27.60873794526671,-54.25935363751207,-19.289560318343003,-62.64500427288495,-19.289560318343003,-62.64500427288495,-27.60873794526671,,,,,Polygon,,-58.443832,-23.442503,Point,Asunción,,presidencia@cruzroja.org.py,,,DPY001,134,True,,False,PY,PRY,,,,,,,,,,,,,,Paraguay,,(595) (985) 493664,1,Country,1,Paraguayan Red Cross,http://www.cruzroja.org.py/,en,https://www.ifrc.org/national-societies-directory/paraguayan-red-cross,http://www.cruzroja.org.py
Av. Arequipa N° 1285,,,-81.32674408035511,-18.349727630799666,-68.67798614527938,-18.349727630799666,-68.67798614527938,-0.012977043618816,-81.32674408035511,-0.012977043618816,-81.32674408035511,-18.349727630799666,,,,,Polygon,,-75.015152,-9.189967,Point,Lima,,contacto@cruzroja.org.pe,,,DPE001,135,True,,False,PE,PER,,,,,,,,,,,,,,Peru,,(51) (1) 266 0481,1,Country,1,Peruvian Red Cross,http://www.cruzroja.org.pe/,en,https://www.ifrc.org/national-societies-directory/peruvian-red-cross,http://www.cruzroja.org.pe
37 Edsa Corner Boni Avenue,Mandaluyong City,,116.92833709751758,4.586939811331372,126.60534667978914,4.586939811331372,126.60534667978914,21.070140838402903,116.92833709751758,21.070140838402903,116.92833709751758,4.586939811331372,,,,,Polygon,,121.77401699999963,12.879721,Point,Metro Manila,,prc@redcross.org.ph,,,DPH001,136,True,,False,PH,PHL,,,,,,,,,,,,,,Philippines,,,1,Country,2,Philippine Red Cross,http://www.redcross.org.ph/,en,https://www.ifrc.org/national-societies-directory/philippine-red-cross,http://www.redcross.org.ph
,,,-130.74604797401346,-25.077522277726427,-124.77285003660177,-25.077522277726427,-124.77285003660177,-23.917270660761826,-130.74604797401346,-23.917270660761826,-130.74604797401346,-25.077522277726427,,,,,Polygon,,-127.43930800000038,-24.703615,Point,,,,,,,256,False,,False,PN,PCN,,,,,,,,,,,,,,Pitcairn,,,1,Country,,,,en,,
ul. Mokotowska 14,,,14.122988701229279,49.00200695063471,24.145837562189193,49.00200695063471,24.145837562189193,54.83913803081089,14.122988701229279,54.83913803081089,14.122988701229279,49.00200695063471,,,,,Polygon,,19.145136,51.919438,Point,Warszawa,,head.office@pck.org.pl,,,DPL001,199,True,,False,PL,POL,,,,,,,,,,,,,,Poland,,(48) (22) 3261 286,1,Country,3,Polish Red Cross,http://www.pck.org.pl/,en,https://www.ifrc.org/national-societies-directory/polish-red-cross,http://www.pck.org.pl
"Jardim 9 de Abril, 1 a 5",,,-31.26574706996689,30.13889884979015,-6.182690143437004,30.13889884979015,-6.182690143437004,42.14564514148484,-31.26574706996689,42.14564514148484,-31.26574706996689,30.13889884979015,,,,,Polygon,,-8.224454,39.399872,Point,Lisboa,,internacional@cruzvermelha.org.pt,,,DPT001,138,True,,False,PT,PRT,,,,,,,,,,,,,,Portugal,,(351) 213 913 900/213 913 924 (International Department),1,Country,3,Portuguese Red Cross,http://www.cruzvermelha.org.pt,en,https://www.ifrc.org/national-societies-directory/portuguese-red-cross,https://www.facebook.com/cruzvermelhaportuguesa.oficial
,,,-67.95137380701232,17.881240732776536,-65.22098291019763,17.881240732776536,-65.22098291019763,18.515968726586546,-67.95137380701232,18.515968726586546,-67.95137380701232,17.881240732776536,,,,,Polygon,,-66.590149,18.220833,Point,,,,,,,257,False,,False,PR,PRI,,,,,,,,,,,,,,Puerto Rico,,,1,Country,,American Red Cross,,en,,
Old Slata - Corniche,,,50.75723266640584,24.46282568378482,52.427585531613396,24.46282568378482,52.427585531613396,26.177585601735455,50.75723266640584,26.177585601735455,50.75723266640584,24.46282568378482,,,,,Polygon,,51.183884,25.354826,Point,,,info@qrcs.org.qa,,,DQA001,139,True,,False,QA,QAT,,,,,,,,,,,,,,Qatar,,+974 44027777,1,Country,4,Qatar Red Crescent Society,http://www.qrcs.org.qa/,en,https://www.ifrc.org/national-societies-directory/qatar-red-crescent-society,http://www.qrcs.org.qa/ar/Pages/default.aspx
"145 Sopa-Ro, Jung-Gu",,,124.60813775783157,33.1061096191687,130.92321777383336,33.1061096191687,130.92321777383336,38.61244171685169,124.60813775783157,38.61244171685169,124.60813775783157,33.1061096191687,,,,,Polygon,,127.766922,35.907757,Point,Seoul,,international@redcross.or.kr,,,DKR001,192,True,,False,KR,KOR,,,,,,,,,,,,,,Republic of Korea,,(82) (2) 3705 3661/2/3/4,1,Country,2,The Republic of Korea National Red Cross,http://www.redcross.or.kr/,en,https://www.ifrc.org/national-societies-directory/republic-korea-national-red-cross,http://www.redcross.or.kr
"29, Biserica Amzei Street",Sector 1,,20.264395802790595,43.6272926333249,29.69104780346079,43.6272926333249,29.69104780346079,48.262973785300474,20.264395802790595,48.262973785300474,20.264395802790595,43.6272926333249,,,,,Polygon,,24.96676,45.943161,Point,Bucarest,,crr@crucearosie.ro,,,DRO001,141,True,,False,RO,ROU,,,,,,,,,,,,,,Romania,,(40) (21) 317 6006,1,Country,3,Romanian Red Cross,http://www.crucearosie.ro/,en,https://www.ifrc.org/national-societies-directory/romanian-red-cross,http://www.crucearosie.ro/.
Cheryomushkinsky Proezd 5,,,-179.99998854118684,41.1846927994356,179.99998854118684,41.1846927994356,179.99998854118684,81.8573696976817,-179.99998854118684,81.8573696976817,-179.99998854118684,41.1846927994356,,,,,Polygon,,105.31875599999974,61.52401,Point,Moscow,,mail@redcross.ru,international@redcross.ru,,DRU001,142,True,,False,RU,RUS,,,,,,,,,,,,,,Russian Federation,,(7) (499) 126 75 71 / 126 0190 /126 76 11 (International Department),1,Country,3,Russian Red Cross,http://www.redcross.ru/,en,https://www.ifrc.org/national-societies-directory/russian-red-cross-society,http://www.redcross.ru/
B.P. 425,,,28.856794357472143,-2.839272000437998,30.8959579467266,-2.839272000437998,30.8959579467266,-1.053481102324217,28.856794357472143,-1.053481102324217,28.856794357472143,-2.839272000437998,,,,,Polygon,,29.873888,-1.940278,Point,Kigali,,rrcs@rwandaredcross.org,,,DRW001,143,True,,False,RW,RWA,,,,,,,,,,,,,,Rwanda,,(250) 255 105 260,1,Country,0,Rwandan Red Cross,http://www.rwandaredcross.org/,en,https://www.ifrc.org/national-societies-directory/rwandan-red-cross,
,,,,,,,,,,,,,,,,,,,,,,,,,,,,295,,,False,,,,,,,,,,,,,,,,Sahel Country Cluster,,,2,Cluster,,,,en,,
,,,-14.421230231651428,-40.37063217186428,-5.638752937396031,-40.37063217186428,-5.638752937396031,-7.887814998338099,-14.421230231651428,-7.887814998338099,-14.421230231651428,-40.37063217186428,,,,,Polygon,,-10.030696,-24.143474,Point,,,,,,,262,False,,False,SH,SHN,,,,,,,,,,,,,,Saint Helena,,,1,Country,,British Red Cross,,en,,
National Headquarters,Horsford Road,,-62.8695602416723,17.095342636163828,-62.543266296729236,17.095342636163828,-62.543266296729236,17.420118331958832,-62.8695602416723,17.420118331958832,-62.8695602416723,17.095342636163828,,,,,Polygon,,-62.782998,17.357822,Point,Basseterre,,skbredcr@sisterisles.kn,,,DKN001,177,True,,False,KN,KNA,,,,,,,,,,,,,,Saint Kitts and Nevis,,1 (869) 465-2584,1,Country,1,Saint Kitts and Nevis Red Cross Society,,en,https://www.ifrc.org/national-societies-directory/saint-kitts-and-nevis-red-cross-society,
P.O. Box 271,General Post Office,,-61.08013916023822,13.707082748210322,-60.86986160297308,13.707082748210322,-60.86986160297308,14.110417366108349,-61.08013916023822,14.110417366108349,-61.08013916023822,13.707082748210322,,,,,Polygon,,-60.978893,13.909444,Point,Castries,,saintluredcross@gmail.com,,,DLC001,178,True,,False,LC,LCA,,,,,,,,,,,,,,Saint Lucia,,(1) (758) 452-5582,1,Country,1,Saint Lucia Red Cross,https://www.saintluciaredcross.org/,en,https://www.ifrc.org/national-societies-directory/saint-lucia-red-cross,
Halifax Street,Ministry of Education,,-61.45925521888391,12.581010818590734,-61.11388015719423,12.581010818590734,-61.11388015719423,13.37783432013077,-61.45925521888391,13.37783432013077,-61.45925521888391,12.581010818590734,,,,,Polygon,,-61.287228,12.984305,Point,St Vincent WI,,info.svgrcs@redcross.vc,,,DVC001,179,True,,False,VC,VCT,,,,,,,,,,,,,,Saint Vincent and the Grenadines,,(1) (784) 456 1888,1,Country,1,Saint Vincent and the Grenadines Red Cross,,en,https://www.ifrc.org/national-societies-directory/saint-vincent-and-grenadines-red-cross,
P.O. Box 1616,,,-172.80412292509743,-14.077220916729456,-171.3977050778334,-14.077220916729456,-171.3977050778334,-13.439808845665691,-172.80412292509743,-13.439808845665691,-172.80412292509743,-14.077220916729456,,,,,Polygon,,-172.10462900000027,-13.759029,Point,Apia,,samoaredcross@samoa.ws,,,DWS001,147,True,,False,WS,WSM,,,,,,,,,,,,,,Samoa,,(685) 23686,1,Country,2,Samoa Red Cross Society,http://www.redcross.org.ws/,en,https://www.ifrc.org/national-societies-directory/samoa-red-cross-society,
Via Scialoja no 12,,,12.403267556838568,43.89370020000489,12.516009456846955,43.89370020000489,12.516009456846955,43.9920930000876,12.403267556838568,43.9920930000876,12.403267556838568,43.89370020000489,,,,,Polygon,,12.457777,43.94236,Point,Cailungo,,crs@omniway.sm,,,DSM001,260,True,,False,SM,SMR,,,,,,,,,,,,,,San Marino,,(37) (8) 994360,1,Country,3,Red Cross of the Republic of San Marino,https://www.crs.sm/,en,https://www.ifrc.org/national-societies-directory/red-cross-republic-san-marino,
"Avenida  Marginal 12 de Julho, No.11",,,6.470170021147095,-0.014003994928178,7.466373920479879,-0.014003994928178,7.466373920479879,1.701323032604475,6.470170021147095,1.701323032604475,6.470170021147095,-0.014003994928178,,,,,Polygon,,6.613081,0.18636,Point,Sao Tomé,,cvstp@cstome.net,,,DST001,185,True,,False,ST,STP,,,,,,,,,,,,,,Sao Tome and Principe,,(239) 222 24 69,1,Country,0,Sao Tome and Principe Red Cross,,en,https://www.ifrc.org/national-societies-directory/sao-tome-and-principe-red-cross,http://www.cruzvermelha-stop.org
"King Fahd Road,",Al Sahafa District,,34.495685800711925,16.37951413642988,55.666697416068736,16.37951413642988,55.666697416068736,32.15432299994635,34.495685800711925,32.15432299994635,34.495685800711925,16.37951413642988,,,,,Polygon,,45.079162,23.885942,Point,Riyadh,,inr@srca.org.sa,,,DSA001,149,True,,False,SA,SAU,,,,,,,,,,,,,,Saudi Arabia,,+966 11 2805555,1,Country,4,Saudi Red Crescent Authority,http://www.srcs.org.sa/,en,https://www.ifrc.org/national-societies-directory/saudi-red-crescent-authority,https://www.srca.org.sa/
,,,,,,,,,,,,,,,,,,,,,,,,,,,,358,False,,False,,,,,,,,,,,,,,,,Scarborough Reef,,,1,Country,,,,en,,
"3, Boulevard Franklin Roosevelt",,,-17.53014755272232,12.3072795864674,-11.355890273946386,12.3072795864674,-11.355890273946386,16.691629409579026,-17.53014755272232,16.691629409579026,-17.53014755272232,12.3072795864674,,,,,Polygon,,-14.452362,14.497401,Point,Dakar,,crsnational@orange.sn,,,DSN001,150,True,,False,SN,SEN,,,,,,,,,,,,,,Senegal,,(221) 33 823 39 92,1,Country,0,Senegalese Red Cross Society,,en,https://www.ifrc.org/national-societies-directory/senegalese-red-cross-society,
,,,,,,,,,,,,,,,,,,,,,,,,,,,,359,False,,False,,,,,,,,,,,,,,,,Senkaku Islands,,,1,Country,2,Japanese Red Cross Society,,en,,
Simina 19,,,18.85095150225749,42.2322225853651,23.005271666718336,42.2322225853651,23.005271666718336,46.18944687479041,18.85095150225749,46.18944687479041,18.85095150225749,42.2322225853651,,,,,Polygon,,21.005859,44.016521,Point,Belgrade,,serbia@redcross.org.rs,indep@redcross.org.rs,,DRS001,271,True,,False,RS,SRB,,,,,,,,,,,,,,Serbia,,+381 11 3032125/3032127/3032129(general) (381) (11) 2621574(secretariat) (381) (11) 3281086 (international Relations Department),1,Country,3,Red Cross of Serbia,http://www.redcross.org.rs/,en,https://www.ifrc.org/national-societies-directory/red-cross-serbia,https://www.redcross.org.rs
Providence Industrial Estate,Zone 18,,46.20291519165644,-10.227359772097179,56.29492187525046,-10.227359772097179,56.29492187525046,-3.712637900960195,46.20291519165644,-3.712637900960195,46.20291519165644,-10.227359772097179,,,,,Polygon,,55.491977,-4.679574,Point,Mahe,,hqredcross@ymail.com,,,DSC001,151,True,,False,SC,SYC,,,,,,,,,,,,,,Seychelles,,(248) 437 4543 / 437 4544,1,Country,0,Seychelles Red Cross Society,,en,https://www.ifrc.org/national-societies-directory/seychelles-red-cross-society,http://www.seychellesredcross.sc
6 Liverpool Street,P.O. Box 427,,-13.307630539300964,6.92868900274685,-10.27062555310471,6.92868900274685,-10.27062555310471,10.000432968033081,-13.307630539300964,10.000432968033081,-13.307630539300964,6.92868900274685,,,,,Polygon,,-11.779889,8.460555,Point,Freetown,,slrcshq@sierraleoneredcross.org,,,DSL001,152,True,,False,SL,SLE,,,,,,,,,,,,,,Sierra Leone,,(232) (22) 222 384 / (232) (76) 517 519,1,Country,0,Sierra Leone Red Cross Society,http://sierraleoneredcross.org/,en,https://www.ifrc.org/national-societies-directory/sierra-leone-red-cross-society,http://www.sierraleoneredcross.org
6 Fort Canning Road,#02-01 YWCA,,103.61666870108398,1.166389942415425,104.08580017058542,1.166389942415425,104.08580017058542,1.471387982375671,103.61666870108398,1.471387982375671,103.61666870108398,1.166389942415425,,,,,Polygon,,103.81983600000022,1.352083,Point,Singapore,,enquiry@redcross.sg,,,DSG001,153,True,,False,SG,SGP,,,,,,,,,,,,,,Singapore,,(65) 6664 0500,1,Country,2,Singapore Red Cross Society,http://www.redcross.org.sg/,en,https://www.ifrc.org/national-societies-directory/singapore-red-cross-society,http://www.redcross.sg
Grösslingova 24,,,16.847740173217936,47.72810745267717,22.56681914099982,47.72810745267717,22.56681914099982,49.60315322876611,16.847740173217936,49.60315322876611,16.847740173217936,47.72810745267717,,,,,Polygon,,19.699024,48.669026,Point,Bratislava 1,,sekretariat@redcross.sk,,,DSK001,154,True,,False,SK,SVK,,,,,,,,,,,,,,Slovakia,,(421) (2) 57 10 23 21 Headquarters,1,Country,3,Slovak Red Cross,http://www.redcross.sk/,en,https://www.ifrc.org/national-societies-directory/slovak-red-cross,http://www.redcross.sk
Mirje 19,,,13.375469600063683,45.421379391511216,16.60265102929914,45.421379391511216,16.60265102929914,46.87791442873087,13.375469600063683,46.87791442873087,13.375469600063683,45.421379391511216,,,,,Polygon,,14.995463,46.151241,Point,Ljubljana,,rdeci.kriz@rks.si,,,DSI001,155,True,,False,SI,SVN,,,,,,,,,,,,,,Slovenia,,(386) (1) 2414300,1,Country,3,Slovenian Red Cross,http://www.rks.si/,en,https://www.ifrc.org/national-societies-directory/slovenian-red-cross,http://www.rks.si/
,,,155.39250183082342,-12.308334350507504,170.1925048829354,-12.308334350507504,170.1925048829354,-4.445219993301555,155.39250183082342,-4.445219993301555,155.39250183082342,-12.308334350507504,,,,,Polygon,,160.15619399999963,-9.64571,Point,,,dissemination@redcross.org.sb,,,DSB001,156,True,,False,SB,SLB,,,,,,,,,,,,,,Solomon Islands,,(677) 22682/25999,1,Country,2,The Solomon Islands Red Cross,,en,https://www.ifrc.org/national-societies-directory/solomon-islands-red-cross,
Nairobi Liaison Office,c/o International Committee of the Red Cross,,40.98863200042329,-1.662053108516619,51.413032531997835,-1.662053108516619,51.413032531997835,11.985202789112943,40.98863200042329,11.985202789112943,40.98863200042329,-1.662053108516619,,,,,Polygon,,46.199616,5.152149,Point,,,info.bishacas@africaonline.co.ke,,,DSO001,157,True,,False,SO,SOM,,,,,,,,,,,,,,Somalia,,+254(20)713367/8/9/70+ 254(20)2713367+ 254(20)2723963 Ext 2038/2039/2098,1,Country,0,Somali Red Crescent Society,,en,https://www.ifrc.org/national-societies-directory/somali-red-crescent-society,
"103 11th Street, Parkmore,",Sandton 2196,,16.458021163628096,-46.978931426698395,38.000465393393675,-46.978931426698395,38.000465393393675,-22.126611709711913,16.458021163628096,-22.126611709711913,16.458021163628096,-46.978931426698395,,,,,Polygon,,22.937506,-30.559482,Point,Pretoria,,redcross@redcross.org.za,,,DZA001,158,True,,False,ZA,ZAF,,,,,,,,,,,,,,South Africa,,+27 10 020 2516,1,Country,0,The South African Red Cross Society,http://www.redcross.org.za/,en,https://www.ifrc.org/national-societies-directory/south-african-red-cross-society,http://www.redcross.org.za
,,,,,,,,,,,,,,,,,,,,,,,,,,,,304,,,False,,,,,,,,,,,,,,,,South America Country Cluster,,,2,Cluster,1,,,en,,
,,,,,,,,,,,,,,,,,,,,,,,,,,,,312,,,False,,,,,,,,,,,,,,,,South Caucasus Country Cluster,,,2,Cluster,,,,en,,
,,,,,,,,,,,,,,,,,,,,,,,,,,,,291,,,False,,,,,,,,,,,,,,,,Southern Africa Country Cluster,,,2,Cluster,0,,,en,,
,,,,,,,,,,,,,,,,,,,,,,,,,,,,303,,,False,,,,,,,,,,,,,,,,Southern Cone Country Cluster,,,2,Cluster,,,,en,,
,,,-41.815616607916326,-59.48427963255179,-26.22931480366086,-59.48427963255179,-26.22931480366086,-53.64688110366142,-41.815616607916326,-53.64688110366142,-41.815616607916326,-59.48427963255179,,,,,Polygon,,-36.587909,-54.429579,Point,,,,,,,339,False,,False,GS,SGS,,,,,,,,,,,,,,South Georgia and the South Sandwich Island,,,1,Country,3,British Red Cross,,en,,
Area Munuki Plot No 4,,,24.151927947576052,3.486389875125939,35.94770050045718,3.486389875125939,35.94770050045718,12.237671851703716,24.151927947576052,12.237671851703716,24.151927947576052,3.486389875125939,,,,,Polygon,,30.294728071441508,7.331935053362995,Point,Juba,,john.lobor@southsudanredcross.org,nora.aketo@southsudanredcross.org,,DSS001,290,True,,False,SS,SSD,,,,,,,,,,,,,,South Sudan,,(00211) 955 06 33 66,1,Country,0,South Sudan Red Cross,https://www.ssdredcross.org/,en,https://www.ifrc.org/national-societies-directory/south-sudan-red-cross,https://www.ssdredcross.org/
Avda. Reina Victoria 26,,,-18.16963767967771,27.638818740634193,4.315392016947917,27.638818740634193,4.315392016947917,43.79172134425561,-18.16963767967771,43.79172134425561,-18.16963767967771,27.638818740634193,,,,,Polygon,,-3.74922,40.463667,Point,Madrid,,registro@cruzroja.es,informa@cruzroja.es,,DES001,159,True,,False,ES,ESP,,,,,,,,,,,,,,Spain,,(34) (91) 335 44 44 / 91 522 22 22 (Emergencias) / 91 335 45 45,1,Country,3,Spanish Red Cross,http://www.cruzroja.es/,en,https://www.ifrc.org/national-societies-directory/spanish-red-cross,http://www.cruzroja.es
,,,,,,,,,,,,,,,,,,,,,,,,,,,,360,False,,False,,,,,,,,,,,,,,,,Spratly Islands,,,1,Country,,,,en,,
Red Cross Tower,"No. 106, Dharmapala Mawatha",,79.65088634986608,5.919002330288883,81.87896936059961,5.919002330288883,81.87896936059961,9.835367049650593,79.65088634986608,9.835367049650593,79.65088634986608,5.919002330288883,,,,,Polygon,,80.771797,7.873054,Point,"Colombo 07, 00700",,president@redcross.lk,directorgeneral@redcross.lk,info@redcross.lk,DLK001,160,True,,False,LK,LKA,,,,,,,,,,,,,,Sri Lanka,,(9411) 2691095 | (9411) 5388710,1,Country,2,Sri Lanka Red Cross Society,http://www.redcross.lk/,en,https://www.ifrc.org/national-societies-directory/sri-lanka-red-cross-society,http://www.redcross.lk
P.O. Box 235 Al Mak Nimir Street/Gamhouria Street,Plot No 1 Bock No 4,,21.8131571470207,8.64454777999526,38.58256707512287,8.64454777999526,38.58256707512287,22.91319274908588,21.8131571470207,22.91319274908588,21.8131571470207,8.64454777999526,,,,,Polygon,,30.217636,12.862807,Point,East Khartoum,,info@srcs.sd,,,DSD001,161,True,,False,SD,SDN,,,,,,,,,,,,,,Sudan,,(249) 183 772 011/ 183 741 913,1,Country,0,Sudanese Red Crescent,http://www.srcs.sd/,en,https://www.ifrc.org/national-societies-directory/sudanese-red-crescent,http://srcs.sd/ar/arabic/index.php
Gravenberch Straat 2 - 6,P.O. Box 2919,,-58.08656311056997,1.831145048438001,-53.977493286046126,1.831145048438001,-53.977493286046126,6.004546165430132,-58.08656311056997,6.004546165430132,-58.08656311056997,1.831145048438001,,,,,Polygon,,-56.027783,3.919305,Point,Paramaribo,,surcross@sr.net,,,DSR001,180,True,,False,SR,SUR,,,,,,,,,,,,,,Suriname,,(597) 498 520; 498 530; 498 445; 498410,1,Country,1,Suriname Red Cross,,en,https://www.ifrc.org/national-societies-directory/suriname-red-cross,
,,,,,,,,,,,,,,,,,,,,,,,,,,,,302,,,False,,,,,,,,,,,,,,,,Suva Country Cluster,,,2,Cluster,,,,en,,
Hornsbergsvägen17,,,10.986734390217864,55.33712387075819,24.163282394052523,55.33712387075819,24.163282394052523,69.06249999987214,10.986734390217864,69.06249999987214,10.986734390217864,55.33712387075819,,,,,Polygon,,18.643501,60.128161,Point,Stockholm,,info@redcross.se,,,DSE001,164,True,,False,SE,SWE,,,,,,,,,,,,,,Sweden,,(46) (8) 4524600,1,Country,3,Swedish Red Cross,http://www.redcross.se/,en,https://www.ifrc.org/national-societies-directory/swedish-red-cross,http://www.redcross.se
Rainmattstrasse 10,,,5.95606327045885,45.8179949998984,10.492838859361534,45.8179949998984,10.492838859361534,47.808695259698354,5.95606327045885,47.808695259698354,5.95606327045885,45.8179949998984,,,,,Polygon,,8.227512,46.818188,Point,Bern,,info@redcross.ch,,,DCH001,165,True,,False,CH,CHE,,,,,,,,,,,,,,Switzerland,,+41 58 400 41 11   (Siège CRS),1,Country,3,Swiss Red Cross,http://www.redcross.ch/,en,https://www.ifrc.org/national-societies-directory/swiss-red-cross,http://www.redcross.ch
Abu Rummaneh - Shakib Arslan Street,,,35.58714059119083,32.311670895736285,42.37444296219354,32.311670895736285,42.37444296219354,37.31914520251868,35.58714059119083,37.31914520251868,35.58714059119083,32.311670895736285,,,,,Polygon,,38.996815,34.802075,Point,Damascus,,sarchq@sarc-sy.org,sarc@net.sy,,DSY001,206,True,,False,SY,SYR,,34,SARC - Semi Annual Report 2019 English Version,http://sarc.sy/app/uploads/2019/05/Semi-Annual-2019-En.pdf,35,SARC - Semi Annual Report 2019 Arabic Version,http://sarc.sy/ar/%D8%A7%D9%84%D8%AA%D9%82%D8%B1%D9%8A%D8%B1-%D9%86%D8%B5%D9%81-%D8%A7%D9%84%D8%B3%D9%86%D9%88%D9%8A-%D9%84%D9%85%D9%86%D8%B8%D9%85%D8%A9-%D8%A7%D9%84%D9%87%D9%84%D8%A7%D9%84-%D8%A7%D9%84%D8%A3%D8%AD/?fbclid=IwAR31e17FaErJa24Qg2FaetUkSTmLcdrCoAij9N_UZjQg7iXBdjJFej95O6Y,,,,,,,Syrian Arab Republic,,+963-11-3327-691 / +963-11-3327-698 / +963-11-3327-645 / +963-11-3327-646,1,Country,4,Syrian Arab Red Crescent,https://sarc.sy/home/,en,https://www.ifrc.org/national-societies-directory/syrian-arab-red-crescent,http://www.sarc.sy
"120, Umar Khayom Str.",,,67.38712931530291,36.67290166968118,75.13949513686977,36.67290166968118,75.13949513686977,41.042196460852196,67.38712931530291,41.042196460852196,67.38712931530291,36.67290166968118,,,,,Polygon,,71.276093,38.861034,Point,Dushanbe,,info@redcrescent.tj,,,DTJ001,167,True,,False,TJ,TJK,,,,,,,,,,,,,,Tajikistan,,(992-37) 224 0374,1,Country,3,Red Crescent Society of Tajikistan,http://www.redcrescent.tj/,en,https://www.ifrc.org/national-societies-directory/red-crescent-society-tajikistan,http://www.redcrescent.tj
Mwai Kibaki Road,Plot 53 Block C,,29.327167510698636,-11.760069847379341,40.443222045999754,-11.760069847379341,40.443222045999754,-0.990736007506502,29.327167510698636,-0.990736007506502,29.327167510698636,-11.760069847379341,,,,,Polygon,,34.888822,-6.369028,Point,Dar es Salaam,,logistics@raha.com,,,DTZ001,189,True,,False,TZ,TZA,,,,,,,,,,,,,,"Tanzania, United Republic of",,(255) 22 2600 185,1,Country,0,Tanzania Red Cross National Society,http://trcs.or.tz,en,https://www.ifrc.org/national-societies-directory/tanzania-red-cross-national-society,http://www.trcs.or.tz
Office of the Secretary General,Thai Red Cross Society,,97.34319629545745,5.616078394888834,105.63912963937642,5.616078394888834,105.63912963937642,20.46606317547386,97.34319629545745,20.46606317547386,97.34319629545745,5.616078394888834,,,,,Polygon,,100.992541,15.870032,Point,Bangkok 10330,,intertrc@redcross.or.th,,,DTH001,169,True,,False,TH,THA,,,,,,,,,,,,,,Thailand,,"+66 2256 4037, +66 2256 4048",1,Country,2,Thai Red Cross Society,http://www.redcross.or.th/,en,https://www.ifrc.org/national-societies-directory/thai-red-cross-society,http://www.redcross.or.th
"Rua 20 de Maio, No 79, Bairro Formosa,",,,124.04465484614285,-9.50464105565445,127.34211730922284,-9.50464105565445,127.34211730922284,-8.126873333929378,124.04465484614285,-8.126873333929378,124.04465484614285,-9.50464105565445,,,,,Polygon,,125.72753899999957,-8.874217,Point,Dili,,info@redcross.tl,,,DTL001,210,True,,False,TL,TLS,,,,,,,,,,,,,,Timor-Leste,,(670) 3321 668,1,Country,2,Timor-Leste Red Cross Society,http://www.redcross.tl/,en,https://www.ifrc.org/national-societies-directory/timor-leste-red-cross-society,http://www.redcross.tl
"51, rue Boko Soga",Amoutivé,,-0.147323936564325,6.104416847440583,1.806692957960876,6.104416847440583,1.806692957960876,11.138977051131391,-0.147323936564325,11.138977051131391,-0.147323936564325,6.104416847440583,,,,,Polygon,,0.824782,8.619543,Point,Lome,,crtsiege1959@gmail.com,,,DTG001,170,True,,False,TG,TGO,,,,,,,,,,,,,,Togo,,(228) 90 12 56 74 / 98 18 41 58 / 23 35 86 66,1,Country,0,Togolese Red Cross,,en,https://www.ifrc.org/national-societies-directory/togolese-red-cross,http://www.croixrouge-togo.org
,,,-172.52082824709115,-9.443996429425207,-171.18139648417556,-9.443996429425207,-171.18139648417556,-8.531943321519512,-172.52082824709115,-8.531943321519512,-172.52082824709115,-9.443996429425207,,,,,Polygon,,-171.85588099999978,-8.967363,Point,,,,,,,340,False,,False,TK,TKL,,,,,,,,,,,,,,Tokelau,,,1,Country,2,,,en,,
"P.O. Box 456, Nuku'Alofa",South West Pacific,,-176.2138366696992,-22.349723815887188,-173.73500061023105,-22.349723815887188,-173.73500061023105,-15.565795898417027,-176.2138366696992,-15.565795898417027,-176.2138366696992,-22.349723815887188,,,,,Polygon,,-175.19824199999982,-21.178986,Point,Nuku'Alofa,,sg@tongaredcross.to,sionetenisoni@gmail.com,,DTO001,171,True,,False,TO,TON,,,,,,,,,,,,,,Tonga,,(676) 21360 / 21950,1,Country,2,Tonga Red Cross Society,,en,https://www.ifrc.org/national-societies-directory/tonga-red-cross-society,
"7a, Fitz Blackman Drive",Wrightson Road Extension,,-61.93013763423149,10.042917251146855,-60.49208450302122,10.042917251146855,-60.49208450302122,11.359584808042777,-61.93013763423149,11.359584808042777,-61.93013763423149,10.042917251146855,,,,,Polygon,,-61.222503,10.691803,Point,"Trinidad, West Indies",,admin@ttrcs.org,,,DTT001,172,True,,False,TT,TTO,,,,,,,,,,,,,,Trinidad and Tobago,,(1) (868) 627 82 15 / 8218,1,Country,1,The Trinidad and Tobago Red Cross Society,https://ttrcs.org/,en,https://www.ifrc.org/national-societies-directory/trinidad-and-tobago-red-cross-society,https://www.ttrcs.org/
,,,,,,,,,,,,,,,,,,,,,,,,,,,,361,False,,False,,,,,,,,,,,,,,,,Tromelin Island,,,1,Country,3,French Red Cross,,en,,
,,,,,,,,,,,,,,,,,,,,,,,,,,,,296,,,False,,,,,,,,,,,,,,,,Tunis Country Cluster,,,2,Cluster,,,,en,,
"19, Rue d'Angleterre",,,7.530076000407384,30.23680999969568,11.598270999978514,30.23680999969568,11.598270999978514,37.559861000271574,7.530076000407384,37.559861000271574,7.530076000407384,30.23680999969568,,,,,Polygon,,9.537499,33.886917,Point,Tunis,,hilal.ahmar@planet.tn,,,DTN001,173,True,,False,TN,TUN,,,,,,,,,,,,,,Tunisia,,(216) (71) 325 572  / (216) (71) 320 630,1,Country,4,Tunisian Red Crescent,http://www.tunisianredcrescent.org/,en,https://www.ifrc.org/national-societies-directory/tunisian-red-crescent,https://www.croissant-rouge.tn/
Ataç Sokak 1  No. 32,"Yenisehir, Cankaya",,25.668510437281544,35.81198797331627,44.81868016505038,35.81198797331627,44.81868016505038,42.10760116556765,25.668510437281544,42.10760116556765,25.668510437281544,35.81198797331627,,,,,Polygon,,35.243322,38.963745,Point,Ankara,,international@kizilay.org.tr,,,DTR001,174,True,,False,TR,TUR,,56,ESSN IFRC Page,https://media.ifrc.org/ifrc/essn/,,,,,,,,,,Türkiye,,(90) (312) 584 18 68,1,Country,3,Turkish Red Crescent Society,http://www.kizilay.org.tr/,en,https://www.ifrc.org/national-societies-directory/turkish-red-crescent-society,http://www.kizilay.org.tr/
"116/bld., 2022 str.,",,,52.441433122803616,35.13063795892761,66.68430344049459,35.13063795892761,66.68430344049459,42.79555150802688,52.441433122803616,42.79555150802688,52.441433122803616,35.13063795892761,,,,,Polygon,,59.556278,38.969719,Point,Ashgabat,,crescent.int@tgymj.gov.tm,,,DTM001,175,True,,False,TM,TKM,,,,,,,,,,,,,,Turkmenistan,,+(993) 12931750; +(993) 12930874,1,Country,3,Red Crescent Society of Turkmenistan,http://www.tgymj.gov.tm/,en,https://www.ifrc.org/national-societies-directory/red-crescent-society-turkmenistan,www.tgymj.gov.tm
,,,-72.4838714595302,21.17003822367537,-71.08033752412848,21.17003822367537,-71.08033752412848,21.973611831452914,-72.4838714595302,21.973611831452914,-72.4838714595302,21.17003822367537,,,,,Polygon,,-71.797928,21.694025,Point,,,,,,,341,False,,False,TC,TCA,,,,,,,,,,,,,,Turks and Caicos islands,,,1,Country,3,British Red Cross,,en,,
P. O. Box 14 Funafuti Tuvalu,,,176.05874633756625,-10.791870117066056,179.87135314950513,-10.791870117066056,179.87135314950513,-5.642499923531098,176.05874633756625,-5.642499923531098,176.05874633756625,-10.791870117066056,,,,,Polygon,,177.6493299999998,-7.109535,Point,,,redcrosstuvalu@gmail.com,,,DTV001,213,True,,False,TV,TUV,,,,,,,,,,,,,,Tuvalu,,(688) 207 40,1,Country,2,Tuvalu Red Cross Society,,en,https://www.ifrc.org/national-societies-directory/tuvalu-red-cross-society,
"Block 8, Plot 551/555 Rubaga Road",,,29.573251723847463,-1.484049916648456,35.03592863933282,-1.484049916648456,35.03592863933282,4.214426993866788,29.573251723847463,4.214426993866788,29.573251723847463,-1.484049916648456,,,,,Polygon,,32.290275,1.373333,Point,Kampala,,sgurcs@redcrossug.org,,,DUG001,176,True,,False,UG,UGA,,,,,,,,,,,,,,Uganda,,(256) (414) 258 701/(312 260 615),1,Country,0,Uganda Red Cross Society,http://www.redcrossug.org/,en,https://www.ifrc.org/national-societies-directory/uganda-red-cross-society,http://www.redcrossug.org
"30, Pushkinska St.",,,22.137163643483923,44.386411330863474,40.22969792160244,44.386411330863474,40.22969792160244,52.37938599591418,22.137163643483923,52.37938599591418,22.137163643483923,44.386411330863474,,,,,Polygon,,31.16558,48.379433,Point,01024 Kyiv,,international@redcross.org.ua,,,DUA001,1,True,,False,UA,UKR,,,,,,,,,,,,,,Ukraine,,(380) (44) 235 01 57,1,Country,3,Ukrainian Red Cross Society,http://www.redcross.org.ua/,en,https://www.ifrc.org/national-societies-directory/ukrainian-red-cross-society,https://redcross.org.ua/
,,,51.54273545820691,22.545004789854076,56.37502718867272,22.545004789854076,56.37502718867272,26.078847540507372,51.54273545820691,26.078847540507372,51.54273545820691,22.545004789854076,,,,,Polygon,,53.847818,23.424076,Point,,,callcenter@rcuae.ae,,,DAE001,2,True,,False,AE,ARE,,,,,,,,,,,,,,United Arab Emirates,,009715 2 699 65 95,1,Country,4,Red Crescent Society of the United Arab Emirates,http://www.rcuae.ae/,en,https://www.ifrc.org/national-societies-directory/red-crescent-society-united-arab-emirates,www.emiratesrc.ae
44 Moorfields,,,-9.075476837200423,49.37765662503428,5.338585660793551,49.60601572756326,4.283898160940343,61.01221437026231,-8.650677681308503,60.84579849264836,-9.075476837200423,49.37765662503428,,,,,Polygon,,-3.435973,55.378051,Point,London,,governance@redcross.org.uk,,,DGB001,3,True,,False,GB,GBR,,,,,,,,,,,,,,United Kingdom,,0344 871 11 11 (within UK) (44) 2071 3879 00 (from outside UK),1,Country,3,British Red Cross,http://www.redcross.org.uk/,en,https://www.ifrc.org/national-societies-directory/british-red-cross,http://www.redcross.org.uk/
National Headquarters,"431 18th Street, NW",,-137.81249998081185,24.34932523437613,-59.06249999177844,24.34932523437613,-59.41406249172984,52.57783645641777,-137.81249998081185,52.36367698672525,-137.81249998081185,24.34932523437613,,,,,Polygon,,-95.712891,37.09024,Point,Washington DC,,https://www.redcross.org/contact-us/general-inquiry,,,DUS001,4,True,,False,US,USA,,,,,,,,,,,,,,United States,,(1) 800 RED CROSS,1,Country,1,American Red Cross,http://www.redcross.org,en,https://www.ifrc.org/national-societies-directory/american-red-cross,http://www.redcross.org
,,,-178.31469726592942,-0.389006018573945,166.65799220778513,-0.389006018573945,166.65799220778513,28.398391723375898,-178.31469726592942,28.398391723375898,-178.31469726592942,-0.389006018573945,,,,,Polygon,,-153.3333200387643,7.087012326973013,Point,,,,,,,250,False,,False,UM,UMI,,,,,,,,,,,,,,United States Minor Outlying Islands,,,1,Country,,,,en,,
,,,-65.08628082260152,17.68172454843363,-64.56517791792028,17.68172454843363,-64.56517791792028,18.4581432342697,-65.08628082260152,18.4581432342697,-65.08628082260152,17.68172454843363,,,,,Polygon,,-64.896335,18.335765,Point,,,,,,,342,False,,False,VI,VIR,,,,,,,,,,,,,,United States Virgin Islands,,,1,Country,1,American Red Cross,,en,,
"Avenida 8 de Octubre, 2990",,,-58.442722320583144,-35.047943115174846,-53.07393264735449,-35.047943115174846,-53.07393264735449,-30.08222389205404,-58.442722320583144,-30.08222389205404,-58.442722320583144,-35.047943115174846,,,,,Polygon,,-55.765835,-32.522779,Point,Montevideo,,administracion@cruzroja.org.uy,,,DUY001,5,True,,False,UY,URY,,46,Sitio web oficial de la Cruz Roja Uruguaya,https://cruzroja.org.uy/,,,,,,,,,,Uruguay,"En Uruguay, Cruz Roja tuvo origen el 5 de marzo de 1897, en un momento histórico en que se desarrollaba uno de los tantos enfrentamientos armados entre los dos partidos fundacionales (uno en el gobierno y el otro en la oposición) que caracterizaron la historia política del país durante el siglo XIX.

En ese entonces, un grupo de mujeres solidarias brindó atención de primeros auxilios a los heridos de ambos bandos, de forma desinteresada y altruista. Su fundadora fue Aurelia Ramos de Segarra, y originalmente la institución se denominó Cruz Roja de Señoras Cristianas, siendo reconocida como parte del Movimiento Internacional de la Cruz Roja en 1900.",(598) (2) 480 21 12,1,Country,1,Uruguayan Red Cross,https://cruzroja.org.uy/,en,https://www.ifrc.org/national-societies-directory/uruguayan-red-cross,
"30, Yusuf Hos Hojib St.",,,55.99966852863717,37.18432930910892,73.13226926108,37.18432930910892,73.13226926108,45.59089711773353,55.99966852863717,45.59089711773353,55.99966852863717,37.18432930910892,,,,,Polygon,,64.585262,41.377491,Point,Tashkent,,secretariat@redcrescent.uz,,,DUZ001,6,True,,False,UZ,UZB,,,,,,,,,,,,,,Uzbekistan,,(998) (71) 150 8111,1,Country,3,Red Crescent Society of Uzbekistan,http://www.redcrescent.uz/,en,https://www.ifrc.org/national-societies-directory/red-crescent-society-uzbekistan,http://redcrescent.uz
1 Rue D'Auvergne Street,,,166.5249786376144,-20.248949051001325,170.23478698705176,-20.248949051001325,170.23478698705176,-13.073442459496421,166.5249786376144,-13.073442459496421,166.5249786376144,-20.248949051001325,,,,,Polygon,,166.9591579999999,-15.376706,Point,Port Vila,,ceo@redcrossvanuatu.com,,,DVU001,7,True,,False,VU,VUT,,,,,,,,,,,,,,Vanuatu,,(678) 27418 - 27258,1,Country,2,Vanuatu Red Cross Society,http://www.vanuaturedcross.org/,en,https://www.ifrc.org/national-societies-directory/vanuatu-red-cross-society,www.vanuaturedcross.org
"Avenida Andrés Bello, 4",,,-73.37431335423919,0.649720966655155,-59.803779601929925,0.649720966655155,-59.803779601929925,12.201903343270763,-73.37431335423919,12.201903343270763,-73.37431335423919,0.649720966655155,,,,,Polygon,,-66.32434151126773,7.335401996768837,Point,Caracas,,presidencia@cruzrojavenezolana.org,,,DVE001,8,True,,False,VE,VEN,,,,,,,,,,,,,,Venezuela,,(58) (212) 571- 4380 / 58212-571-2143,1,Country,1,Venezuelan Red Cross,http://www.cruzrojavenezolana.org/,en,https://www.ifrc.org/national-societies-directory/venezuelan-red-cross,
"Nguyen Du street, Cua Nam ward, Ha Noi, Viet Nam",,,102.1469193927276,8.414222717448787,109.46942901607608,8.414222717448787,109.46942901607608,23.389030456451565,102.1469193927276,23.389030456451565,102.1469193927276,8.414222717448787,,,,,Polygon,,108.27719900000041,14.058324,Point,Hanoï,,international@redcross.org.vn,,,DVN001,191,True,,False,VN,VNM,,,,,,,,,,,,,,Viet Nam,,(84 24) 38263703,1,Country,2,Vietnam Red Cross Society,http://www.redcross.org.vn/,en,https://www.ifrc.org/national-societies-directory/vietnam-red-cross-society,http://redcross.org.vn/
,,,,,,,,,,,,,,,,,,,,,,,,,,,,294,,,False,,,,,,,,,,,,,,,,West Coast Country Cluster,,,2,Cluster,0,,,en,,
,,,-17.10318183933916,20.774158477753005,-8.670275687771298,20.774158477753005,-8.670275687771298,27.669673919372467,-17.10318183933916,27.669673919372467,-17.10318183933916,20.774158477753005,,,,,Polygon,,-12.885834,24.215527,Point,,,,,,,269,False,,False,EH,ESH,,,,,,,,,,,,,,Western Sahara,,,1,Country,,,,en,,
"Head Office, Building N° 10 ,","Al-Qa'a District, Near Minister's Office,",,42.52895291168614,12.300400656994944,54.53053908208135,12.300400656994944,54.53053908208135,18.99994762602506,42.52895291168614,18.99994762602506,42.52895291168614,12.300400656994944,,,,,Polygon,,48.516388,15.552727,Point,Sanaa,,info@yemenredcrescent.org,,,DYE001,10,True,,False,YE,YEM,,,,,,,,,,,,,,Yemen,,(967) (1)  278103,1,Country,4,Yemen Red Crescent Society,,en,https://www.ifrc.org/national-societies-directory/yemen-red-crescent-society,www.yemenredcrescent.org/
2837 Los Angeles Boulevard,Longacres,,21.999370788066667,-18.07947349556237,33.70570373491789,-18.07947349556237,33.70570373491789,-8.254981041256611,21.999370788066667,-8.254981041256611,21.999370788066667,-18.07947349556237,,,,,Polygon,,27.849332,-13.133897,Point,Lusaka,,zrcs@zamnet.zm,,,DZM001,12,True,,False,ZM,ZMB,,,,,,,,,,,,,,Zambia,,+260 953 054584,1,Country,0,Zambia Red Cross Society,http://www.zamcross.org.zm/,en,https://www.ifrc.org/national-societies-directory/zambia-red-cross-society,https://www.redcross.org.zm/
10 St. Annes Road,Avondale,,25.237028122210514,-22.417737960985242,33.05630493166387,-22.417737960985242,33.05630493166387,-15.608834267060018,25.237028122210514,-15.608834267060018,25.237028122210514,-22.417737960985242,,,,,Polygon,,29.154857,-19.015438,Point,Harare,,zrcs@ecoweb.co.zw,,,DZW001,13,True,,False,ZW,ZWE,,,,,,,,,,,,,,Zimbabwe,,(263) (4) 307 241 / 332 197/307 241,1,Country,0,Zimbabwe Red Cross Society,http://www.redcrosszim.org.zw/,en,https://www.ifrc.org/national-societies-directory/cruz-roja-de-zimbabue,http://www.redcrosszim.org.zw
