aid,amount_funded,amount_requested,atype,atype_display,code,country.average_household_size,country.fdrs,country.id,country.independent,country.is_deprecated,country.iso,country.iso3,country.name,country.record_type,country.record_type_display,country.region,country.society_name,country.translation_module_original_language,created_at,dtype.id,dtype.name,dtype.summary,dtype.translation_module_original_language,end_date,event,id,modified_at,name,needs_confirmation,num_beneficiaries,real_data_update,region.id,region.label,region.name,region.region_name,region.translation_module_original_language,sector,start_date,status,status_display
19930,281326.0,281326.0,0,DREF,MDRSB007,,DSB001,156,True,False,SB,SLB,Solomon Islands,1,Country,2,The Solomon Islands Red Cross,en,2026-04-22 11:30:13.969623+00:00,4,Cyclone,,en,2026-10-31T00:00:00Z,7878,4430,2026-04-30 07:30:35.274012+00:00,Solomon Islands Tropical Storm Maila,False,7480,2026-04-24 04:30:02+00:00,2,Asia Pacific,2,Asia Pacific,en,Suva country cluster,2026-04-21T00:00:00Z,0,Active
19932,497829.0,497829.0,0,DREF,MDRDO021,,DDO001,59,True,False,DO,DOM,Dominican Republic,1,Country,1,Dominican Red Cross,en,2026-04-22 14:30:16.403581+00:00,12,Flood,,en,2026-10-31T00:00:00Z,,4431,2026-04-30 07:30:35.310740+00:00,Dominican Republic Floods,False,10000,2026-04-28 15:06:01+00:00,1,Americas,1,Americas,en,"Cuba, Haiti and Dominican Republic country cluster",2026-04-21T00:00:00Z,0,Active
19926,375000.0,375000.0,0,DREF,MDRCD050,,DCD001,187,True,False,CD,COD,Democratic Republic of Congo,1,Country,0,Red Cross of the Democratic Republic of the Congo,en,2026-04-20 14:30:13.824643+00:00,12,Flood,,en,2026-08-31T00:00:00Z,,4429,2026-04-30 07:30:35.235921+00:00,DRC Maniema Floods,True,8400,2026-04-23 16:52:01+00:00,0,Africa,0,Africa,en,"Country cluster for Democratic Republic of Congo, Republic of Congo, Burundi and Rwanda",2026-04-20T00:00:00Z,0,Active
19922,250000.0,250000.0,0,DREF,MDRPG013,,DPG001,133,True,False,PG,PNG,Papua New Guinea,1,Country,2,Papua New Guinea Red Cross Society,en,2026-04-17 17:30:23.696313+00:00,4,Cyclone,,en,2026-10-31T00:00:00Z,7880,4428,2026-04-30 07:30:35.197986+00:00,Papua New Guinea Cyclone Maila,False,5000,2026-04-21 13:32:02+00:00,2,Asia Pacific,2,Asia Pacific,en,Papua New Guinea country office,2026-04-17T00:00:00Z,0,Active
19920,136425.0,136425.0,0,DREF,MDRFJ009,,DFJ001,66,True,False,FJ,FJI,Fiji,1,Country,2,Fiji Red Cross Society,en,2026-04-16 14:30:14.284190+00:00,4,Cyclone,,en,2026-10-31T00:00:00Z,7875,4427,2026-04-30 07:30:35.160347+00:00,Fiji Tropical Cyclone Vaianu,False,10000,2026-04-18 08:30:00+00:00,2,Asia Pacific,2,Asia Pacific,en,Suva country cluster,2026-04-15T00:00:00Z,0,Active
19918,500000.0,500000.0,0,DREF,MDRBD039,,DBD001,27,True,False,BD,BGD,Bangladesh,1,Country,2,Bangladesh Red Crescent Society,en,2026-04-15 11:30:21.590237+00:00,1,Epidemic,,en,2026-10-31T00:00:00Z,7881,4426,2026-04-30 07:30:35.115898+00:00,Bangladesh Measles,False,600000,2026-04-18 08:53:01+00:00,2,Asia Pacific,2,Asia Pacific,en,Bangladesh country office,2026-04-14T00:00:00Z,0,Active
19907,199226.0,199226.0,0,DREF,MDRCG028,,DCG001,184,True,False,CG,COG,Congo,1,Country,0,Congolese Red Cross,en,2026-04-07 05:30:24.280552+00:00,1,Epidemic,,en,2026-09-30T00:00:00Z,,4425,2026-04-30 07:30:35.065932+00:00,Republic of Congo - Cholera Outbreak,True,15000,2026-04-09 09:57:00+00:00,0,Africa,0,Africa,en,"Country cluster for Democratic Republic of Congo, Republic of Congo, Burundi and Rwanda",2026-04-06T00:00:00Z,0,Active
19903,500001.0,500001.0,0,DREF,MDRAF021,,DAF001,14,True,False,AF,AFG,Afghanistan,1,Country,2,Afghan Red Crescent,en,2026-04-06 05:30:27.313186+00:00,12,Flood,,en,2026-10-31T00:00:00Z,7862,4423,2026-04-30 07:30:34.986543+00:00,Afghanistan - Floods 2026,False,12000,2026-04-09 09:15:05+00:00,2,Asia Pacific,2,Asia Pacific,en,Afghanistan country office,2026-04-05T00:00:00Z,0,Active
19901,498497.0,498497.0,0,DREF,MDRYE017,,DYE001,10,True,False,YE,YEM,Yemen,1,Country,4,Yemen Red Crescent Society,en,2026-04-04 05:30:24.045342+00:00,12,Flood,,en,2026-10-31T00:00:00Z,,4422,2026-04-30 07:30:34.948602+00:00,Yemen Floods,True,24500,2026-04-06 12:15:02+00:00,4,Middle East & North Africa,4,Middle East & North Africa,en,Yemen country office,2026-04-03T00:00:00Z,0,Active
19905,275037.0,275037.0,0,DREF,MDRTZ044,,DTZ001,189,True,False,TZ,TZA,"Tanzania, United Republic of",1,Country,0,Tanzania Red Cross National Society,en,2026-04-06 11:30:36.735974+00:00,12,Flood,,en,2026-07-31T00:00:00Z,,4424,2026-04-30 07:30:35.026310+00:00,Tanzania - Floods,False,2615,2026-04-08 08:51:02+00:00,0,Africa,0,Africa,en,"Country cluster for South Sudan, Tanzania and Uganda",2026-04-03T00:00:00Z,0,Active
19895,144765.0,144765.0,0,DREF,MDRLR011,,DLR001,103,True,False,LR,LBR,Liberia,1,Country,0,Liberian Red Cross Society,en,2026-04-03 06:00:25.065938+00:00,15,Fire,,en,2026-08-31T00:00:00Z,,4421,2026-04-30 07:30:34.866520+00:00,Liberia Fires,True,1643,2026-04-07 12:27:04+00:00,0,Africa,0,Africa,en,"Country cluster for Sierra Leone, Liberia, Guinea and Guinea Bisau",2026-04-01T00:00:00Z,0,Active
19888,206190.0,206190.0,0,DREF,MDRGW008,,DGW001,183,True,False,GW,GNB,Guinea-Bissau,1,Country,0,Red Cross Society of Guinea-Bissau,en,2026-04-01 05:30:26.613479+00:00,15,Fire,,en,2026-07-31T00:00:00Z,,4418,2026-04-30 07:30:34.788861+00:00,Guinea Bissau - Fire,False,2051,2026-04-10 12:37:03+00:00,0,Africa,0,Africa,en,"Country cluster for Sierra Leone, Liberia, Guinea and Guinea Bisau",2026-03-31T00:00:00Z,0,Active
19891,376240.0,376240.0,0,DREF,MDRLR010,,DLR001,103,True,False,LR,LBR,Liberia,1,Country,0,Liberian Red Cross Society,en,2026-04-02 05:30:26.423543+00:00,13,Other,,en,2026-07-31T00:00:00Z,,4419,2026-04-30 07:30:34.830339+00:00,Liberia Windstorm,True,2604,2026-04-12 12:10:00+00:00,0,Africa,0,Africa,en,"Country cluster for Sierra Leone, Liberia, Guinea and Guinea Bisau",2026-03-31T00:00:00Z,0,Active
19880,499927.0,499927.0,0,DREF,MDRBW009,,DBW001,34,True,False,BW,BWA,Botswana,1,Country,0,Botswana Red Cross Society,en,2026-03-28 06:30:25.483544+00:00,12,Flood,,en,2026-09-30T00:00:00Z,,4417,2026-04-30 07:30:34.702718+00:00,Botswana - Floods,False,5000,2026-04-01 12:30:05+00:00,0,Africa,0,Africa,en,"Country cluster for South Africa, Botswana, Lesotho, Namibia and Kingdom of Eswatini",2026-03-27T00:00:00Z,0,Active
19896,62330.0,62330.0,0,DREF,MDRUY006,,DUY001,5,True,False,UY,URY,Uruguay,1,Country,1,Uruguayan Red Cross,en,2026-04-02 17:30:24.388605+00:00,20,Drought,,en,2026-05-31T00:00:00Z,,4420,2026-04-30 07:30:34.903514+00:00,Uruguay - Drought,True,1000,2026-04-02 12:30:03+00:00,1,Americas,1,Americas,en,Southern Cone country cluster,2026-03-26T00:00:00Z,0,Active
19875,949998.0,949998.0,0,DREF,MDRCM044,,DCM001,41,True,False,CM,CMR,Cameroon,1,Country,0,Cameroon Red Cross Society,en,2026-03-26 06:30:38.179020+00:00,12,Flood,,en,2031-03-31T00:00:00Z,,4414,2026-04-30 07:30:34.579418+00:00,Cameroon - Floods EAP,False,10000,2026-03-25 13:30:01+00:00,0,Africa,0,Africa,en,"Country cluster for Cameroon, Gabon, Equatorial Guinea and Sao Tome and Principe",2026-03-25T00:00:00Z,0,Active
19881,139464.0,139464.0,0,DREF,MDRBO021,,DBO001,33,True,False,BO,BOL,Bolivia,1,Country,1,Bolivian Red Cross,en,2026-03-27 21:30:23.593929+00:00,27,Pluvial/Flash Flood,,en,2026-09-30T00:00:00Z,,4416,2026-04-30 07:30:34.745715+00:00,Bolivia - Flash Floods,False,1000,2026-03-27 17:23:05+00:00,1,Americas,1,Americas,en,South America country cluster,2026-03-25T00:00:00Z,0,Active
19878,269020.0,269020.0,0,DREF,MDRET041,,DET001,65,True,False,ET,ETH,Ethiopia,1,Country,0,Ethiopian Red Cross Society,en,2026-03-27 06:30:23.324885+00:00,24,Landslide,,en,2026-07-31T00:00:00Z,7841,4415,2026-04-30 07:30:34.619436+00:00,Ethiopia - Landslide,False,2689,2026-04-01 12:24:00+00:00,0,Africa,0,Africa,en,Country cluster for Ethiopia and Djibouti,2026-03-25T00:00:00Z,0,Active
19873,489286.0,489286.0,0,DREF,MDREC030,,DEC001,60,True,False,EC,ECU,Ecuador,1,Country,1,Ecuadorian Red Cross,en,2026-03-25 06:30:38.557440+00:00,12,Flood,,en,2026-09-30T00:00:00Z,,4413,2026-04-30 07:30:34.540451+00:00,Ecuador - Floods,False,16600,2026-03-27 17:05:01+00:00,1,Americas,1,Americas,en,South America country cluster,2026-03-24T00:00:00Z,0,Active
19870,80000.0,80000.0,0,DREF,MDRVU013,,DVU001,7,True,False,VU,VUT,Vanuatu,1,Country,2,Vanuatu Red Cross Society,en,2026-03-21 06:30:38.361801+00:00,8,Volcanic Eruption,,en,2026-05-31T00:00:00Z,7845,4412,2026-04-30 07:30:34.424499+00:00,Vanuatu - Volcanic Eruption Imminent,False,0,2026-03-31 02:38:04+00:00,2,Asia Pacific,2,Asia Pacific,en,Suva country cluster,2026-03-20T00:00:00Z,0,Active
19865,227641.0,227641.0,0,DREF,MDRET040,,DET001,65,True,False,ET,ETH,Ethiopia,1,Country,0,Ethiopian Red Cross Society,en,2026-03-19 06:30:37.848393+00:00,5,Population Movement,,en,2026-06-30T00:00:00Z,7840,4411,2026-04-30 07:30:34.350728+00:00,Ethiopia - Population Movement,False,10000,2026-03-31 02:38:04+00:00,0,Africa,0,Africa,en,Country cluster for Ethiopia and Djibouti,2026-03-18T00:00:00Z,0,Active
19862,218167.0,218167.0,0,DREF,MDRKE071,,DKE001,93,True,False,KE,KEN,Kenya,1,Country,0,Kenya Red Cross Society,en,2026-03-18 06:30:22.079950+00:00,1,Epidemic,,en,2028-03-31T00:00:00Z,,4410,2026-04-30 07:30:34.268573+00:00,Kenya - Cholera sEAP,False,20000,2026-03-31 02:38:04+00:00,0,Africa,0,Africa,en,Africa Regional Office and Country cluster for Kenya and Somalia,2026-03-17T00:00:00Z,0,Active
19850,876577.0,876577.0,0,DREF,MDRBF024,,DBF001,181,True,False,BF,BFA,Burkina Faso,1,Country,0,Burkinabe Red Cross Society,en,2026-03-17 06:30:40.203077+00:00,12,Flood,,en,2031-03-31T00:00:00Z,,4407,2026-04-30 07:30:34.006656+00:00,Burkina Faso - Floods EAP,False,26075,2026-03-31 02:38:04+00:00,0,Africa,0,Africa,en,"Country cluster for Niger, Cote d'Ivoire, Burkina Faso and Mali",2026-03-16T00:00:00Z,0,Active
19851,90800.0,90800.0,0,DREF,MDRTM001,,DTM001,175,True,False,TM,TKM,Turkmenistan,1,Country,3,Red Crescent Society of Turkmenistan,en,2026-03-17 06:30:40.233513+00:00,5,Population Movement,,en,2026-05-31T00:00:00Z,,4408,2026-04-30 07:30:34.057865+00:00,Turkmenistan - Population Movement Imminent,False,0,2026-03-31 02:38:04+00:00,3,Europe,3,Europe,en,Central Asia country cluster,2026-03-16T00:00:00Z,0,Active
19852,219994.0,219994.0,0,DREF,MDRDJ009,,DDJ001,57,True,False,DJ,DJI,Djibouti,1,Country,0,Red Crescent Society of Djibouti,en,2026-03-17 06:30:40.260629+00:00,12,Flood,,en,2028-03-31T00:00:00Z,,4409,2026-04-30 07:30:34.159930+00:00,Djibouti - Floods sEAP,False,2500,2026-03-31 02:38:04+00:00,0,Africa,0,Africa,en,Country cluster for Ethiopia and Djibouti,2026-03-13T00:00:00Z,0,Active
19845,499977.0,499977.0,0,DREF,MDRKE070,,DKE001,93,True,False,KE,KEN,Kenya,1,Country,0,Kenya Red Cross Society,en,2026-03-14 06:31:08.176013+00:00,12,Flood,,en,2026-07-31T00:00:00Z,,4405,2026-04-30 07:30:33.942993+00:00,Kenya - Floods 2026,True,12500,2026-03-31 02:38:04+00:00,0,Africa,0,Africa,en,Africa Regional Office and Country cluster for Kenya and Somalia,2026-03-13T00:00:00Z,0,Active
19853,366388.0,366388.0,0,DREF,MDRVE014,,DVE001,8,True,False,VE,VEN,Venezuela,1,Country,1,Venezuelan Red Cross,en,2026-03-17 03:30:39.946070+00:00,13,Other,,en,2026-06-30T00:00:00Z,,4406,2026-04-30 07:30:34.205685+00:00,Venezuela Water Emergency,True,16000,2026-03-31 02:38:04+00:00,1,Americas,1,Americas,en,Venezuela Country Office,2026-03-13T00:00:00Z,0,Active
19840,210025.0,210025.0,0,DREF,MDRSR004,,DSR001,180,True,False,SR,SUR,Suriname,1,Country,1,Suriname Red Cross,en,2026-03-13 06:30:38.795817+00:00,1,Epidemic,,en,2026-08-31T00:00:00Z,,4404,2026-04-30 07:30:33.889623+00:00,Suriname - Chikungunya Outbreak,False,2000,2026-03-31 02:38:04+00:00,1,Americas,1,Americas,en,Caribbean country cluster,2026-03-12T00:00:00Z,0,Active
19839,1000002.0,1000002.0,0,DREF,MDRAF020,,DAF001,14,True,False,AF,AFG,Afghanistan,1,Country,2,Afghan Red Crescent,en,2026-03-13 06:30:38.730893+00:00,13,Other,,en,2026-12-31T00:00:00Z,7833,4403,2026-04-30 07:30:33.845499+00:00,Afghanistan - Complex Emergency,False,70000,2026-03-31 02:38:04+00:00,2,Asia Pacific,2,Asia Pacific,en,Afghanistan country office,2026-03-11T00:00:00Z,0,Active
19836,74963.0,74963.0,0,DREF,MDRBJ023,,DBJ001,209,True,False,BJ,BEN,Benin,1,Country,0,Red Cross of Benin,en,2026-03-12 06:30:23.910510+00:00,7,Civil Unrest,,en,2026-05-31T00:00:00Z,,4402,2026-04-30 07:30:33.806478+00:00,Benin - Election Readiness,False,160000,2026-03-31 02:38:04+00:00,0,Africa,0,Africa,en,"Country cluster for Nigeria, Benin, Ghana and Togo",2026-03-11T00:00:00Z,0,Active
19829,0.0,90800.0,0,DREF,MDRAZ005,,DAZ001,200,True,False,AZ,AZE,Azerbaijan,1,Country,3,Red Crescent Society of Azerbaijan,en,2026-03-08 15:30:38.018692+00:00,5,Population Movement,,en,2026-04-30T00:00:00Z,,4399,2026-04-30 07:30:33.607722+00:00,Azerbaijan - Population Movement,False,0,2026-03-31 02:38:04+00:00,3,Europe,3,Europe,en,Southern Caucasus country cluster,2026-03-07T00:00:00Z,0,Active
19834,218996.0,218996.0,0,DREF,MDRNG044,,DNG001,128,True,False,NG,NGA,Nigeria,1,Country,0,Nigerian Red Cross Society,en,2026-03-10 06:30:22.520586+00:00,20,Drought,,en,2028-02-29T00:00:00Z,,4401,2026-04-30 07:30:33.730520+00:00,Nigeria - Drought sEAP,False,3224,2026-03-09 11:22:03+00:00,0,Africa,0,Africa,en,"Country cluster for Nigeria, Benin, Ghana and Togo",2026-03-06T00:00:00Z,2,Frozen
19823,249521.0,249521.0,0,DREF,MDRAO014,,DAO001,18,True,False,AO,AGO,Angola,1,Country,0,Angola Red Cross,en,2026-03-07 06:30:26.011808+00:00,12,Flood,,en,2026-09-30T00:00:00Z,,4396,2026-04-30 07:30:33.404219+00:00,Angola - Floods 2026,True,5000,2026-03-31 02:38:04+00:00,0,Africa,0,Africa,en,Country cluster for Mozambique and Angola,2026-03-06T00:00:00Z,0,Active
19824,372524.0,372524.0,0,DREF,MDRCD049,,DCD001,187,True,False,CD,COD,Democratic Republic of Congo,1,Country,0,Red Cross of the Democratic Republic of the Congo,en,2026-03-07 06:30:26.048434+00:00,1,Epidemic,,en,2026-07-31T00:00:00Z,,4397,2026-04-30 07:30:33.466961+00:00,DRC - Cholera,True,10000,2026-03-31 02:38:04+00:00,0,Africa,0,Africa,en,"Country cluster for Democratic Republic of Congo, Republic of Congo, Burundi and Rwanda",2026-03-06T00:00:00Z,0,Active
19825,68693.0,68693.0,0,DREF,MDRBR012,,DBR001,35,True,False,BR,BRA,Brazil,1,Country,1,Brazilian Red Cross,en,2026-03-07 06:30:26.089205+00:00,12,Flood,,en,2026-05-31T00:00:00Z,,4398,2026-04-30 07:30:33.508499+00:00,Brazil - Floods 2026,True,5510,2026-03-31 02:38:04+00:00,1,Americas,1,Americas,en,Southern Cone country cluster,2026-03-06T00:00:00Z,0,Active
19832,192950.0,192950.0,0,DREF,MDRSO026,,DSO001,157,True,False,SO,SOM,Somalia,1,Country,0,Somali Red Crescent Society,en,2026-03-09 12:30:38.092672+00:00,1,Epidemic,,en,2026-07-31T00:00:00Z,,4400,2026-04-30 07:30:33.683136+00:00,Somalia - Dengue,False,20000,2026-03-31 02:38:04+00:00,0,Africa,0,Africa,en,Africa Regional Office and Country cluster for Kenya and Somalia,2026-03-05T00:00:00Z,0,Active
19821,80000.0,80000.0,0,DREF,MDRIQ020,,DIQ001,87,True,False,IQ,IRQ,Iraq,1,Country,4,Iraqi Red Crescent Society,en,2026-03-06 16:52:34.840291+00:00,5,Population Movement,,en,2026-04-30T00:00:00Z,,4395,2026-04-30 07:30:33.313706+00:00,Iraq - Population Movement 2026,False,0,2026-03-31 02:38:04+00:00,4,Middle East & North Africa,4,Middle East & North Africa,en,Iraq country office,2026-03-05T00:00:00Z,0,Active
19819,80000.0,80000.0,0,DREF,MDRAM016,,DAM001,21,True,False,AM,ARM,Armenia,1,Country,3,Armenian Red Cross Society,en,2026-03-06 16:52:34.801323+00:00,5,Population Movement,,en,2026-04-30T00:00:00Z,,4394,2026-04-30 07:30:33.275936+00:00,Armenia - Population Movement -Imminent,False,0,2026-03-31 02:38:04+00:00,3,Europe,3,Europe,en,Southern Caucasus country cluster,2026-03-04T00:00:00Z,0,Active
19800,0.0,149882.0,1,Emergency Appeal,MDRZM027,,DZM001,12,True,False,ZM,ZMB,Zambia,1,Country,0,Zambia Red Cross Society,en,2026-03-02 09:10:39.365698+00:00,1,Epidemic,,en,2026-09-30T00:00:00Z,,4387,2026-04-30 07:30:33.202871+00:00,Zambia Cholera,False,1200000,2026-03-31 02:38:04+00:00,0,Africa,0,Africa,en,"Country cluster for Zimbabwe, Malawi and Zambia",2026-03-01T00:00:00Z,0,Active
19795,1301699.23,120000000.0,1,Emergency Appeal,MDRIR018,,DIR001,203,True,False,IR,IRN,"Iran, Islamic Republic of",1,Country,4,Red Crescent Society of the Islamic Republic of Iran,en,2026-03-02 09:25:30.836408+00:00,6,Complex Emergency,,en,2027-12-31T00:00:00Z,7826,4393,2026-04-30 07:30:32.904900+00:00,Iran - Complex Emergency 2026,False,10000000,2026-04-23 09:29:02+00:00,4,Middle East & North Africa,4,Middle East & North Africa,en,Iran country office,2026-02-28T00:00:00Z,0,Active
19797,161038.0,161038.0,0,DREF,MDRMN021,,DMN001,194,True,False,MN,MNG,Mongolia,1,Country,2,Mongolian Red Cross Society,en,2026-03-02 09:10:39.391254+00:00,14,Cold Wave,,en,2026-06-30T00:00:00Z,7818,4388,2026-04-30 07:30:33.045835+00:00,Mongolia - Snowstorm 2026,False,3700,2026-03-31 02:38:04+00:00,2,Asia Pacific,2,Asia Pacific,en,Beijing country cluster,2026-02-27T00:00:00Z,0,Active
19798,215959.0,215959.0,0,DREF,MDRRW026,,DRW001,143,True,False,RW,RWA,Rwanda,1,Country,0,Rwandan Red Cross,en,2026-03-02 09:10:39.341890+00:00,12,Flood,,en,2028-02-29T00:00:00Z,,4386,2026-04-30 07:30:33.091337+00:00,Rwanda - Floods sEAP,False,4000,2026-03-31 02:38:04+00:00,0,Africa,0,Africa,en,"Country cluster for Democratic Republic of Congo, Republic of Congo, Burundi and Rwanda",2026-02-20T00:00:00Z,0,Active
19793,161039.0,161039.0,0,DREF,MDRCK003,,DCK001,211,True,False,CK,COK,Cook Islands,1,Country,2,Cook Islands Red Cross Society,en,2026-03-02 09:10:39.292317+00:00,1,Epidemic,,en,2026-07-31T00:00:00Z,7801,4384,2026-04-30 07:30:32.807341+00:00,Cook Islands - Dengue Outbreak,False,10000,2026-03-31 02:38:04+00:00,2,Asia Pacific,2,Asia Pacific,en,Suva country cluster,2026-02-17T00:00:00Z,0,Active
19796,492946.0,492946.0,0,DREF,MDRLB020,,DLB001,101,True,False,LB,LBN,Lebanon,1,Country,4,Lebanese Red Cross,en,2026-03-02 09:10:39.203484+00:00,5,Population Movement,,en,2026-06-30T00:00:00Z,,4381,2026-04-30 07:30:32.975696+00:00,Lebanon -  Population Movement,True,8200,2026-03-31 02:38:04+00:00,4,Middle East & North Africa,4,Middle East & North Africa,en,Middle East and North Africa Regional Office,2026-02-16T00:00:00Z,0,Active
19794,245214.0,245214.0,0,DREF,MDRCO035,,DCO001,48,True,False,CO,COL,Colombia,1,Country,1,Colombian Red Cross Society,en,2026-03-02 09:10:39.264447+00:00,12,Flood,,en,2026-06-30T00:00:00Z,,4383,2026-04-30 07:30:32.867069+00:00,Colombia - Floods,False,9900,2026-03-31 02:38:04+00:00,1,Americas,1,Americas,en,South America country cluster,2026-02-16T00:00:00Z,0,Active
19799,424821.0,424821.0,0,DREF,MDRSY018,,DSY001,206,True,False,SY,SYR,Syrian Arab Republic,1,Country,4,Syrian Arab Red Crescent,en,2026-03-02 09:10:39.234731+00:00,12,Flood,,en,2026-05-31T00:00:00Z,,4382,2026-04-30 07:30:33.164116+00:00,Syria - Floods,True,10000,2026-03-29 03:32:03+00:00,4,Middle East & North Africa,4,Middle East & North Africa,en,Syria country office,2026-02-13T00:00:00Z,0,Active
19780,274467.0,274467.0,0,DREF,MDRRW025,,DRW001,143,True,False,RW,RWA,Rwanda,1,Country,0,Rwandan Red Cross,en,2026-03-02 09:00:20.427878+00:00,27,Pluvial/Flash Flood,,en,2026-06-30T00:00:00Z,,4380,2026-04-30 07:30:32.710207+00:00,Rwanda - Flash Flood,True,3360,2026-03-31 02:38:04+00:00,0,Africa,0,Africa,en,"Country cluster for Democratic Republic of Congo, Republic of Congo, Burundi and Rwanda",2026-02-12T00:00:00Z,0,Active
19647,500000.0,500000.0,0,DREF,MDRCM043,,DCM001,41,True,False,CM,CMR,Cameroon,1,Country,0,Cameroon Red Cross Society,en,2026-02-12 06:30:20.820208+00:00,15,Fire,,en,2026-07-31T00:00:00Z,7797,4379,2026-04-30 07:30:32.669888+00:00,Cameroon - Fire,False,6993,2026-03-31 02:38:04+00:00,0,Africa,0,Africa,en,"Country cluster for Cameroon, Gabon, Equatorial Guinea and Sao Tome and Principe",2026-02-11T00:00:00Z,0,Active
19641,546456.0700000001,5000000.0,1,Emergency Appeal,MDRMG027,,DMG001,109,True,False,MG,MDG,Madagascar,1,Country,0,Malagasy Red Cross Society,en,2026-02-11 06:30:19.590881+00:00,4,Cyclone,,en,2027-02-28T00:00:00Z,7796,4376,2026-04-30 07:30:32.593022+00:00,Madagascar –  Tropical Cyclone,False,45000,2026-03-29 03:32:03+00:00,0,Africa,0,Africa,en,"Country cluster for Madagascar, Comoro Islands, Mauritius and Seychelles",2026-02-07T00:00:00Z,0,Active
19642,746437.0,746437.0,0,DREF,MDRMW025,,DMW001,110,True,False,MW,MWI,Malawi,1,Country,0,Malawi Red Cross Society,en,2026-02-11 06:30:19.642723+00:00,12,Flood,,en,2026-08-31T00:00:00Z,7742,4377,2026-04-30 07:30:32.631719+00:00,Malawi - Floods,False,49104,2026-04-21 12:50:03+00:00,0,Africa,0,Africa,en,"Country cluster for Zimbabwe, Malawi and Zambia",2026-02-06T00:00:00Z,0,Active
19635,219901.0,219901.0,0,DREF,MDRDO020,,DDO001,59,True,False,DO,DOM,Dominican Republic,1,Country,1,Dominican Red Cross,en,2026-02-06 06:30:33.064445+00:00,4,Cyclone,,en,2028-02-29T00:00:00Z,,4374,2026-04-30 07:30:32.518377+00:00,Dominican Republic - Cyclone sEAP,False,2000,2026-03-29 03:32:03+00:00,1,Americas,1,Americas,en,"Cuba, Haiti and Dominican Republic country cluster",2026-02-05T00:00:00Z,0,Active
19636,374996.0,374996.0,0,DREF,MDRZW027,,DZW001,13,True,False,ZW,ZWE,Zimbabwe,1,Country,0,Zimbabwe Red Cross Society,en,2026-02-06 06:30:33.098824+00:00,12,Flood,,en,2026-06-30T00:00:00Z,7760,4375,2026-04-30 07:30:32.555264+00:00,Zimbabwe- Floods,False,8000,2026-03-29 03:32:04+00:00,0,Africa,0,Africa,en,"Country cluster for Zimbabwe, Malawi and Zambia",2026-02-05T00:00:00Z,0,Active
19632,364329.0,364329.0,0,DREF,MDRZM026,,DZM001,12,True,False,ZM,ZMB,Zambia,1,Country,0,Zambia Red Cross Society,en,2026-02-03 06:30:18.655659+00:00,12,Flood,,en,2026-07-31T00:00:00Z,7744,4349,2026-04-30 07:30:32.480438+00:00,Zambia - Floods,False,6756,2026-03-29 03:32:04+00:00,0,Africa,0,Africa,en,"Country cluster for Zimbabwe, Malawi and Zambia",2026-01-30T00:00:00Z,0,Active
19624,472398.0,472398.0,0,DREF,MDRDZ014,,DDZ001,16,True,False,DZ,DZA,Algeria,1,Country,4,Algerian Red Crescent,en,2026-01-30 18:30:19.784919+00:00,12,Flood,,en,2026-07-31T00:00:00Z,7774,4178,2026-04-30 07:30:32.442058+00:00,Algeria Flood,False,6000,2026-03-29 03:32:03+00:00,4,Middle East & North Africa,4,Middle East & North Africa,en,Tunis country cluster,2026-01-29T00:00:00Z,0,Active
19613,117133.0,117133.0,0,DREF,MDRKM014,,DKM001,186,True,False,KM,COM,Comoros,1,Country,0,The Comoros Red Crescent,en,2026-01-30 06:30:20.252958+00:00,1,Epidemic,,en,2026-05-31T00:00:00Z,,4164,2026-04-30 07:30:32.323087+00:00,Comoros - Mpox Epidemic,False,30000,2026-03-29 03:32:03+00:00,0,Africa,0,Africa,en,"Country cluster for Madagascar, Comoro Islands, Mauritius and Seychelles",2026-01-29T00:00:00Z,0,Active
19614,390855.0,390855.0,0,DREF,MDRTN012,,DTN001,173,True,False,TN,TUN,Tunisia,1,Country,4,Tunisian Red Crescent,en,2026-01-30 06:30:20.192651+00:00,12,Flood,,en,2026-07-31T00:00:00Z,7772,4162,2026-04-30 07:30:32.361537+00:00,Tunisia - Flood,False,5000,2026-03-29 03:32:03+00:00,4,Middle East & North Africa,4,Middle East & North Africa,en,Tunis country cluster,2026-01-28T00:00:00Z,0,Active
19602,1608740.2599999998,6000000.0,1,Emergency Appeal,MDRMZ027,,DMZ001,120,True,False,MZ,MOZ,Mozambique,1,Country,0,Mozambique Red Cross Society,en,2026-01-28 06:30:18.962469+00:00,12,Flood,,en,2027-01-31T00:00:00Z,7759,4161,2026-04-30 07:30:32.209281+00:00,Mozambique - Floods,False,0,2026-01-27 15:39:02+00:00,0,Africa,0,Africa,en,Country cluster for Mozambique and Angola,2026-01-26T00:00:00Z,0,Active
19612,424732.0,424732.0,0,DREF,MDRCL019,,DCL001,46,True,False,CL,CHL,Chile,1,Country,1,Chilean Red Cross,es,2026-01-30 06:30:20.280975+00:00,15,Fire,,en,2026-05-31T00:00:00Z,7735,4165,2026-04-30 07:30:32.284900+00:00,Chile - Wildfire,False,3000,2026-03-29 03:32:02+00:00,1,Americas,1,Americas,en,Southern Cone country cluster,2026-01-26T00:00:00Z,0,Active
19611,138490.0,138490.0,0,DREF,MDRAR025,,DAR001,20,True,False,AR,ARG,Argentina,1,Country,1,Argentine Red Cross,en,2026-01-30 06:30:20.225070+00:00,24,Landslide,,en,2026-05-31T00:00:00Z,,4163,2026-04-30 07:30:32.247542+00:00,Argentina -Landslide,True,2550,2026-03-29 03:32:02+00:00,1,Americas,1,Americas,en,Southern Cone country cluster,2026-01-26T00:00:00Z,0,Active
19599,498950.0,498950.0,0,DREF,MDRZA022,,DZA001,158,True,False,ZA,ZAF,South Africa,1,Country,0,The South African Red Cross Society,en,2026-01-27 05:00:19.162345+00:00,12,Flood,,en,2026-07-31T00:00:00Z,7771,4160,2026-04-30 07:30:32.169462+00:00,South Africa - Flood,False,10000,2026-03-29 03:32:04+00:00,0,Africa,0,Africa,en,"Country cluster for South Africa, Botswana, Lesotho, Namibia and Kingdom of Eswatini",2026-01-25T00:00:00Z,0,Active
19598,279680.0,279680.0,0,DREF,MDRMK011,,DMK001,108,True,False,MK,MKD,North Macedonia,1,Country,3,Red Cross of the Republic of North Macedonia,en,2026-01-27 05:00:19.127500+00:00,12,Flood,,en,2026-07-31T00:00:00Z,7761,4159,2026-04-30 07:30:32.132089+00:00,North Macedonia– Floods,False,1900,2026-03-29 03:32:03+00:00,3,Europe,3,Europe,en,"Cluster Delegation for Albania, Bosnia, Bulgaria, Croatia, Montenegro, North Macedonia and Serbia",2026-01-23T00:00:00Z,0,Active
19621,330155.0,330155.0,0,DREF,MDRGT027,,DGT001,76,True,False,GT,GTM,Guatemala,1,Country,1,Guatemalan Red Cross,en,2026-02-03 18:30:19.466320+00:00,1,Epidemic,,en,2026-05-31T00:00:00Z,7777,4373,2026-04-30 07:30:32.405477+00:00,Guatemala – Measles Outbreak,False,3000,2026-03-29 03:32:03+00:00,1,Americas,1,Americas,en,Central America country cluster,2026-01-23T00:00:00Z,0,Active
19587,98749.0,98749.0,0,DREF,MDRMG026,,DMG001,109,True,False,MG,MDG,Madagascar,1,Country,0,Malagasy Red Cross Society,en,2026-01-21 06:30:31.958515+00:00,1,Epidemic,,en,2026-05-31T00:00:00Z,7795,4156,2026-04-30 07:30:32.090141+00:00,Madagascar - Mpox Epidemic,False,50000,2026-03-29 03:32:03+00:00,0,Africa,0,Africa,en,"Country cluster for Madagascar, Comoro Islands, Mauritius and Seychelles",2026-01-20T00:00:00Z,0,Active
19588,85594.0,85594.0,0,DREF,MDRRS016,,DRS001,271,True,False,RS,SRB,Serbia,1,Country,3,Red Cross of Serbia,en,2026-01-21 06:30:31.986080+00:00,13,Other,,en,2026-05-31T00:00:00Z,7758,4157,2026-01-31 10:10:54.947150+00:00,Serbia - Extreme Winter Condition,False,3219,2026-01-20 15:16:04+00:00,3,Europe,3,Europe,en,"Cluster Delegation for Albania, Bosnia, Bulgaria, Croatia, Montenegro, North Macedonia and Serbia",2026-01-20T00:00:00Z,0,Active
19585,185455.0,185455.0,0,DREF,MDRTZ043,,DTZ001,189,True,False,TZ,TZA,"Tanzania, United Republic of",1,Country,0,Tanzania Red Cross National Society,en,2026-01-17 06:30:18.766415+00:00,12,Flood,,en,2026-04-30T00:00:00Z,7745,4154,2026-04-30 07:30:32.049094+00:00,Tanzania - Flood,False,3250,2026-03-29 03:32:03+00:00,0,Africa,0,Africa,en,"Country cluster for South Sudan, Tanzania and Uganda",2026-01-15T00:00:00Z,0,Active
19580,90800.0,90800.0,0,DREF,MDRCO034,,DCO001,48,True,False,CO,COL,Colombia,1,Country,1,Colombian Red Cross Society,en,2026-01-10 06:30:19.356709+00:00,5,Population Movement,,en,2026-02-28T00:00:00Z,7747,4153,2026-04-30 07:30:32.010589+00:00,Colombia - Population Movement,False,1000,2026-03-29 03:32:03+00:00,1,Americas,1,Americas,en,South America country cluster,2026-01-09T00:00:00Z,0,Active
19577,234695.0,234695.0,0,DREF,MDRGM017,,DGM001,70,True,False,GM,GMB,"Gambia, Republic of The",1,Country,0,Gambia Red Cross Society,en,2026-01-09 06:33:01.349733+00:00,5,Population Movement,,en,2026-05-31T00:00:00Z,7743,4152,2026-04-30 07:30:31.974961+00:00,Gambia - Population Movement,False,1617,2026-03-29 03:32:03+00:00,0,Africa,0,Africa,en,"Country cluster for Senegal, Cape Verde, Gambia and Mauritania",2026-01-08T00:00:00Z,0,Active
19568,149859.0,149859.0,0,DREF,MDRSS018,,DSS001,290,True,False,SS,SSD,South Sudan,1,Country,0,South Sudan Red Cross,en,2026-01-01 06:30:33.183237+00:00,1,Epidemic,,en,2026-02-28T00:00:00Z,,4151,2026-04-30 07:30:31.939953+00:00,South Sudan MVD Readiness,False,131000,2026-03-29 03:32:03+00:00,0,Africa,0,Africa,en,"Country cluster for South Sudan, Tanzania and Uganda",2025-12-30T00:00:00Z,0,Active
19552,272193.0,272193.0,0,DREF,MDRBO020,,DBO001,33,True,False,BO,BOL,Bolivia,1,Country,1,Bolivian Red Cross,en,2025-12-25 06:30:32.860354+00:00,27,Pluvial/Flash Flood,,en,2026-06-30T00:00:00Z,7731,4149,2026-04-30 07:30:31.787419+00:00,Bolivia - Flash Floods,False,3000,2026-03-29 03:32:02+00:00,1,Americas,1,Americas,en,South America country cluster,2025-12-24T00:00:00Z,0,Active
19555,351736.0,351736.0,0,DREF,MDRMA011,,DMA001,119,True,False,MA,MAR,Morocco,1,Country,4,Moroccan Red Crescent,en,2025-12-25 06:30:32.826895+00:00,12,Flood,,en,2026-06-30T00:00:00Z,7730,4148,2026-04-30 07:30:31.903055+00:00,Morocco - Flood,False,2800,2026-03-29 03:32:03+00:00,4,Middle East & North Africa,4,Middle East & North Africa,en,Tunis country cluster,2025-12-24T00:00:00Z,0,Active
19554,126843.0,126843.0,0,DREF,MDRGN019,,DGN001,77,True,False,GN,GIN,Guinea,1,Country,0,Red Cross Society of Guinea,en,2026-01-21 14:30:31.843823+00:00,7,Civil Unrest,,en,2026-03-31T00:00:00Z,,4158,2026-04-30 07:30:31.866357+00:00,Guinea - Election readiness,False,238000,2026-03-29 03:32:03+00:00,0,Africa,0,Africa,en,"Country cluster for Sierra Leone, Liberia, Guinea and Guinea Bisau",2025-12-24T00:00:00Z,0,Active
19553,470198.0,470198.0,0,DREF,MDRIR017,,DIR001,203,True,False,IR,IRN,"Iran, Islamic Republic of",1,Country,4,Red Crescent Society of the Islamic Republic of Iran,en,2025-12-25 06:30:32.887234+00:00,12,Flood,,en,2026-06-30T00:00:00Z,7739,4150,2026-04-30 07:30:31.825241+00:00,Iran - Floods,False,12000,2026-03-29 03:32:03+00:00,4,Middle East & North Africa,4,Middle East & North Africa,en,Iran country office,2025-12-23T00:00:00Z,0,Active
19549,472841.0,472841.0,0,DREF,MDRGA015,,DGA001,69,True,False,GA,GAB,Gabon,1,Country,0,Gabonese Red Cross Society,en,2025-12-24 06:30:30.747266+00:00,23,Storm Surge,,en,2026-06-30T00:00:00Z,7732,4147,2026-04-30 07:30:31.749912+00:00,Gabon - Windstorms,False,3650,2026-04-08 17:48:01+00:00,0,Africa,0,Africa,en,"Country cluster for Cameroon, Gabon, Equatorial Guinea and Sao Tome and Principe",2025-12-22T00:00:00Z,0,Active
19544,487454.0,487454.0,0,DREF,MDRIQ019,,DIQ001,87,True,False,IQ,IRQ,Iraq,1,Country,4,Iraqi Red Crescent Society,en,2025-12-22 12:30:32.063023+00:00,12,Flood,,en,2026-06-30T00:00:00Z,7725,4146,2026-04-30 07:30:31.711956+00:00,Iraq - Floods,False,16230,2026-03-29 03:32:03+00:00,4,Middle East & North Africa,4,Middle East & North Africa,en,Iraq country office,2025-12-18T00:00:00Z,0,Active
19538,748373.0,748373.0,0,DREF,MDRBI025,,DBI001,39,True,False,BI,BDI,Burundi,1,Country,0,Burundi Red Cross,en,2025-12-22 11:14:05.103700+00:00,5,Population Movement,,en,2026-04-30T00:00:00Z,7722,4145,2026-04-30 07:30:31.673284+00:00,Burundi - Population Movement,False,15600,2026-03-29 03:32:02+00:00,0,Africa,0,Africa,en,"Country cluster for Democratic Republic of Congo, Republic of Congo, Burundi and Rwanda",2025-12-15T00:00:00Z,0,Active
19530,278188.0,278188.0,0,DREF,MDRRW024,,DRW001,143,True,False,RW,RWA,Rwanda,1,Country,0,Rwandan Red Cross,en,2025-12-15 06:30:18.764057+00:00,5,Population Movement,,en,2026-04-30T00:00:00Z,,4144,2026-04-30 07:30:31.631143+00:00,Rwanda - Population Movement,False,2000,2026-03-29 03:32:03+00:00,0,Africa,0,Africa,en,"Country cluster for Democratic Republic of Congo, Republic of Congo, Burundi and Rwanda",2025-12-13T00:00:00Z,0,Active
19527,375000.0,375000.0,0,DREF,MDRBI024,,DBI001,39,True,False,BI,BDI,Burundi,1,Country,0,Burundi Red Cross,en,2025-12-13 06:30:17.381957+00:00,1,Epidemic,,en,2026-04-30T00:00:00Z,7641,4143,2026-04-30 07:30:31.586634+00:00,Burundi - Epidemic,False,20808,2026-03-29 03:32:02+00:00,0,Africa,0,Africa,en,"Country cluster for Democratic Republic of Congo, Republic of Congo, Burundi and Rwanda",2025-12-12T00:00:00Z,0,Active
19521,664864.74,9600000.0,1,Emergency Appeal,MDRCM042,,DCM001,41,True,False,CM,CMR,Cameroon,1,Country,0,Cameroon Red Cross Society,en,2025-12-09 15:30:36.878463+00:00,21,Food Insecurity,,en,2027-06-30T00:00:00Z,7821,4142,2026-04-30 07:30:31.549439+00:00,Cameroon - Food Insecurity,False,330000,2026-03-29 03:32:02+00:00,0,Africa,0,Africa,en,"Country cluster for Cameroon, Gabon, Equatorial Guinea and Sao Tome and Principe",2025-12-08T00:00:00Z,0,Active
19480,500000.0,500000.0,0,DREF,MDRIR016,,DIR001,203,True,False,IR,IRN,"Iran, Islamic Republic of",1,Country,4,Red Crescent Society of the Islamic Republic of Iran,en,2025-12-09 06:30:18.458620+00:00,15,Fire,,en,2026-09-30T00:00:00Z,7715,4140,2026-04-30 07:30:31.502252+00:00,Iran - Wildfires,False,6510,2026-03-29 03:32:03+00:00,4,Middle East & North Africa,4,Middle East & North Africa,en,Iran country office,2025-12-07T00:00:00Z,0,Active
19479,1000000.0,1000000.0,0,DREF,MDRID028,,DID001,85,True,False,ID,IDN,Indonesia,1,Country,2,Indonesian Red Cross Society,en,2025-12-09 06:30:18.360934+00:00,12,Flood,,en,2026-09-30T00:00:00Z,7714,4137,2026-04-30 07:30:31.464239+00:00,Indonesia - Floods,False,59600,2026-03-29 03:32:03+00:00,2,Asia Pacific,2,Asia Pacific,en,Indonesia country cluster,2025-12-06T00:00:00Z,0,Active
19478,80000.0,80000.0,0,DREF,MDRCO033,,DCO001,48,True,False,CO,COL,Colombia,1,Country,1,Colombian Red Cross Society,en,2025-12-09 06:30:18.486056+00:00,8,Volcanic Eruption,,en,2026-01-31T00:00:00Z,,4141,2026-04-30 07:30:31.424865+00:00,Colombia - Volcanic Eruption,False,0,2026-04-18 08:34:01+00:00,1,Americas,1,Americas,en,South America country cluster,2025-12-05T00:00:00Z,0,Active
19477,874573.0,874573.0,0,DREF,MDRNE031,,DNE001,127,True,False,NE,NER,Niger,1,Country,0,Red Cross Society of Niger,en,2025-12-09 06:30:18.391562+00:00,20,Drought,,en,2030-12-31T00:00:00Z,,4138,2026-04-30 07:30:31.385352+00:00,Niger - Drought EAP,False,10000,2026-03-29 03:32:03+00:00,0,Africa,0,Africa,en,"Country cluster for Niger, Cote d'Ivoire, Burkina Faso and Mali",2025-12-04T00:00:00Z,0,Active
19476,219733.0,219733.0,0,DREF,MDRNP020,,DNP001,123,True,False,NP,NPL,Nepal,1,Country,2,Nepal Red Cross Society,en,2025-12-09 06:30:18.327630+00:00,19,Heat Wave,,en,2027-12-31T00:00:00Z,7726,4136,2026-04-30 07:30:31.129277+00:00,Nepal - Heatwave sEAP,False,8000,2026-03-29 03:32:03+00:00,2,Asia Pacific,2,Asia Pacific,en,Nepal country office,2025-12-03T00:00:00Z,0,Active
19475,5338360.03,12000000.0,1,Emergency Appeal,MDRLK023,,DLK001,160,True,False,LK,LKA,Sri Lanka,1,Country,2,Sri Lanka Red Cross Society,en,2025-12-09 06:30:18.429571+00:00,4,Cyclone,,en,2027-12-31T00:00:00Z,7713,4139,2026-04-30 07:30:31.086992+00:00,Sri Lanka - Tropical Cyclone,False,500000,2026-03-29 03:32:03+00:00,2,Asia Pacific,2,Asia Pacific,en,New Delhi country cluster,2025-12-02T00:00:00Z,0,Active
19467,608000.0,608000.0,0,DREF,MDRVN026,,DVN001,191,True,False,VN,VNM,Viet Nam,1,Country,2,Vietnam Red Cross Society,en,2025-11-30 15:30:31.034713+00:00,12,Flood,,en,2026-08-31T00:00:00Z,7707,4135,2026-04-30 07:30:31.017598+00:00,Viet Nam - Flood,False,13280,2026-03-29 03:32:04+00:00,2,Asia Pacific,2,Asia Pacific,en,Bangkok country cluster,2025-11-29T00:00:00Z,0,Active
19459,499267.0,499267.0,0,DREF,MDRCG026,,DCG001,184,True,False,CG,COG,Congo,1,Country,0,Congolese Red Cross,en,2025-11-25 18:30:35.967512+00:00,12,Flood,,en,2026-03-31T00:00:00Z,7705,4134,2026-04-30 07:30:30.940337+00:00,Congo - Floods,False,12500,2026-03-29 03:32:02+00:00,0,Africa,0,Africa,en,"Country cluster for Democratic Republic of Congo, Republic of Congo, Burundi and Rwanda",2025-11-25T00:00:00Z,0,Active
19460,150000.0,150000.0,0,DREF,MDRKE069,,DKE001,93,True,False,KE,KEN,Kenya,1,Country,0,Kenya Red Cross Society,en,2025-11-25 18:30:35.934661+00:00,1,Epidemic,,en,2026-02-28T00:00:00Z,7673,4133,2026-04-30 07:30:30.980033+00:00,Kenya - Marburg Virus Disease,False,111444,2026-03-29 03:32:03+00:00,0,Africa,0,Africa,en,Africa Regional Office and Country cluster for Kenya and Somalia,2025-11-25T00:00:00Z,0,Active
19205,478670.0,478670.0,0,DREF,MDRET039,,DET001,65,True,False,ET,ETH,Ethiopia,1,Country,0,Ethiopian Red Cross Society,en,2025-11-19 15:30:19.080691+00:00,1,Epidemic,,en,2026-05-31T00:00:00Z,7704,4131,2026-04-30 07:30:30.900526+00:00,Ethiopia - Outbreak,False,573000,2026-03-29 03:32:03+00:00,0,Africa,0,Africa,en,Country cluster for Ethiopia and Djibouti,2025-11-19T00:00:00Z,0,Active
19202,461735.0,461735.0,0,DREF,MDRCD048,,DCD001,187,True,False,CD,COD,Democratic Republic of Congo,1,Country,0,Red Cross of the Democratic Republic of the Congo,en,2025-11-19 12:30:19.851141+00:00,12,Flood,,en,2026-03-31T00:00:00Z,7700,4130,2026-04-30 07:30:30.862615+00:00,Democratic Republic of Congo - Flood,False,18000,2026-03-29 03:32:02+00:00,0,Africa,0,Africa,en,"Country cluster for Democratic Republic of Congo, Republic of Congo, Burundi and Rwanda",2025-11-19T00:00:00Z,0,Active
19173,917330.0,917330.0,0,DREF,MDRHN027,,DHN001,81,True,False,HN,HND,Honduras,1,Country,1,Honduran Red Cross,en,2025-10-30 18:30:15.765223+00:00,12,Flood,,en,2030-10-31T00:00:00Z,,4127,2026-04-30 07:30:30.787084+00:00,Honduras - Floods EAP,False,10000,2026-03-29 03:32:03+00:00,1,Americas,1,Americas,en,Central America country cluster,2025-10-30T00:00:00Z,0,Active
19178,3988644.73,18100000.0,1,Emergency Appeal,MDRCU013,,DCU001,54,True,False,CU,CUB,Cuba,1,Country,1,Cuban Red Cross,en,2025-10-31 00:30:14.291098+00:00,4,Cyclone,,en,2027-10-31T00:00:00Z,7687,4129,2026-04-30 07:30:30.826820+00:00,Cuba - Hurricane,False,100000,2026-03-29 03:32:03+00:00,1,Americas,1,Americas,en,"Cuba, Haiti and Dominican Republic country cluster",2025-10-30T00:00:00Z,0,Active
19172,499082.0,499082.0,0,DREF,MDRDO019,,DDO001,59,True,False,DO,DOM,Dominican Republic,1,Country,1,Dominican Red Cross,en,2025-10-30 18:30:15.791248+00:00,4,Cyclone,,en,2026-04-30T00:00:00Z,7674,4128,2026-04-30 07:30:30.747128+00:00,Dominican Republic - Hurricane Melissa,False,6750,2026-03-03 19:07:03+00:00,1,Americas,1,Americas,en,"Cuba, Haiti and Dominican Republic country cluster",2025-10-30T00:00:00Z,0,Active
19169,999910.0,999910.0,0,DREF,MDRMW024,,DMW001,110,True,False,MW,MWI,Malawi,1,Country,0,Malawi Red Cross Society,en,2025-10-26 18:30:16.000938+00:00,21,Food Insecurity,,en,2026-07-31T00:00:00Z,7670,4126,2026-04-30 07:30:30.706178+00:00,Malawi – Food Insecurity,False,45000,2026-03-29 03:32:03+00:00,0,Africa,0,Africa,en,"Country cluster for Zimbabwe, Malawi and Zambia",2025-10-24T00:00:00Z,0,Active
19166,220000.0,220000.0,0,DREF,MDRSS017,,DSS001,290,True,False,SS,SSD,South Sudan,1,Country,0,South Sudan Red Cross,en,2025-10-24 14:30:16.865005+00:00,12,Flood,,en,2027-10-31T00:00:00Z,,4124,2026-04-30 07:30:30.665959+00:00,South Sudan - Floods sEAP,False,20000,2026-03-29 03:32:03+00:00,0,Africa,0,Africa,en,"Country cluster for South Sudan, Tanzania and Uganda",2025-10-23T00:00:00Z,0,Active
19159,10888047.709999999,19000000.0,1,Emergency Appeal,MDRJM005,,DJM001,90,True,False,JM,JAM,Jamaica,1,Country,1,Jamaica Red Cross,en,2025-10-23 20:30:17.560723+00:00,4,Cyclone,,en,2027-10-31T00:00:00Z,7678,4123,2026-04-30 07:30:30.586448+00:00,Jamaica - Hurricane Melissa,False,180000,2026-03-29 03:32:03+00:00,1,Americas,1,Americas,en,Caribbean country cluster,2025-10-23T00:00:00Z,0,Active
19165,337798.65,10000000.0,1,Emergency Appeal,MDRKE068,,DKE001,93,True,False,KE,KEN,Kenya,1,Country,0,Kenya Red Cross Society,en,2025-10-24 14:30:16.896495+00:00,13,Other,,en,2026-12-31T00:00:00Z,7658,4125,2026-04-30 07:30:30.626003+00:00,Kenya - Complex Emergency,False,300000,2026-03-29 03:32:03+00:00,0,Africa,0,Africa,en,Africa Regional Office and Country cluster for Kenya and Somalia,2025-10-22T00:00:00Z,0,Active
19154,219287.0,219287.0,0,DREF,MDRMW023,,DMW001,110,True,False,MW,MWI,Malawi,1,Country,0,Malawi Red Cross Society,en,2025-10-17 14:30:17.874215+00:00,27,Pluvial/Flash Flood,,en,2026-04-30T00:00:00Z,7676,4121,2026-04-30 07:30:30.546877+00:00,Malawi - Pluvial Floods sEAP,False,12500,2026-03-29 03:32:03+00:00,0,Africa,0,Africa,en,"Country cluster for Zimbabwe, Malawi and Zambia",2025-10-17T00:00:00Z,0,Active
19153,380077.0,380077.0,0,DREF,MDRCU012,,DCU001,54,True,False,CU,CUB,Cuba,1,Country,1,Cuban Red Cross,en,2025-10-17 14:30:17.910765+00:00,1,Epidemic,,en,2026-04-30T00:00:00Z,7667,4122,2026-04-30 07:30:30.505110+00:00,Cuba- Arboviral Outbreak,False,10000,2026-03-29 03:32:03+00:00,1,Americas,1,Americas,en,"Cuba, Haiti and Dominican Republic country cluster",2025-10-17T00:00:00Z,0,Active
19148,219282.0,219282.0,0,DREF,MDRZW026,,DZW001,13,True,False,ZW,ZWE,Zimbabwe,1,Country,0,Zimbabwe Red Cross Society,en,2025-10-16 17:30:17.316502+00:00,1,Epidemic,,en,2026-08-31T00:00:00Z,,4119,2026-04-30 07:30:30.425929+00:00,Zimbabwe - Cholera sEAP,False,61780,2026-03-29 03:32:04+00:00,0,Africa,0,Africa,en,"Country cluster for Zimbabwe, Malawi and Zambia",2025-10-16T00:00:00Z,0,Active
19150,486973.0,486973.0,0,DREF,MDRPH058,,DPH001,136,True,False,PH,PHL,Philippines,1,Country,2,Philippine Red Cross,en,2025-10-17 11:30:16.932188+00:00,2,Earthquake,,en,2026-04-30T00:00:00Z,7669,4120,2026-04-30 07:30:30.462796+00:00,Philippines – Davao Earthquake,False,11755,2026-03-29 03:32:03+00:00,2,Asia Pacific,2,Asia Pacific,en,Philippines country office,2025-10-16T00:00:00Z,0,Active
19141,500000.0,500000.0,0,DREF,MDREG022,,DEG001,61,True,False,EG,EGY,Egypt,1,Country,4,Egyptian Red Crescent Society,en,2025-10-10 17:30:17.514730+00:00,12,Flood,,en,2026-04-30T00:00:00Z,7659,4117,2026-04-30 07:30:30.350570+00:00,Egypt - Flood,False,4000,2026-03-29 03:32:03+00:00,4,Middle East & North Africa,4,Middle East & North Africa,en,Middle East and North Africa,2025-10-10T00:00:00Z,0,Active
19143,78002.0,78002.0,0,DREF,MDRAO013,,DAO001,18,True,False,AO,AGO,Angola,1,Country,0,Angola Red Cross,en,2025-10-10 20:30:16.874366+00:00,1,Epidemic,,en,2025-12-31T00:00:00Z,7680,4118,2026-04-30 07:30:30.389076+00:00,Angola - Ebola Readiness,False,144000,2026-03-29 03:32:02+00:00,0,Africa,0,Africa,en,Country cluster for Mozambique and Angola,2025-10-10T00:00:00Z,0,Active
19125,224005.0,224005.0,0,DREF,MDRGE020,,DGE001,71,True,False,GE,GEO,Georgia,1,Country,3,Red Cross Society of Georgia,en,2025-10-08 14:30:17.726056+00:00,27,Pluvial/Flash Flood,,en,2026-03-31T00:00:00Z,7662,4116,2026-04-30 07:30:30.313948+00:00,Georgia - Pluvial/Flash Floods,False,3500,2026-03-29 03:32:03+00:00,3,Europe,3,Europe,en,Southern Caucasus country cluster,2025-10-08T00:00:00Z,0,Active
19123,4577945.68,15500000.0,1,Emergency Appeal,MDRPH057,,DPH001,136,True,False,PH,PHL,Philippines,1,Country,2,Philippine Red Cross,en,2025-10-02 20:30:16.601768+00:00,2,Earthquake,,en,2027-10-31T00:00:00Z,7656,4115,2026-04-30 07:30:30.272937+00:00,Philippines - Cebu Earthquake,False,284904,2026-03-29 03:32:03+00:00,2,Asia Pacific,2,Asia Pacific,en,Philippines country office,2025-10-02T00:00:00Z,0,Active
19114,212927.0,212927.0,0,DREF,MDRMR020,,DMR001,114,True,False,MR,MRT,Mauritania,1,Country,0,Mauritanian Red Crescent,en,2025-09-29 11:30:18.684460+00:00,12,Flood,,en,2027-09-30T00:00:00Z,,4114,2026-04-30 07:30:30.191948+00:00,Mauritania - Flood sEAP,True,2400,2026-03-29 03:32:03+00:00,0,Africa,0,Africa,en,"Country cluster for Senegal, Cape Verde, Gambia and Mauritania",2025-09-26T00:00:00Z,0,Active
19115,1351977.12,15000000.0,1,Emergency Appeal,MDRSO025,,DSO001,157,True,False,SO,SOM,Somalia,1,Country,0,Somali Red Crescent Society,en,2025-09-29 11:30:18.645986+00:00,6,Complex Emergency,,en,2027-03-31T00:00:00Z,7660,4113,2026-04-30 07:30:30.230071+00:00,Somalia - Complex Emergency,False,450000,2026-03-29 03:32:03+00:00,0,Africa,0,Africa,en,Africa Regional Office and Country cluster for Kenya and Somalia,2025-09-26T00:00:00Z,0,Active
19109,468269.0,468269.0,0,DREF,MDRTD025,,DTD001,45,True,False,TD,TCD,Chad,1,Country,0,Red Cross of Chad,en,2025-09-23 14:30:16.684560+00:00,1,Epidemic,,en,2026-03-31T00:00:00Z,7587,4111,2026-04-30 07:30:30.153504+00:00,Chad - Cholera Outbreak,False,214398,2026-03-29 03:32:03+00:00,0,Africa,0,Africa,en,Country cluster for Central African Republic and Chad,2025-09-23T00:00:00Z,0,Active
19105,246001.0,246001.0,0,DREF,MDRCR027,,DCR001,51,True,False,CR,CRI,Costa Rica,1,Country,1,Costa Rican Red Cross,en,2025-09-23 11:30:16.694524+00:00,12,Flood,,en,2026-03-31T00:00:00Z,,4110,2026-04-30 07:30:30.074047+00:00,Costa Rica - Flood Readiness,False,4500,2026-03-29 03:32:03+00:00,1,Americas,1,Americas,en,Central America country cluster,2025-09-20T00:00:00Z,0,Active
19106,890787.0,890787.0,0,DREF,MDRMG025,,DMG001,109,True,False,MG,MDG,Madagascar,1,Country,0,Malagasy Red Cross Society,en,2025-09-23 11:30:16.666285+00:00,4,Cyclone,,en,2030-09-30T00:00:00Z,,4109,2026-04-30 07:30:30.115121+00:00,Madagascar - Cyclone EAP,False,25000,2026-03-29 03:32:03+00:00,0,Africa,0,Africa,en,"Country cluster for Madagascar, Comoro Islands, Mauritius and Seychelles",2025-09-19T00:00:00Z,0,Active
19095,829824.0,829824.0,0,DREF,MDRPK029,,DPK001,131,True,False,PK,PAK,Pakistan,1,Country,2,Pakistan Red Crescent,en,2025-09-17 08:30:22.417567+00:00,12,Flood,,en,2030-09-30T00:00:00Z,7650,4107,2026-04-30 07:30:30.034797+00:00,Pakistan - Riverine Floods EAP,False,105000,2026-03-29 03:32:03+00:00,2,Asia Pacific,2,Asia Pacific,en,Pakistan country office,2025-09-15T00:00:00Z,0,Active
19093,375000.0,375000.0,0,DREF,MDRSL019,,DSL001,152,True,False,SL,SLE,Sierra Leone,1,Country,0,Sierra Leone Red Cross Society,en,2025-09-15 11:30:20.983618+00:00,12,Flood,,en,2026-02-28T00:00:00Z,7629,4106,2026-04-30 07:30:29.997135+00:00,Sierra Leone - Floods,False,5000,2026-03-29 03:32:03+00:00,0,Africa,0,Africa,en,"Country cluster for Sierra Leone, Liberia, Guinea and Guinea Bisau",2025-09-13T00:00:00Z,0,Active
19010,2753213.63,17000000.0,1,Emergency Appeal,MDRCD047,,DCD001,187,True,False,CD,COD,Democratic Republic of Congo,1,Country,0,Red Cross of the Democratic Republic of the Congo,en,2025-09-19 12:00:19.734619+00:00,1,Epidemic,,en,2026-09-30T00:00:00Z,7631,4108,2026-04-30 07:30:29.213520+00:00,DRC - Ebola outbreak,False,965000,2026-03-29 03:32:02+00:00,0,Africa,0,Africa,en,"Country cluster for Democratic Republic of Congo, Republic of Congo, Burundi and Rwanda",2025-09-11T00:00:00Z,0,Active
19087,220000.0,220000.0,0,DREF,MDRGH022,,DGH001,73,True,False,GH,GHA,Ghana,1,Country,0,Ghana Red Cross Society,en,2025-09-10 17:30:18.073134+00:00,12,Flood,,en,2027-09-30T00:00:00Z,,4105,2026-04-30 07:30:29.959220+00:00,Ghana - Flood sEAP,False,3000,2026-03-29 03:32:03+00:00,0,Africa,0,Africa,en,"Country cluster for Nigeria, Benin, Ghana and Togo",2025-09-10T00:00:00Z,0,Active
19079,220495.0,220495.0,0,DREF,MDRDJ008,,DDJ001,57,True,False,DJ,DJI,Djibouti,1,Country,0,Red Crescent Society of Djibouti,en,2025-09-08 11:30:17.855444+00:00,5,Population Movement,,en,2027-09-30T00:00:00Z,,4102,2026-04-30 07:30:29.913455+00:00,Djibouti - Population Movement - sEAP,False,6244,2026-03-29 03:32:03+00:00,0,Africa,0,Africa,en,Country cluster for Ethiopia and Djibouti,2025-09-05T00:00:00Z,0,Active
19076,7154013.15,27000000.0,1,Emergency Appeal,MDRAF019,,DAF001,14,True,False,AF,AFG,Afghanistan,1,Country,2,Afghan Red Crescent,en,2025-09-03 17:30:18.936988+00:00,2,Earthquake,,en,2027-12-31T00:00:00Z,7628,4101,2026-04-30 07:30:29.875027+00:00,Afghanistan - Earthquake,False,170000,2026-03-29 03:32:02+00:00,2,Asia Pacific,2,Asia Pacific,en,Afghanistan country office,2025-09-03T00:00:00Z,0,Active
19073,259300.0,259300.0,0,DREF,MDRBO019,,DBO001,33,True,False,BO,BOL,Bolivia,1,Country,1,Bolivian Red Cross,en,2025-09-02 17:30:17.646251+00:00,15,Fire,,en,2026-03-31T00:00:00Z,7616,4100,2026-04-30 07:30:29.837281+00:00,Bolivia - Wildfires,False,2150,2026-03-29 03:32:02+00:00,1,Americas,1,Americas,en,South America country cluster,2025-09-02T00:00:00Z,0,Active
18442,999992.0,999992.0,0,DREF,MDRYE016,,DYE001,10,True,False,YE,YEM,Yemen,1,Country,4,Yemen Red Crescent Society,en,2026-02-11 12:00:22.580579+00:00,12,Flood,,en,2026-02-28T00:00:00Z,7618,4378,2026-04-30 07:30:24.106647+00:00,Yemen - Floods,False,0,2026-03-29 03:32:04+00:00,4,Middle East & North Africa,4,Middle East & North Africa,en,Yemen country office,2025-08-28T00:00:00Z,0,Active
19032,999892.0,999892.0,0,DREF,MDRSY017,,DSY001,206,True,False,SY,SYR,Syrian Arab Republic,1,Country,4,Syrian Arab Red Crescent,en,2025-09-29 09:00:32.364255+00:00,20,Drought,,en,2026-08-31T00:00:00Z,7545,4112,2026-04-30 07:30:29.531697+00:00,Syria - Drought,False,100000,2026-03-29 03:32:03+00:00,4,Middle East & North Africa,4,Middle East & North Africa,en,Syria country office,2025-08-22T00:00:00Z,0,Active
19056,1430048.6,16000000.0,1,Emergency Appeal,MDRPK028,,DPK001,131,True,False,PK,PAK,Pakistan,1,Country,2,Pakistan Red Crescent,en,2025-08-25 11:30:17.535771+00:00,12,Flood,,en,2026-12-31T00:00:00Z,7550,4099,2026-04-30 07:30:29.799972+00:00,Pakistan - Flood,False,225000,2026-03-29 03:32:03+00:00,2,Asia Pacific,2,Asia Pacific,en,Pakistan country office,2025-08-21T00:00:00Z,0,Active
19048,1029462.53,2500000.0,1,Emergency Appeal,MDRCV005,,DCV001,43,True,False,CV,CPV,Cabo Verde,1,Country,0,Red Cross of Cape Verde,en,2025-08-20 20:30:16.843569+00:00,12,Flood,,en,2026-08-31T00:00:00Z,7621,4098,2026-04-30 07:30:29.727294+00:00,Cape Verde - Flood,False,40000,2026-03-29 03:32:03+00:00,0,Africa,0,Africa,en,"Country cluster for Senegal, Cape Verde, Gambia and Mauritania",2025-08-20T00:00:00Z,0,Active
19049,375000.0,375000.0,0,DREF,MDRKE067,,DKE001,93,True,False,KE,KEN,Kenya,1,Country,0,Kenya Red Cross Society,en,2025-08-20 20:30:16.808336+00:00,5,Population Movement,,en,2025-11-30T00:00:00Z,7586,4097,2026-04-30 07:30:29.763156+00:00,Kenya - Population Movement,False,2500,2026-03-29 03:32:03+00:00,0,Africa,0,Africa,en,Africa Regional Office and Country cluster for Kenya and Somalia,2025-08-20T00:00:00Z,0,Active
19034,215089.0,215089.0,0,DREF,MDRMG024,,DMU001,115,True,False,MU,MUS,Mauritius,1,Country,0,Mauritius Red Cross Society,en,2025-08-15 14:30:16.162634+00:00,12,Flood,,en,2027-08-31T00:00:00Z,,4093,2026-04-30 07:30:29.568182+00:00,Madagascar - Floods sEAP,False,2000,2026-03-29 03:32:03+00:00,0,Africa,0,Africa,en,"Country cluster for Madagascar, Comoro Islands, Mauritius and Seychelles",2025-08-14T00:00:00Z,0,Active
19035,1000000.0,1000000.0,0,DREF,MDRVN025,,DVN001,191,True,False,VN,VNM,Viet Nam,1,Country,2,Vietnam Red Cross Society,en,2025-08-15 14:30:16.211712+00:00,12,Flood,,en,2026-05-31T00:00:00Z,7543,4095,2026-04-30 07:30:29.604396+00:00,Viet Nam - Monsoon Flood,False,36530,2026-03-29 03:32:04+00:00,2,Asia Pacific,2,Asia Pacific,en,Bangkok country cluster,2025-08-14T00:00:00Z,0,Active
19036,209072.0,209072.0,0,DREF,MDRWS003,,DWS001,147,True,False,WS,WSM,Samoa,1,Country,2,Samoa Red Cross Society,en,2025-08-15 14:30:16.187895+00:00,1,Epidemic,,en,2026-02-28T00:00:00Z,7574,4094,2026-04-30 07:30:29.644773+00:00,Samoa - Dengue Outbreak,False,15000,2026-03-29 03:32:04+00:00,2,Asia Pacific,2,Asia Pacific,en,Suva country cluster,2025-08-14T00:00:00Z,0,Active
19043,170305.0,170305.0,0,DREF,MDRSY016,,DSY001,206,True,False,SY,SYR,Syrian Arab Republic,1,Country,4,Syrian Arab Red Crescent,en,2025-08-19 17:30:18.567040+00:00,19,Heat Wave,,en,2025-11-30T00:00:00Z,7607,4096,2026-04-30 07:30:29.690759+00:00,Syria - Heatwave,False,25000,2026-03-29 03:32:03+00:00,4,Middle East & North Africa,4,Middle East & North Africa,en,Syria country office,2025-08-14T00:00:00Z,0,Active
19027,219867.0,219867.0,0,DREF,MDRPY024,,DPY001,134,True,False,PY,PRY,Paraguay,1,Country,1,Paraguayan Red Cross,en,2025-08-13 17:30:17.765386+00:00,20,Drought,,en,2027-08-31T00:00:00Z,,4090,2026-04-30 07:30:29.451736+00:00,Paraguay - Drought sEAP,False,2450,2026-03-29 03:32:03+00:00,1,Americas,1,Americas,en,Southern Cone country cluster,2025-08-13T00:00:00Z,0,Active
19025,219961.0,219961.0,0,DREF,MDRET038,,DET001,65,True,False,ET,ETH,Ethiopia,1,Country,0,Ethiopian Red Cross Society,en,2025-08-12 14:30:20.780991+00:00,1,Epidemic,,en,2027-08-31T00:00:00Z,,4089,2026-04-30 07:30:29.413896+00:00,Ethiopia - Cholera sEAP,False,12500,2026-03-29 03:32:03+00:00,0,Africa,0,Africa,en,Country cluster for Ethiopia and Djibouti,2025-08-12T00:00:00Z,0,Active
19021,375000.0,375000.0,0,DREF,MDRMR019,,DMR001,114,True,False,MR,MRT,Mauritania,1,Country,0,Mauritanian Red Crescent,en,2025-08-08 20:30:19.795791+00:00,5,Population Movement,,en,2026-04-30T00:00:00Z,7613,4088,2026-04-30 07:30:29.371838+00:00,Mauritania - Population Movement,False,8100,2026-03-29 03:32:03+00:00,0,Africa,0,Africa,en,"Country cluster for Senegal, Cape Verde, Gambia and Mauritania",2025-08-08T00:00:00Z,0,Active
19020,312000.0,312000.0,0,DREF,MDRLA011,,DLA001,99,True,False,LA,LAO,Lao People's Democratic Republic,1,Country,2,Lao Red Cross,en,2025-08-08 20:30:19.769515+00:00,12,Flood,,en,2026-02-28T00:00:00Z,7556,4087,2026-04-30 07:30:29.333608+00:00,Laos - Flood,False,10619,2026-03-29 03:32:03+00:00,2,Asia Pacific,2,Asia Pacific,en,Bangkok country cluster,2025-08-08T00:00:00Z,0,Active
19016,376556.0,376556.0,0,DREF,MDRSO024,,DSO001,157,True,False,SO,SOM,Somalia,1,Country,0,Somali Red Crescent Society,en,2025-08-08 14:30:19.402748+00:00,1,Epidemic,,en,2026-02-28T00:00:00Z,7505,4086,2026-04-30 07:30:29.297379+00:00,Somalia - Epidemic  Diphtheria Outbreak,False,508844,2026-03-29 03:32:03+00:00,0,Africa,0,Africa,en,Africa Regional Office and Country cluster for Kenya and Somalia,2025-08-07T00:00:00Z,0,Active
19030,185479.0,185479.0,0,DREF,MDRGQ006,,DGQ001,63,True,False,GQ,GNQ,Equatorial Guinea,1,Country,0,Red Cross of Equatorial Guinea,en,2025-08-14 11:30:16.414120+00:00,12,Flood,,en,2026-01-31T00:00:00Z,7596,4091,2026-04-30 07:30:29.489708+00:00,Equatorial Guinea - flood,False,1500,2026-03-29 03:32:03+00:00,0,Africa,0,Africa,en,"Country cluster for Cameroon, Gabon, Equatorial Guinea and Sao Tome and Principe",2025-08-07T00:00:00Z,0,Active
19015,431534.0,431534.0,0,DREF,MDRCG025,,DCG001,184,True,False,CG,COG,Congo,1,Country,0,Congolese Red Cross,en,2025-08-08 14:30:19.373489+00:00,1,Epidemic,,en,2025-12-31T00:00:00Z,7581,4085,2026-04-30 07:30:29.250420+00:00,Republic of Congo - Cholera,False,214577,2026-03-29 03:32:02+00:00,0,Africa,0,Africa,en,"Country cluster for Democratic Republic of Congo, Republic of Congo, Burundi and Rwanda",2025-08-04T00:00:00Z,0,Active
19007,165440.0,165440.0,0,DREF,MDRGN018,,DGN001,77,True,False,GN,GIN,Guinea,1,Country,0,Red Cross Society of Guinea,en,2025-07-31 17:30:18.065863+00:00,12,Flood,,en,2026-01-31T00:00:00Z,,4083,2026-04-30 07:30:29.176094+00:00,Guinea - Floods,False,17523,2026-03-29 03:32:03+00:00,0,Africa,0,Africa,en,"Country cluster for Sierra Leone, Liberia, Guinea and Guinea Bisau",2025-07-31T00:00:00Z,0,Active
19005,250353.0,250353.0,0,DREF,MDRNP019,,DNP001,123,True,False,NP,NPL,Nepal,1,Country,2,Nepal Red Cross Society,en,2025-07-31 14:30:19.350488+00:00,20,Drought,,en,2025-12-31T00:00:00Z,7579,4082,2026-04-30 07:30:29.132866+00:00,Nepal - Drought,False,60000,2026-03-29 03:32:03+00:00,2,Asia Pacific,2,Asia Pacific,en,Nepal country office,2025-07-30T00:00:00Z,0,Active
19001,80000.0,80000.0,0,DREF,MDRBF022,,DBF001,181,True,False,BF,BFA,Burkina Faso,1,Country,0,Burkinabe Red Cross Society,en,2025-07-25 17:30:17.172837+00:00,12,Flood,,en,2025-09-30T00:00:00Z,,4081,2026-04-30 07:30:29.091719+00:00,Burkina Faso - Flood Anticipatory Action,False,0,2026-03-29 03:32:02+00:00,0,Africa,0,Africa,en,"Country cluster for Niger, Cote d'Ivoire, Burkina Faso and Mali",2025-07-25T00:00:00Z,0,Active
18998,381476.0,381476.0,0,DREF,MDRGT026,,DGT001,76,True,False,GT,GTM,Guatemala,1,Country,1,Guatemalan Red Cross,en,2025-07-24 17:30:16.451583+00:00,2,Earthquake,,en,2026-01-31T00:00:00Z,7563,4080,2026-04-30 07:30:29.040044+00:00,Guatemala - Earthquake,False,2550,2026-03-29 03:32:03+00:00,1,Americas,1,Americas,en,Central America country cluster,2025-07-20T00:00:00Z,0,Active
18992,499980.0,499980.0,0,DREF,MDRBD038,,DBD001,27,True,False,BD,BGD,Bangladesh,1,Country,2,Bangladesh Red Crescent Society,en,2025-07-16 17:30:15.936494+00:00,14,Cold Wave,,en,2030-07-31T00:00:00Z,7598,4079,2026-04-30 07:30:29.001801+00:00,Bangladesh - Cold Wave EAP,False,150000,2026-03-29 03:32:02+00:00,2,Asia Pacific,2,Asia Pacific,en,Bangladesh country office,2025-07-16T00:00:00Z,0,Active
18988,1000000.0,1000000.0,0,DREF,MDRNG043,,DNG001,128,True,False,NG,NGA,Nigeria,1,Country,0,Nigerian Red Cross Society,en,2025-07-14 23:30:16.427731+00:00,6,Complex Emergency,,en,2026-04-30T00:00:00Z,7499,4078,2026-04-30 07:30:28.962385+00:00,Nigeria - Population Movement,False,24000,2026-03-29 03:32:03+00:00,0,Africa,0,Africa,en,"Country cluster for Nigeria, Benin, Ghana and Togo",2025-07-14T00:00:00Z,0,Active
18963,339570.0,339570.0,0,DREF,MDRCO032,,DCO001,48,True,False,CO,COL,Colombia,1,Country,1,Colombian Red Cross Society,en,2025-07-10 11:30:18.269990+00:00,12,Flood,,en,2025-12-31T00:00:00Z,7555,4077,2026-04-30 07:30:28.919903+00:00,Colombia - Floods,False,12800,2026-03-29 03:32:02+00:00,1,Americas,1,Americas,en,South America country cluster,2025-07-09T00:00:00Z,0,Active
18960,999998.0,999998.0,0,DREF,MDRSY015,,DSY001,206,True,False,SY,SYR,Syrian Arab Republic,1,Country,4,Syrian Arab Red Crescent,en,2025-07-09 14:30:17.363905+00:00,15,Fire,,en,2026-01-31T00:00:00Z,7554,4076,2026-04-30 07:30:28.877594+00:00,Syria - Wildfires,False,25000,2026-03-29 03:32:03+00:00,4,Middle East & North Africa,4,Middle East & North Africa,en,Syria country office,2025-07-08T00:00:00Z,0,Active
18957,318535.0,318535.0,0,DREF,MDRHN026,,DHN001,81,True,False,HN,HND,Honduras,1,Country,1,Honduran Red Cross,en,2025-07-08 14:30:18.028820+00:00,12,Flood,,en,2026-01-31T00:00:00Z,7551,4075,2026-04-30 07:30:28.838002+00:00,Honduras -Floods,False,5000,2026-03-29 03:32:03+00:00,1,Americas,1,Americas,en,Central America country cluster,2025-07-07T00:00:00Z,0,Active
18953,375194.0,375194.0,0,DREF,MDRVE012,,DVE001,8,True,False,VE,VEN,Venezuela,1,Country,1,Venezuelan Red Cross,en,2025-07-02 14:30:16.263254+00:00,12,Flood,,en,2025-12-31T00:00:00Z,7540,4074,2026-04-30 07:30:28.796017+00:00,Venezuela - Flood,False,5000,2026-03-29 03:32:04+00:00,1,Americas,1,Americas,en,Venezuela Country Office,2025-07-01T00:00:00Z,0,Active
18943,219904.0,219904.0,0,DREF,MDRSO023,,DSO001,157,True,False,SO,SOM,Somalia,1,Country,0,Somali Red Crescent Society,en,2025-06-27 14:30:17.800341+00:00,1,Epidemic,,en,2027-06-30T00:00:00Z,7505,4073,2026-04-30 07:30:28.758948+00:00,Somalia - Cholera sEAP,False,24700,2026-03-29 03:32:03+00:00,0,Africa,0,Africa,en,Africa Regional Office and Country cluster for Kenya and Somalia,2025-06-25T00:00:00Z,0,Active
18941,80000.0,80000.0,0,DREF,MDRIQ018,,DIQ001,87,True,False,IQ,IRQ,Iraq,1,Country,4,Iraqi Red Crescent Society,en,2025-06-26 11:30:17.452602+00:00,5,Population Movement,,en,2025-08-31T00:00:00Z,,4072,2026-04-30 07:30:28.719849+00:00,Iraq - Population Movement,False,0,2025-06-27 12:25:05+00:00,4,Middle East & North Africa,4,Middle East & North Africa,en,Iraq country office,2025-06-25T00:00:00Z,0,Active
18939,349720.0,349720.0,0,DREF,MDRPA021,,DPA001,132,True,False,PA,PAN,Panama,1,Country,1,Red Cross Society of Panama,en,2025-06-24 20:30:19.146437+00:00,13,Other,,en,2025-11-30T00:00:00Z,7526,4071,2026-04-30 07:30:28.679176+00:00,Panama - Biological River Pollution,False,30000,2026-03-29 03:32:03+00:00,1,Americas,1,Americas,en,Americas Regional Office,2025-06-24T00:00:00Z,0,Active
18936,84039.0,84039.0,0,DREF,MDRAM015,,DAM001,21,True,False,AM,ARM,Armenia,1,Country,3,Armenian Red Cross Society,en,2025-06-24 17:30:18.163047+00:00,13,Other,,en,2025-09-30T00:00:00Z,7529,4069,2026-04-08 14:30:54.330449+00:00,Armenia - Gas Explosion,False,850,2026-02-20 10:13:04+00:00,3,Europe,3,Europe,en,Southern Caucasus country cluster,2025-06-23T00:00:00Z,1,Closed
18935,199966.0,199966.0,0,DREF,MDRAL009,,DAL001,15,True,False,AL,ALB,Albania,1,Country,3,Albanian Red Cross,en,2025-06-24 17:30:18.190339+00:00,19,Heat Wave,,en,2027-06-30T00:00:00Z,,4070,2026-04-30 07:30:28.640073+00:00,Albania - Heatwave sEAP,False,17000,2026-03-29 03:32:02+00:00,3,Europe,3,Europe,en,"Cluster Delegation for Albania, Bosnia, Bulgaria, Croatia, Montenegro, North Macedonia and Serbia",2025-06-20T00:00:00Z,0,Active
18933,1000000.0,1000000.0,0,DREF,MDRIR015,,DIR001,203,True,False,IR,IRN,"Iran, Islamic Republic of",1,Country,4,Red Crescent Society of the Islamic Republic of Iran,en,2025-06-21 17:30:18.299085+00:00,6,Complex Emergency,,en,2026-03-31T00:00:00Z,7537,4068,2026-04-30 07:30:28.599701+00:00,Iran - Complex Emergency,False,200000,2026-03-29 03:32:03+00:00,4,Middle East & North Africa,4,Middle East & North Africa,en,Iran country office,2025-06-20T00:00:00Z,0,Active
18931,198499.0,198499.0,0,DREF,MDRGW006,,DGW001,183,True,False,GW,GNB,Guinea-Bissau,1,Country,0,Red Cross Society of Guinea-Bissau,en,2025-06-20 17:30:16.565853+00:00,13,Other,,en,2025-10-31T00:00:00Z,7533,4067,2026-04-30 07:30:28.560310+00:00,Guinea Bissau - Windstorm,False,1883,2026-03-29 03:32:03+00:00,0,Africa,0,Africa,en,"Country cluster for Sierra Leone, Liberia, Guinea and Guinea Bisau",2025-06-20T00:00:00Z,0,Active
18929,215172.0,215172.0,0,DREF,MDRBJ022,,DBJ001,209,True,False,BJ,BEN,Benin,1,Country,0,Red Cross of Benin,en,2025-06-20 11:30:19.824244+00:00,5,Population Movement,,en,2025-10-31T00:00:00Z,7523,4066,2026-04-30 07:30:28.521131+00:00,Benin - Population Movement,False,3000,2026-03-29 03:32:02+00:00,0,Africa,0,Africa,en,"Country cluster for Nigeria, Benin, Ghana and Togo",2025-06-19T00:00:00Z,0,Active
18925,489424.0,489424.0,0,DREF,MDRCI018,,DCI001,182,True,False,CI,CIV,Côte d'Ivoire,1,Country,0,Red Cross Society of Côte d'Ivoire,en,2025-06-16 14:30:17.746001+00:00,1,Epidemic,,en,2025-12-31T00:00:00Z,7519,4065,2026-04-30 07:30:28.477288+00:00,Côte d'Ivore - Cholera,False,169755,2026-03-29 03:32:02+00:00,0,Africa,0,Africa,en,"Country cluster for Niger, Cote d'Ivoire, Burkina Faso and Mali",2025-06-16T00:00:00Z,0,Active
18916,209801.0,209801.0,0,DREF,MDRLB019,,DLB001,101,True,False,LB,LBN,Lebanon,1,Country,4,Lebanese Red Cross,en,2025-06-05 11:30:19.033126+00:00,14,Cold Wave,,en,2027-06-30T00:00:00Z,,4064,2026-04-30 07:30:28.426788+00:00,Lebanon - Cold Wave sEAP,False,18930,2026-03-29 03:32:03+00:00,4,Middle East & North Africa,4,Middle East & North Africa,en,Middle East and North Africa Regional Office,2025-06-05T00:00:00Z,0,Active
18909,225872.0,225872.0,0,DREF,MDRDJ007,,DDJ001,57,True,False,DJ,DJI,Djibouti,1,Country,0,Red Crescent Society of Djibouti,en,2025-06-04 14:30:17.811011+00:00,5,Population Movement,,en,2026-02-28T00:00:00Z,7497,4063,2026-04-30 07:30:28.368445+00:00,Djibouti - Population Movement,False,30000,2026-03-29 03:32:03+00:00,0,Africa,0,Africa,en,Country cluster for Ethiopia and Djibouti,2025-06-04T00:00:00Z,0,Active
18906,219999.0,219999.0,0,DREF,MDRLK022,,DLK001,160,True,False,LK,LKA,Sri Lanka,1,Country,2,Sri Lanka Red Cross Society,en,2025-06-03 20:30:17.138199+00:00,1,Epidemic,,en,2027-06-30T00:00:00Z,7600,4062,2026-04-30 07:30:28.310370+00:00,Sri Lanka - Dengue sEAP,False,16000,2026-03-29 03:32:03+00:00,2,Asia Pacific,2,Asia Pacific,en,New Delhi country cluster,2025-06-03T00:00:00Z,0,Active
18903,158950.0,158950.0,0,DREF,MDRDZ013,,DDZ001,16,True,False,DZ,DZA,Algeria,1,Country,4,Algerian Red Crescent,en,2025-05-29 11:30:17.522738+00:00,12,Flood,,en,2025-11-30T00:00:00Z,7500,4061,2026-04-30 07:30:28.255683+00:00,Algeria - Flood,False,1260,2026-03-29 03:32:03+00:00,4,Middle East & North Africa,4,Middle East & North Africa,en,Tunis country cluster,2025-05-27T00:00:00Z,0,Active
18896,499000.0,499000.0,0,DREF,MDRKE066,,DKE001,93,True,False,KE,KEN,Kenya,1,Country,0,Kenya Red Cross Society,en,2025-05-26 14:30:17.067648+00:00,12,Flood,,en,2025-11-30T00:00:00Z,7483,4059,2026-04-30 07:30:27.962946+00:00,Kenya - Flood and Cholera,False,375109,2026-03-29 03:32:03+00:00,0,Africa,0,Africa,en,Africa Regional Office and Country cluster for Kenya and Somalia,2025-05-26T00:00:00Z,0,Active
18898,161976.0,161976.0,0,DREF,MDRAR024,,DAR001,20,True,False,AR,ARG,Argentina,1,Country,1,Argentine Red Cross,en,2025-05-26 20:30:18.087408+00:00,27,Pluvial/Flash Flood,,en,2025-09-30T00:00:00Z,7503,4060,2026-04-30 07:30:28.211968+00:00,Argentina - Flash Flood,False,4000,2026-03-29 03:32:02+00:00,1,Americas,1,Americas,en,Southern Cone country cluster,2025-05-26T00:00:00Z,0,Active
18892,111812.0,111812.0,0,DREF,MDRFJ008,,DFJ001,66,True,False,FJ,FJI,Fiji,1,Country,2,Fiji Red Cross Society,en,2025-05-22 17:30:19.253412+00:00,4,Cyclone,,en,2027-05-31T00:00:00Z,7597,4057,2026-04-30 07:30:27.882731+00:00,Fiji - Tropical Cyclone  sEAP,False,2000,2026-03-29 03:32:03+00:00,2,Asia Pacific,2,Asia Pacific,en,Suva country cluster,2025-05-22T00:00:00Z,0,Active
18894,794775.4299999999,2500000.0,1,Emergency Appeal,MDRNG042,,DNG001,128,True,False,NG,NGA,Nigeria,1,Country,0,Nigerian Red Cross Society,en,2025-05-23 14:30:18.635113+00:00,13,Other,,en,2026-05-31T00:00:00Z,7514,4058,2026-04-30 07:30:27.921141+00:00,Nigeria - Malnutrition,False,1000000,2026-03-29 03:32:03+00:00,0,Africa,0,Africa,en,"Country cluster for Nigeria, Benin, Ghana and Togo",2025-05-22T00:00:00Z,0,Active
18890,362263.0,362263.0,0,DREF,MDRZA021,,DZA001,158,True,False,ZA,ZAF,South Africa,1,Country,0,The South African Red Cross Society,en,2025-05-19 17:30:17.383043+00:00,12,Flood,,en,2025-11-30T00:00:00Z,7508,4056,2026-04-30 07:30:27.843395+00:00,South Africa - Flood,False,5000,2026-03-29 03:32:04+00:00,0,Africa,0,Africa,en,"Country cluster for South Africa, Botswana, Lesotho, Namibia and Kingdom of Eswatini",2025-05-16T00:00:00Z,0,Active
18882,550000.0,550000.0,0,DREF,MDRTZ041,,DTZ001,189,True,False,TZ,TZA,"Tanzania, United Republic of",1,Country,0,Tanzania Red Cross National Society,en,2025-05-15 11:30:17.549592+00:00,12,Flood,,en,2030-05-31T00:00:00Z,7461,4053,2026-04-30 07:30:27.725631+00:00,Tanzania - Flood EAP,False,120000,2026-03-29 03:32:03+00:00,0,Africa,0,Africa,en,"Country cluster for South Sudan, Tanzania and Uganda",2025-05-15T00:00:00Z,0,Active
18885,192783.0,192783.0,0,DREF,MDRZW025,,DZW001,13,True,False,ZW,ZWE,Zimbabwe,1,Country,0,Zimbabwe Red Cross Society,en,2025-05-15 17:30:16.550007+00:00,1,Epidemic,,en,2025-10-31T00:00:00Z,7489,4055,2026-04-30 07:30:27.802526+00:00,Zimbabwe - Malaria Epidemic,False,1058321,2026-03-29 03:32:04+00:00,0,Africa,0,Africa,en,"Country cluster for Zimbabwe, Malawi and Zambia",2025-05-14T00:00:00Z,0,Active
18884,137064.0,137064.0,0,DREF,MDREC028,,DEC001,60,True,False,EC,ECU,Ecuador,1,Country,1,Ecuadorian Red Cross,en,2025-05-15 17:30:16.518651+00:00,1,Epidemic,,en,2025-09-30T00:00:00Z,7485,4054,2026-04-30 07:30:27.764720+00:00,Ecuador - Epidemic Yellow Fever,False,5440,2026-03-29 03:32:03+00:00,1,Americas,1,Americas,en,South America country cluster,2025-05-14T00:00:00Z,0,Active
18855,875393.0,875393.0,0,DREF,MDRCD046,,DCD001,187,True,False,CD,COD,Democratic Republic of Congo,1,Country,0,Red Cross of the Democratic Republic of the Congo,en,2025-04-28 20:30:17.322838+00:00,12,Flood,,en,2025-10-31T00:00:00Z,7475,4052,2026-04-30 07:30:27.681306+00:00,DRC - Floods,False,22500,2026-03-29 03:32:02+00:00,0,Africa,0,Africa,en,"Country cluster for Democratic Republic of Congo, Republic of Congo, Burundi and Rwanda",2025-04-28T00:00:00Z,0,Active
18853,157150.0,157150.0,0,DREF,MDRTJ036,,DTJ001,167,True,False,TJ,TJK,Tajikistan,1,Country,3,Red Crescent Society of Tajikistan,en,2025-04-28 12:00:22.795313+00:00,2,Earthquake,,en,2025-10-31T00:00:00Z,7480,4051,2026-04-08 14:30:53.646321+00:00,Tajikistan - Earthquake,False,1572,2026-03-02 18:24:01+00:00,3,Europe,3,Europe,en,Central Asia country cluster,2025-04-27T00:00:00Z,1,Closed
18851,416010.0,416010.0,0,DREF,MDRPK027,,DPK001,131,True,False,PK,PAK,Pakistan,1,Country,2,Pakistan Red Crescent,en,2025-04-25 11:30:19.843814+00:00,5,Population Movement,,en,2026-01-31T00:00:00Z,7476,4050,2026-04-30 07:30:27.641309+00:00,"Pakistan: Population Movement, 2025",False,90000,2026-03-29 03:32:03+00:00,2,Asia Pacific,2,Asia Pacific,en,Pakistan country office,2025-04-24T00:00:00Z,0,Active
18848,984393.0,984393.0,0,DREF,MDRSO022,,DSO001,157,True,False,SO,SOM,Somalia,1,Country,0,Somali Red Crescent Society,en,2025-04-24 11:30:17.146106+00:00,20,Drought,,en,2025-10-31T00:00:00Z,7504,4049,2026-04-30 07:30:27.603372+00:00,Somalia - Drought,False,34800,2026-03-29 03:32:03+00:00,0,Africa,0,Africa,en,Africa Regional Office and Country cluster for Kenya and Somalia,2025-04-23T00:00:00Z,0,Active
18846,495243.0,495243.0,0,DREF,MDRBO018,,DBO001,33,True,False,BO,BOL,Bolivia,1,Country,1,Bolivian Red Cross,en,2025-04-24 10:30:16.778636+00:00,12,Flood,,en,2026-01-31T00:00:00Z,,4048,2026-04-30 07:30:27.561525+00:00,Bolivia - Floods,False,10000,2026-03-29 03:32:02+00:00,1,Americas,1,Americas,en,South America country cluster,2025-04-19T00:00:00Z,0,Active
18835,4321109.87,20000000.0,1,Emergency Appeal,MDRAF018,,DAF001,14,True,False,AF,AFG,Afghanistan,1,Country,2,Afghan Red Crescent,en,2025-04-13 11:30:16.897841+00:00,5,Population Movement,,en,2027-04-30T00:00:00Z,7468,4047,2026-04-30 07:30:27.524144+00:00,"Afghanistan: Population Movement, 2025",False,350000,2026-03-29 03:32:02+00:00,2,Asia Pacific,2,Asia Pacific,en,Afghanistan country office,2025-04-12T00:00:00Z,0,Active
18833,207968.0,207968.0,0,DREF,MDRCI017,,DCI001,182,True,False,CI,CIV,Côte d'Ivoire,1,Country,0,Red Cross Society of Côte d'Ivoire,en,2025-04-10 14:30:18.422359+00:00,12,Flood,,en,2027-04-30T00:00:00Z,,4046,2026-04-30 07:30:27.483585+00:00,Côte d'Ivore - Floods sEAP,False,2000,2026-03-29 03:32:02+00:00,0,Africa,0,Africa,en,"Country cluster for Niger, Cote d'Ivoire, Burkina Faso and Mali",2025-04-09T00:00:00Z,0,Active
18828,574552.0,574552.0,0,DREF,MDRUG056,,DUG001,176,True,False,UG,UGA,Uganda,1,Country,0,Uganda Red Cross Society,en,2025-04-08 17:30:14.412826+00:00,5,Population Movement,,en,2025-08-31T00:00:00Z,7448,4045,2026-04-30 07:30:27.435585+00:00,Uganda - Population movement,False,22500,2026-03-29 03:32:04+00:00,0,Africa,0,Africa,en,"Country cluster for South Sudan, Tanzania and Uganda",2025-04-08T00:00:00Z,0,Active
18827,379955.0,379955.0,0,DREF,MDRTZ040,,DTZ001,189,True,False,TZ,TZA,"Tanzania, United Republic of",1,Country,0,Tanzania Red Cross National Society,en,2025-04-08 17:30:14.387428+00:00,12,Flood,,en,2025-07-31T00:00:00Z,7461,4044,2026-04-08 14:30:53.391357+00:00,Tanzania - Floods,False,4435,2025-11-04 15:20:03+00:00,0,Africa,0,Africa,en,"Country cluster for South Sudan, Tanzania and Uganda",2025-04-08T00:00:00Z,1,Closed
18825,970592.0,970592.0,0,DREF,MDRKE065,,DKE001,93,True,False,KE,KEN,Kenya,1,Country,0,Kenya Red Cross Society,en,2025-04-08 14:30:18.660041+00:00,20,Drought,,en,2025-10-31T00:00:00Z,7376,4043,2026-04-30 07:30:27.396675+00:00,Kenya - Drought,False,60000,2026-03-29 03:32:03+00:00,0,Africa,0,Africa,en,Africa Regional Office and Country cluster for Kenya and Somalia,2025-04-07T00:00:00Z,0,Active
18821,353263.0,353263.0,0,DREF,MDRKG021,,DKG001,98,True,False,KG,KGZ,Kyrgyzstan,1,Country,3,Red Crescent Society of Kyrgyzstan,en,2025-04-03 17:30:17.264185+00:00,1,Epidemic,,en,2025-10-31T00:00:00Z,7450,4042,2026-04-30 07:30:27.358710+00:00,Kyrgyzstan - Measles,False,70000,2026-03-29 03:32:03+00:00,3,Europe,3,Europe,en,Central Asia country cluster,2025-04-01T00:00:00Z,0,Active
18804,7219230.0,80000000.0,1,Emergency Appeal,MDRMM023,,DMM001,121,True,False,MM,MMR,Myanmar,1,Country,2,Myanmar Red Cross Society,en,2025-03-30 15:38:53.506454+00:00,2,Earthquake,,en,2027-03-31T00:00:00Z,7464,4040,2025-07-14 03:43:31.762546+00:00,Myanmar - Earthquake,False,75000,2025-03-30 07:20:01+00:00,2,Asia Pacific,2,Asia Pacific,en,Myanmar country office,2025-03-29T00:00:01Z,0,Active
18812,155795.0,155795.0,0,DREF,MDRMK010,,DMK001,108,True,False,MK,MKD,North Macedonia,1,Country,3,Red Cross of the Republic of North Macedonia,en,2025-03-30 15:38:53.534999+00:00,13,Other,,en,2025-07-31T00:00:00Z,7454,4041,2026-04-08 14:30:53.247488+00:00,North Macedonia - Fire,False,1600,2025-12-23 14:28:02+00:00,3,Europe,3,Europe,en,"Cluster Delegation for Albania, Bosnia, Bulgaria, Croatia, Montenegro, North Macedonia and Serbia",2025-03-29T00:00:00Z,1,Closed
18803,202616.0,202616.0,0,DREF,MDRCO031,,DCO001,48,True,False,CO,COL,Colombia,1,Country,1,Colombian Red Cross Society,en,2025-03-30 14:45:31.522105+00:00,5,Population Movement,,en,2027-03-31T00:00:00Z,7424,4038,2026-04-30 07:30:27.239752+00:00,Colombia - Forced Displacement sEAP,False,2000,2026-03-29 03:32:02+00:00,1,Americas,1,Americas,en,South America country cluster,2025-03-28T00:00:00Z,0,Active
18813,270354.0,270354.0,0,DREF,MDRSL018,,DSL001,152,True,False,SL,SLE,Sierra Leone,1,Country,0,Sierra Leone Red Cross Society,en,2025-03-30 15:38:53.475476+00:00,15,Fire,,en,2025-08-31T00:00:00Z,7453,4039,2026-04-30 07:30:27.319791+00:00,Sierra Leone - Fire Incidents,False,2980,2026-03-29 03:32:03+00:00,0,Africa,0,Africa,en,"Country cluster for Sierra Leone, Liberia, Guinea and Guinea Bisau",2025-03-28T00:00:00Z,0,Active
18805,176654.0,176654.0,0,DREF,MDRMY012,,DMY001,111,True,False,MY,MYS,Malaysia,1,Country,2,Malaysian Red Crescent Society,en,2025-03-30 14:45:31.411396+00:00,12,Flood,,en,2025-07-31T00:00:00Z,7444,4035,2026-04-08 14:30:53.167279+00:00,Malaysia - Floods,False,7500,2025-11-04 14:20:00+00:00,2,Asia Pacific,2,Asia Pacific,en,Asia Pacific Regional Office,2025-03-28T00:00:00Z,1,Closed
18806,541853.0,541853.0,0,DREF,MDRZM025,,DZM001,12,True,False,ZM,ZMB,Zambia,1,Country,0,Zambia Red Cross Society,en,2025-03-30 14:45:31.494702+00:00,20,Drought,,en,2030-03-31T00:00:00Z,,4037,2026-04-30 07:30:27.282491+00:00,Zambia - Drought EAP2024ZM02,False,22530,2026-03-29 03:32:04+00:00,0,Africa,0,Africa,en,"Country cluster for Zimbabwe, Malawi and Zambia",2025-03-27T00:00:00Z,0,Active
18802,76878.0,76878.0,0,DREF,MDRCO030,,DCO001,48,True,False,CO,COL,Colombia,1,Country,1,Colombian Red Cross Society,en,2025-03-30 14:45:31.463801+00:00,5,Population Movement,,en,2025-09-30T00:00:00Z,7424,4036,2026-04-30 07:30:27.200340+00:00,Colombia - Population Movement,False,2500,2026-03-29 03:32:02+00:00,1,Americas,1,Americas,en,South America country cluster,2025-03-27T00:00:00Z,0,Active
18782,472691.0,472691.0,0,DREF,MDRIQ017,,DIQ001,87,True,False,IQ,IRQ,Iraq,1,Country,4,Iraqi Red Crescent Society,en,2025-03-27 20:45:16.280921+00:00,12,Flood,,en,2025-09-30T00:00:00Z,,4033,2026-04-30 07:30:26.997315+00:00,Iraq - Flood,False,31000,2026-03-29 03:32:03+00:00,4,Middle East & North Africa,4,Middle East & North Africa,en,Iraq country office,2025-03-24T00:00:00Z,0,Active
18779,37052.0,37052.0,0,DREF,MDRBJ021,,DBJ001,209,True,False,BJ,BEN,Benin,1,Country,0,Red Cross of Benin,en,2025-03-27 20:45:16.102788+00:00,23,Storm Surge,,en,2025-06-30T00:00:00Z,7449,4026,2026-04-08 14:30:52.702485+00:00,Benin - Strong Wind,False,1266,2026-02-20 12:32:00+00:00,0,Africa,0,Africa,en,"Country cluster for Nigeria, Benin, Ghana and Togo",2025-03-24T00:00:00Z,1,Closed
18788,289726.0,289726.0,0,DREF,MDRZW024,,DZW001,13,True,False,ZW,ZWE,Zimbabwe,1,Country,0,Zimbabwe Red Cross Society,en,2025-03-27 20:45:16.204640+00:00,1,Epidemic,,en,2025-08-31T00:00:00Z,7279,4030,2026-04-30 07:30:27.163493+00:00,Zimbabwe - Cholera,False,309019,2026-03-29 03:32:04+00:00,0,Africa,0,Africa,en,"Country cluster for Zimbabwe, Malawi and Zambia",2025-03-20T00:00:00Z,0,Active
18780,153432.0,153432.0,0,DREF,MDRGA014,,DGA001,69,True,False,GA,GAB,Gabon,1,Country,0,Gabonese Red Cross Society,en,2025-03-27 20:45:16.229092+00:00,13,Other,,en,2025-06-30T00:00:00Z,7473,4031,2026-04-30 07:30:26.911584+00:00,Gabon - Election Preparedness,False,10000,2026-03-29 03:32:03+00:00,0,Africa,0,Africa,en,"Country cluster for Cameroon, Gabon, Equatorial Guinea and Sao Tome and Principe",2025-03-20T00:00:00Z,0,Active
18783,499932.0,499932.0,0,DREF,MDRLB018,,DLB001,101,True,False,LB,LBN,Lebanon,1,Country,4,Lebanese Red Cross,en,2025-03-27 20:45:16.250824+00:00,5,Population Movement,,en,2025-06-30T00:00:00Z,7617,4032,2026-04-08 14:30:52.849838+00:00,Lebanon - Population Movement,False,7500,2025-12-23 15:30:03+00:00,4,Middle East & North Africa,4,Middle East & North Africa,en,Middle East and North Africa Regional Office,2025-03-20T00:00:00Z,1,Closed
18784,493567.0,493567.0,0,DREF,MDRML021,,DML001,112,True,False,ML,MLI,Mali,1,Country,0,Mali Red Cross,en,2025-03-27 20:45:16.304305+00:00,4,Cyclone,,en,2030-03-31T00:00:00Z,,4034,2026-04-30 07:30:27.035287+00:00,Mali - Flood EAP,False,24000,2026-03-29 03:32:03+00:00,0,Africa,0,Africa,en,"Country cluster for Niger, Cote d'Ivoire, Burkina Faso and Mali",2025-03-19T00:00:00Z,0,Active
18787,497787.0,497787.0,0,DREF,MDRVE011,,DVE001,8,True,False,VE,VEN,Venezuela,1,Country,1,Venezuelan Red Cross,en,2025-03-27 20:45:16.152921+00:00,5,Population Movement,,en,2025-09-30T00:00:00Z,7425,4028,2026-04-30 07:30:27.126537+00:00,Venezuela - Population Movement,False,14420,2026-03-29 03:32:04+00:00,1,Americas,1,Americas,en,Venezuela Country Office,2025-03-15T00:00:00Z,0,Active
18785,176008.0,176008.0,0,DREF,MDRPE014,,DPE001,135,True,False,PE,PER,Peru,1,Country,1,Peruvian Red Cross,en,2025-03-27 20:45:16.127521+00:00,12,Flood,,en,2025-08-31T00:00:00Z,7435,4027,2026-04-30 07:30:27.080788+00:00,Peru - Flood,False,3150,2026-03-29 03:32:03+00:00,1,Americas,1,Americas,en,South America country cluster,2025-03-15T00:00:00Z,0,Active
18778,499921.0,499921.0,0,DREF,MDRAR023,,DAR001,20,True,False,AR,ARG,Argentina,1,Country,1,Argentine Red Cross,en,2025-03-27 20:45:16.179595+00:00,12,Flood,,en,2025-08-31T00:00:00Z,7436,4029,2026-04-30 07:30:26.874302+00:00,Argentina - Flood,False,5000,2026-03-29 03:32:02+00:00,1,Americas,1,Americas,en,Southern Cone country cluster,2025-03-15T00:00:00Z,0,Active
18786,328505.0,328505.0,0,DREF,MDRSO021,,DSO001,157,True,False,SO,SOM,Somalia,1,Country,0,Somali Red Crescent Society,en,2025-03-27 20:45:16.078705+00:00,1,Epidemic,,en,2025-07-31T00:00:00Z,7505,4025,2026-04-08 14:30:52.959008+00:00,Somalia - Epidemic Leishmaniasis Outbreak,False,27000,2025-11-04 16:01:00+00:00,0,Africa,0,Africa,en,Africa Regional Office and Country cluster for Kenya and Somalia,2025-03-15T00:00:00Z,1,Closed
18781,254298.0,254298.0,0,DREF,MDRGE019,,DGE001,71,True,False,GE,GEO,Georgia,1,Country,3,Red Cross Society of Georgia,en,2025-03-27 20:45:16.048926+00:00,14,Cold Wave,,en,2025-07-31T00:00:00Z,7428,4024,2026-04-30 07:30:26.955973+00:00,Georgia - Snow storm,False,6000,2026-03-29 03:32:03+00:00,3,Europe,3,Europe,en,Southern Caucasus country cluster,2025-03-15T00:00:00Z,0,Active
18765,488646.0,488646.0,0,DREF,MDRBW008,,DBW001,34,True,False,BW,BWA,Botswana,1,Country,0,Botswana Red Cross Society,en,2025-03-13 18:45:22.549368+00:00,12,Flood,,en,2025-09-30T00:00:00Z,7457,4023,2026-04-30 07:30:26.760331+00:00,Botswana - Flood,False,9000,2026-03-29 03:32:02+00:00,0,Africa,0,Africa,en,"Country cluster for South Africa, Botswana, Lesotho, Namibia and Kingdom of Eswatini",2025-03-11T00:00:00Z,0,Active
18767,1108164.52,4000000.0,1,Emergency Appeal,MDREC027,,DEC001,60,True,False,EC,ECU,Ecuador,1,Country,1,Ecuadorian Red Cross,en,2025-03-13 18:45:22.520564+00:00,12,Flood,,en,2026-09-30T00:00:00Z,7431,4022,2026-04-30 07:30:26.837938+00:00,Ecuador - Floods,False,176200,2026-04-09 12:08:00+00:00,1,Americas,1,Americas,en,South America country cluster,2025-03-10T00:00:00Z,0,Active
18766,346179.0,346179.0,0,DREF,MDRCG024,,DCG001,184,True,False,CG,COG,Congo,1,Country,0,Congolese Red Cross,en,2025-03-13 18:45:22.490584+00:00,5,Population Movement,,en,2025-07-31T00:00:00Z,7455,4021,2026-04-30 07:30:26.796759+00:00,Republic of Congo - Population Movement,False,10000,2025-10-31 11:38:00+00:00,0,Africa,0,Africa,en,"Country cluster for Democratic Republic of Congo, Republic of Congo, Burundi and Rwanda",2025-03-10T00:00:00Z,2,Frozen
18753,222064.0,222064.0,0,DREF,MDRCO029,,DCO001,48,True,False,CO,COL,Colombia,1,Country,1,Colombian Red Cross Society,en,2025-03-09 16:45:22.890164+00:00,5,Population Movement,,en,2025-09-30T00:00:00Z,7424,4018,2026-04-30 07:30:26.723917+00:00,Colombia - Population Movement,False,12000,2026-03-29 03:32:02+00:00,1,Americas,1,Americas,en,South America country cluster,2025-03-06T00:00:00Z,0,Active
18752,549807.0,549807.0,0,DREF,MDRCM040,,DCM001,41,True,False,CM,CMR,Cameroon,1,Country,0,Cameroon Red Cross Society,en,2025-03-09 16:45:22.849585+00:00,1,Epidemic,,en,2030-03-31T00:00:00Z,7459,4017,2026-04-30 07:30:26.685220+00:00,Cameroon - Cholera EAP,False,13500,2026-03-29 03:32:02+00:00,0,Africa,0,Africa,en,"Country cluster for Cameroon, Gabon, Equatorial Guinea and Sao Tome and Principe",2025-03-04T00:00:00Z,0,Active
18755,275765.0,275765.0,0,DREF,MDRZM024,,DZM001,12,True,False,ZM,ZMB,Zambia,1,Country,0,Zambia Red Cross Society,en,2025-03-09 16:45:22.916279+00:00,1,Epidemic,,en,2025-08-31T00:00:00Z,7323,4019,2026-04-08 14:30:52.517768+00:00,Zambia - Cholera Response,False,1917978,2026-02-20 12:04:03+00:00,0,Africa,0,Africa,en,"Country cluster for Zimbabwe, Malawi and Zambia",2025-03-03T00:00:00Z,1,Closed
18749,499912.0,499912.0,0,DREF,MDRBI023,,DBI001,39,True,False,BI,BDI,Burundi,1,Country,0,Burundi Red Cross,en,2025-03-01 08:45:24.143858+00:00,5,Population Movement,,en,2025-08-31T00:00:00Z,7418,4016,2026-04-30 07:30:26.649175+00:00,Burundi - Population Movement,False,20000,2026-03-29 03:32:02+00:00,0,Africa,0,Africa,en,"Country cluster for Democratic Republic of Congo, Republic of Congo, Burundi and Rwanda",2025-02-27T00:00:00Z,0,Active
18739,168518.0,168518.0,0,DREF,MDRTL001,,DTL001,210,True,False,TL,TLS,Timor-Leste,1,Country,2,Timor-Leste Red Cross Society,en,2025-02-22 10:45:28.014784+00:00,12,Flood,,en,2027-02-28T00:00:00Z,7601,4015,2026-04-30 07:30:26.611273+00:00,Timor Leste - Flood sEAP,False,6073,2026-03-29 03:32:03+00:00,2,Asia Pacific,2,Asia Pacific,en,Indonesia country cluster,2025-02-18T00:00:00Z,0,Active
18733,517485.0,517485.0,0,DREF,MDRID027,,DID001,85,True,False,ID,IDN,Indonesia,1,Country,2,Indonesian Red Cross Society,en,2025-02-18 18:45:23.735076+00:00,12,Flood,,en,2030-02-28T00:00:00Z,7602,4013,2026-04-30 07:30:26.538432+00:00,Indonesia - Flood EAP,False,10000,2026-03-29 03:32:03+00:00,2,Asia Pacific,2,Asia Pacific,en,Indonesia country cluster,2025-02-17T00:00:00Z,0,Active
18734,219174.0,219174.0,0,DREF,MDRSV018,,DSV001,62,True,False,SV,SLV,El Salvador,1,Country,1,Salvadorean Red Cross Society,en,2025-02-18 18:45:23.705096+00:00,12,Flood,,en,2027-02-28T00:00:00Z,,4012,2026-04-30 07:30:26.573582+00:00,El Salvador -Extreme Rainfall sEAP,False,2000,2026-03-29 03:32:03+00:00,1,Americas,1,Americas,en,Central America country cluster,2025-02-17T00:00:00Z,0,Active
18732,219997.0,219997.0,0,DREF,MDRCL018,,DCL001,46,True,False,CL,CHL,Chile,1,Country,1,Chilean Red Cross,es,2025-02-18 18:45:23.763601+00:00,15,Fire,,en,2026-07-31T00:00:00Z,,4014,2026-04-30 07:30:26.501939+00:00,Chile - Wildfire sEAP,False,2000,2026-03-29 03:32:02+00:00,1,Americas,1,Americas,en,Southern Cone country cluster,2025-02-13T00:00:00Z,0,Active
18722,499942.0,499942.0,0,DREF,MDRMW022,,DMW001,110,True,False,MW,MWI,Malawi,1,Country,0,Malawi Red Cross Society,en,2025-02-12 10:45:23.891686+00:00,5,Population Movement,,en,2025-09-30T00:00:00Z,7321,4011,2026-04-30 07:30:26.450386+00:00,Malawi - Population Movement,False,14877,2026-03-29 03:32:03+00:00,0,Africa,0,Africa,en,"Country cluster for Zimbabwe, Malawi and Zambia",2025-02-11T00:00:00Z,0,Active
18720,753705.75,4500000.0,1,Emergency Appeal,MDRUG055,,DUG001,176,True,False,UG,UGA,Uganda,1,Country,0,Uganda Red Cross Society,en,2025-02-07 14:45:25.347268+00:00,1,Epidemic,,en,2025-12-31T00:00:00Z,7360,4010,2026-04-30 07:30:26.412778+00:00,Uganda - Ebola Outbreak,False,520000,2026-03-29 03:32:04+00:00,0,Africa,0,Africa,en,"Country cluster for South Sudan, Tanzania and Uganda",2025-02-07T00:00:00Z,0,Active
18718,113239.0,113239.0,0,DREF,MDRGW005,,DGW001,183,True,False,GW,GNB,Guinea-Bissau,1,Country,0,Red Cross Society of Guinea-Bissau,en,2025-02-06 12:45:22.909117+00:00,15,Fire,,en,2025-06-30T00:00:00Z,7458,4009,2026-04-30 07:30:26.375527+00:00,Guinea-Bissau - Fire,False,966,2026-03-29 03:32:03+00:00,0,Africa,0,Africa,en,"Country cluster for Sierra Leone, Liberia, Guinea and Guinea Bisau",2025-02-06T00:00:00Z,0,Active
18715,50000.0,50000.0,0,DREF,MDRBJ020,,DBJ001,209,True,False,BJ,BEN,Benin,1,Country,0,Red Cross of Benin,en,2025-02-04 14:45:23.817320+00:00,5,Population Movement,,en,2025-05-31T00:00:00Z,7422,4008,2026-04-08 14:30:52.114669+00:00,Benin - Population Movement,False,13452,2026-02-20 12:32:04+00:00,0,Africa,0,Africa,en,"Country cluster for Nigeria, Benin, Ghana and Togo",2025-02-04T00:00:00Z,1,Closed
18708,779984.0,779984.0,0,DREF,MDRSS016,,DSS001,290,True,False,SS,SSD,South Sudan,1,Country,0,South Sudan Red Cross,en,2025-01-29 10:45:42.774771+00:00,7,Civil Unrest,,en,2025-04-30T00:00:00Z,7378,4007,2026-04-08 14:30:52.077335+00:00,South Sudan - Civil Unrest,False,8948,2026-03-29 03:32:03+00:00,0,Africa,0,Africa,en,"Country cluster for South Sudan, Tanzania and Uganda",2025-01-28T00:00:00Z,0,Active
18706,279790.0,279790.0,0,DREF,MDRTZ039,,DTZ001,189,True,False,TZ,TZA,"Tanzania, United Republic of",1,Country,0,Tanzania Red Cross National Society,en,2025-01-28 10:45:24.617176+00:00,1,Epidemic,,en,2025-05-31T00:00:00Z,7287,4006,2026-04-30 07:30:26.339419+00:00,Tanzania - Marburg Outbreak,False,147785,2026-03-29 03:32:03+00:00,0,Africa,0,Africa,en,"Country cluster for South Sudan, Tanzania and Uganda",2025-01-27T00:00:00Z,0,Active
18703,627608.0,627608.0,0,DREF,MDRAO011,,DAO001,18,True,False,AO,AGO,Angola,1,Country,0,Angola Red Cross,en,2025-01-21 16:45:46.935008+00:00,1,Epidemic,,en,2025-10-31T00:00:00Z,7281,4005,2026-04-30 07:30:26.301216+00:00,Angola - Cholera Response,False,720000,2026-03-29 03:32:02+00:00,0,Africa,0,Africa,en,Country cluster for Mozambique and Angola,2025-01-21T00:00:00Z,0,Active
18701,491271.0,491271.0,0,DREF,MDRET037,,DET001,65,True,False,ET,ETH,Ethiopia,1,Country,0,Ethiopian Red Cross Society,en,2025-01-20 14:45:21.855791+00:00,2,Earthquake,,en,2025-05-31T00:00:00Z,7276,4004,2026-04-30 07:30:26.260325+00:00,Ethiopia - Earthquake,False,10000,2026-03-29 03:32:03+00:00,0,Africa,0,Africa,en,Country cluster for Ethiopia and Djibouti,2025-01-20T00:00:00Z,0,Active
18699,135759.0,135759.0,0,DREF,MDRGH020,,DGH001,73,True,False,GH,GHA,Ghana,1,Country,0,Ghana Red Cross Society,en,2025-01-16 14:45:33.992046+00:00,1,Epidemic,,en,2025-04-30T00:00:00Z,7293,4003,2026-04-30 07:30:26.221656+00:00,Ghana - Cholera Outbreak,False,150000,2026-03-29 03:32:03+00:00,0,Africa,0,Africa,en,"Country cluster for Nigeria, Benin, Ghana and Togo",2025-01-16T00:00:00Z,0,Active
18683,877875.0,877875.0,0,DREF,MDRSO020,,DSO001,157,True,False,SO,SOM,Somalia,1,Country,0,Somali Red Crescent Society,en,2024-12-28 14:45:22.461608+00:00,5,Population Movement,,en,2025-06-30T00:00:00Z,7296,4002,2026-04-30 07:30:26.182238+00:00,Somalia - Population Movement,False,35088,2026-03-29 03:32:03+00:00,0,Africa,0,Africa,en,Africa Regional Office and Country cluster for Kenya and Somalia,2024-12-28T00:00:00Z,0,Active
18680,176167.0,176167.0,0,DREF,MDRKE064,,DKE001,93,True,False,KE,KEN,Kenya,1,Country,0,Kenya Red Cross Society,en,2024-12-27 14:45:22.631292+00:00,5,Population Movement,,en,2025-03-31T00:00:00Z,7260,4001,2026-04-08 14:30:51.853505+00:00,Kenya - Population Movement Lamu,False,1600,2026-02-20 12:06:00+00:00,0,Africa,0,Africa,en,Africa Regional Office and Country cluster for Kenya and Somalia,2024-12-26T00:00:00Z,1,Closed
18657,87277.0,87277.0,0,DREF,MDRAM014,,DAM001,21,True,False,AM,ARM,Armenia,1,Country,3,Armenian Red Cross Society,en,2024-12-23 12:45:25.359147+00:00,5,Population Movement,,en,2025-03-31T00:00:00Z,7255,3997,2026-04-08 14:30:51.770363+00:00,Armenia - Population Movement,False,2000,2025-10-17 11:21:00+00:00,3,Europe,3,Europe,en,Southern Caucasus country cluster,2024-12-19T00:00:00Z,1,Closed
18656,2148056.9299999997,5000000.0,1,Emergency Appeal,MDRVU012,,DVU001,7,True,False,VU,VUT,Vanuatu,1,Country,2,Vanuatu Red Cross Society,en,2024-12-23 12:45:25.333381+00:00,2,Earthquake,,en,2025-12-31T00:00:00Z,7264,3996,2026-04-30 07:30:26.104545+00:00,Vanuatu - Earthquake,False,50000,2024-12-19 10:51:02+00:00,2,Asia Pacific,2,Asia Pacific,en,Suva country cluster,2024-12-18T00:00:00Z,0,Active
18655,484782.0,484782.0,0,DREF,MDRBW007,,DBW001,34,True,False,BW,BWA,Botswana,1,Country,0,Botswana Red Cross Society,en,2024-12-23 12:45:25.443113+00:00,23,Storm Surge,,en,2025-06-30T00:00:00Z,7266,4000,2026-04-30 07:30:26.060948+00:00,Botswana - Storm,False,4300,2025-04-01 11:54:03+00:00,0,Africa,0,Africa,en,"Country cluster for South Africa, Botswana, Lesotho, Namibia and Kingdom of Eswatini",2024-12-18T00:00:00Z,0,Active
18660,341776.2,6000000.0,1,Emergency Appeal,MDRS1005,,DKM001,186,True,False,KM,COM,Comoros,1,Country,0,The Comoros Red Crescent,en,2024-12-23 12:45:25.305430+00:00,4,Cyclone,,en,2026-06-30T00:00:00Z,7272,3995,2026-04-30 07:30:26.144413+00:00,Africa - Cyclone Chido,False,600000,2026-01-16 09:33:03+00:00,0,Africa,0,Africa,en,Africa Regional Office and Country cluster for Kenya and Somalia,2024-12-17T00:00:00Z,0,Active
18659,500000.0,0.0,1,Emergency Appeal,MDRS10005,,,285,True,False,,,Africa Region,3,Region,0,IFRC Africa,en,2024-12-23 12:45:25.389662+00:00,4,Cyclone,,en,2025-12-31T00:00:00Z,,3998,2025-03-27 08:44:42.080612+00:00,Malawi - Cyclone Chido,False,0,2024-12-23 10:58:05+00:00,0,Africa,0,Africa,en,"Country cluster for Zimbabwe, Malawi and Zambia",2024-12-17T00:00:00Z,0,Active
MDRMZ026,728267.0,728267.0,0,DREF,MDRMZ026,,DMZ001,120,True,False,MZ,MOZ,Mozambique,1,Country,0,Mozambique Red Cross Society,en,2024-12-19 13:41:28.110154+00:00,4,Cyclone,,en,2025-06-30T23:59:00Z,,3994,2025-03-27 08:43:21.616034+00:00,Mozambique: Tropical Cyclone Chido,False,50000,2024-12-23 12:14:01+00:00,0,Africa,0,Africa,en,Country cluster for Mozambique and Angola,2024-12-16T00:00:00Z,0,Active
18654,335019.0,335019.0,0,DREF,MDRUG053,,DUG001,176,True,False,UG,UGA,Uganda,1,Country,0,Uganda Red Cross Society,en,2024-12-23 12:45:25.420049+00:00,24,Landslide,,en,2025-05-31T00:00:00Z,7250,3999,2026-04-08 14:30:51.652550+00:00,Uganda - Landslides,False,12138,2025-11-04 15:11:02+00:00,0,Africa,0,Africa,en,"Country cluster for South Sudan, Tanzania and Uganda",2024-12-16T00:00:00Z,1,Closed
18651,200000.0,200000.0,0,DREF,MDRMM022,,DMM001,121,True,False,MM,MMR,Myanmar,1,Country,2,Myanmar Red Cross Society,en,2024-12-11 16:45:23.149838+00:00,19,Heat Wave,,en,2026-12-31T00:00:00Z,7603,3993,2026-04-30 07:30:26.013042+00:00,Myanmar - Heatwave sEAP,False,10220,2024-12-11 14:55:05+00:00,2,Asia Pacific,2,Asia Pacific,en,Myanmar country office,2024-12-11T00:00:00Z,0,Active
18644,8981502.07,100000000.0,1,Emergency Appeal,MDRSY014,,DSY001,206,True,False,SY,SYR,Syrian Arab Republic,1,Country,4,Syrian Arab Red Crescent,en,2024-12-09 08:45:22.267082+00:00,6,Complex Emergency,,en,2026-12-31T00:00:00Z,7251,3990,2026-04-30 07:30:25.870113+00:00,Syria - Complex Emergency,False,5000000,2026-01-30 16:28:00+00:00,4,Middle East & North Africa,4,Middle East & North Africa,en,Syria country office,2024-12-06T00:00:00Z,0,Active
18641,396876.0,396876.0,0,DREF,MDRMY011,,DMY001,111,True,False,MY,MYS,Malaysia,1,Country,2,Malaysian Red Crescent Society,en,2024-12-09 06:45:24.410391+00:00,12,Flood,,en,2025-06-30T00:00:00Z,7249,3989,2026-04-08 14:30:51.445124+00:00,Malaysia - Flood,False,15000,2025-10-17 12:14:04+00:00,2,Asia Pacific,2,Asia Pacific,en,Asia Pacific Regional Office,2024-12-06T00:00:00Z,1,Closed
18647,257260.0,257260.0,0,DREF,MDRGA013,,DGA001,69,True,False,GA,GAB,Gabon,1,Country,0,Gabonese Red Cross Society,en,2024-12-09 08:45:22.304659+00:00,12,Flood,,en,2025-05-31T00:00:00Z,7259,3991,2026-04-30 07:30:25.972902+00:00,Gabon - Floods,False,2445,2024-12-09 07:29:02+00:00,0,Africa,0,Africa,en,"Country cluster for Cameroon, Gabon, Equatorial Guinea and Sao Tome and Principe",2024-12-06T00:00:00Z,0,Active
18649,499846.0,499846.0,0,DREF,MDRLK021,,DLK001,160,True,False,LK,LKA,Sri Lanka,1,Country,2,Sri Lanka Red Cross Society,en,2024-12-09 10:45:24.534879+00:00,4,Cyclone,,en,2025-04-30T00:00:00Z,7244,3992,2026-04-08 14:30:51.563749+00:00,Sri Lanka - Cyclone Fengal,False,37300,2025-11-04 14:28:00+00:00,2,Asia Pacific,2,Asia Pacific,en,New Delhi country cluster,2024-12-06T00:00:00Z,1,Closed
18639,219935.0,219935.0,0,DREF,MDRBF020,,DBF001,181,True,False,BF,BFA,Burkina Faso,1,Country,0,Burkinabe Red Cross Society,en,2024-12-03 18:45:22.005000+00:00,13,Other,,en,2026-12-31T00:00:00Z,7274,3988,2026-04-30 07:30:25.790647+00:00,Burkina Faso - Heatwave sEAP,False,50000,2024-12-03 16:49:04+00:00,0,Africa,0,Africa,en,"Country cluster for Niger, Cote d'Ivoire, Burkina Faso and Mali",2024-12-03T00:00:00Z,0,Active
18633,472837.0,472837.0,0,DREF,MDRHN024,,DHN001,81,True,False,HN,HND,Honduras,1,Country,1,Honduran Red Cross,en,2024-11-26 16:45:22.521630+00:00,12,Flood,,en,2025-05-31T00:00:00Z,7237,3987,2026-04-08 14:30:51.366410+00:00,Honduras - Floods,False,6000,2025-11-04 09:42:05+00:00,1,Americas,1,Americas,en,Central America country cluster,2024-11-26T00:00:00Z,1,Closed
18627,978788.0,978788.0,0,DREF,MDRCU011,,DCU001,54,True,False,CU,CUB,Cuba,1,Country,1,Cuban Red Cross,en,2024-11-22 16:45:22.899608+00:00,4,Cyclone,,en,2025-09-30T00:00:00Z,7194,3986,2026-04-30 07:30:25.744427+00:00,Cuba - Cyclone Hurricane Rafael,False,10000,2025-07-16 08:31:03+00:00,1,Americas,1,Americas,en,"Cuba, Haiti and Dominican Republic country cluster",2024-11-22T00:00:00Z,0,Active
18625,499885.0,499885.0,0,DREF,MDRSY013,,DSY001,206,True,False,SY,SYR,Syrian Arab Republic,1,Country,4,Syrian Arab Red Crescent,en,2024-11-22 10:45:21.130455+00:00,15,Fire,,en,2025-06-30T00:00:00Z,7206,3985,2026-04-08 14:30:51.285527+00:00,Syria - Fire,False,15000,2025-11-04 13:57:02+00:00,4,Middle East & North Africa,4,Middle East & North Africa,en,Syria country office,2024-11-21T00:00:00Z,1,Closed
18623,450016.0,450016.0,0,DREF,MDRCO028,,DCO001,48,True,False,CO,COL,Colombia,1,Country,1,Colombian Red Cross Society,en,2024-11-22 06:45:43.576398+00:00,12,Flood,,en,2025-05-31T00:00:00Z,7236,3984,2026-04-30 07:30:25.706324+00:00,Colombia - Floods,False,8000,2025-12-09 15:04:01+00:00,1,Americas,1,Americas,en,South America country cluster,2024-11-21T00:00:00Z,1,Closed
18611,458959.0,458959.0,0,DREF,MDRCR026,,DCR001,51,True,False,CR,CRI,Costa Rica,1,Country,1,Costa Rican Red Cross,en,2024-11-21 08:45:23.367011+00:00,12,Flood,,en,2025-03-31T00:00:00Z,7208,3983,2026-04-08 14:30:51.208003+00:00,Costa Rica - Flood,False,7500,2025-08-07 09:06:02+00:00,1,Americas,1,Americas,en,Central America country cluster,2024-11-20T00:00:00Z,1,Closed
18609,216996.0,216996.0,0,DREF,MDRCO027,,DCO001,48,True,False,CO,COL,Colombia,1,Country,1,Colombian Red Cross Society,en,2024-11-19 18:45:22.636756+00:00,20,Drought,,en,2026-11-30T00:00:00Z,,3982,2026-04-30 07:30:25.624204+00:00,Colombia - Drought sEAP,False,2400,2024-11-19 17:20:05+00:00,1,Americas,1,Americas,en,South America country cluster,2024-11-19T00:00:00Z,0,Active
18607,485115.0,485115.0,0,DREF,MDRZA020,,DZA001,158,True,False,ZA,ZAF,South Africa,1,Country,0,The South African Red Cross Society,en,2024-11-18 14:45:44.637607+00:00,13,Other,,en,2025-05-31T00:00:00Z,7199,3981,2026-04-08 14:30:51.128295+00:00,South Africa - Thunderstorm,False,7500,2025-09-15 14:24:02+00:00,0,Africa,0,Africa,en,"Country cluster for South Africa, Botswana, Lesotho, Namibia and Kingdom of Eswatini",2024-11-18T00:00:00Z,1,Closed
18604,137683.0,137683.0,0,DREF,MDRDO018,,DDO001,59,True,False,DO,DOM,Dominican Republic,1,Country,1,Dominican Red Cross,en,2024-11-18 08:45:43.697417+00:00,12,Flood,,en,2025-02-28T00:00:00Z,7205,3980,2026-04-30 07:30:25.526091+00:00,Dominican Republic - Pluvial/Flash Flood,False,2000,2025-09-04 14:21:00+00:00,1,Americas,1,Americas,en,"Cuba, Haiti and Dominican Republic country cluster",2024-11-17T00:00:00Z,1,Closed
18600,544464.0,544464.0,0,DREF,MDRSV017,,DSV001,62,True,False,SV,SLV,El Salvador,1,Country,1,Salvadorean Red Cross Society,en,2024-11-15 16:45:21.489022+00:00,20,Drought,,en,2029-11-30T00:00:00Z,,3979,2026-04-30 07:30:25.472882+00:00,El Salvador - Drought EAP,False,10000,2024-11-15 15:07:05+00:00,1,Americas,1,Americas,en,Central America country cluster,2024-11-15T00:00:00Z,0,Active
18592,249979.0,249979.0,0,DREF,MDRPA020,,DPA001,132,True,False,PA,PAN,Panama,1,Country,1,Red Cross Society of Panama,en,2024-11-12 14:45:42.974396+00:00,12,Flood,,en,2025-03-31T00:00:00Z,7201,3978,2026-04-08 14:30:51.001022+00:00,Panama - Flood,False,2500,2025-09-04 14:19:02+00:00,1,Americas,1,Americas,en,Americas Regional Office,2024-11-12T00:00:00Z,1,Closed
18586,9743884.61,80000000.0,1,Emergency Appeal,MDRLB017,,DLB001,101,True,False,LB,LBN,Lebanon,1,Country,4,Lebanese Red Cross,en,2024-11-05 08:45:20.565824+00:00,6,Complex Emergency,,en,2027-12-31T00:00:00Z,7203,3976,2026-04-30 07:30:25.397212+00:00,Lebanon - Complex Emergency,False,1200000,2026-04-23 09:40:02+00:00,4,Middle East & North Africa,4,Middle East & North Africa,en,Middle East and North Africa Regional Office,2024-11-05T00:00:00Z,0,Active
18579,2223471.7700000005,5800000.0,1,Emergency Appeal,MDRPH056,,DPH001,136,True,False,PH,PHL,Philippines,1,Country,2,Philippine Red Cross,en,2024-10-30 10:45:39.417459+00:00,4,Cyclone,,en,2025-10-31T00:00:00Z,7196,3975,2026-04-30 07:30:25.283523+00:00,Philippines: Typhoons and Floods - 2024,False,86250,2025-10-08 13:08:01+00:00,2,Asia Pacific,2,Asia Pacific,en,Philippines country office,2024-10-30T00:00:00Z,0,Active
18570,467222.0,467222.0,0,DREF,MDRCU010,,DCU001,54,True,False,CU,CUB,Cuba,1,Country,1,Cuban Red Cross,en,2024-10-29 10:45:17.966829+00:00,4,Cyclone,,en,2025-08-31T00:00:00Z,7194,3973,2026-04-08 14:30:50.846412+00:00,Cuba - Hurricane Oscar,False,5000,2026-02-20 12:28:00+00:00,1,Americas,1,Americas,en,"Cuba, Haiti and Dominican Republic country cluster",2024-10-28T00:00:00Z,1,Closed
18577,214695.0,214695.0,0,DREF,MDRDZ012,,DDZ001,16,True,False,DZ,DZA,Algeria,1,Country,4,Algerian Red Crescent,en,2024-10-29 14:45:19.209990+00:00,1,Epidemic,,en,2025-04-30T00:00:00Z,7167,3974,2026-04-30 07:30:25.203300+00:00,Algeria - Epidemic Malaria and Diphtheria,False,6000,2024-10-29 13:58:05+00:00,4,Middle East & North Africa,4,Middle East & North Africa,en,Tunis country cluster,2024-10-28T00:00:00Z,0,Active
18568,309662.0,309662.0,0,DREF,MDRLK020,,DLK001,160,True,False,LK,LKA,Sri Lanka,1,Country,2,Sri Lanka Red Cross Society,en,2024-10-25 10:45:19.387980+00:00,12,Flood,,en,2025-02-28T00:00:00Z,7173,3972,2026-04-08 14:30:50.808416+00:00,Sri Lanka - Floods,False,40800,2025-07-11 09:04:00+00:00,2,Asia Pacific,2,Asia Pacific,en,New Delhi country cluster,2024-10-24T00:00:00Z,1,Closed
18564,500834.0,500834.0,0,DREF,MDRAF017,,DAF001,14,True,False,AF,AFG,Afghanistan,1,Country,2,Afghan Red Crescent,en,2024-10-19 18:45:19.534835+00:00,13,Other,,en,2025-08-31T00:00:00Z,7160,3971,2026-04-30 07:30:25.163332+00:00,Afghanistan - Malnutrition,False,62834,2025-07-08 08:58:04+00:00,2,Asia Pacific,2,Asia Pacific,en,Afghanistan country office,2024-10-18T00:00:00Z,0,Active
18562,253291.0,253291.0,0,DREF,MDRBA017,,DBA001,197,True,False,BA,BIH,Bosnia and Herzegovina,1,Country,3,Red Cross Society of Bosnia and Herzegovina,en,2024-10-18 14:45:20.759748+00:00,27,Pluvial/Flash Flood,,en,2025-04-30T00:00:00Z,7168,3970,2026-04-30 07:30:25.073839+00:00,Bosnia and Herzegovina - Flash Flood,False,2350,2024-10-18 13:47:01+00:00,3,Europe,3,Europe,en,"Cluster Delegation for Albania, Bosnia, Bulgaria, Croatia, Montenegro, North Macedonia and Serbia",2024-10-18T00:00:00Z,0,Active
18558,164871.0,164871.0,0,DREF,MDRBW006,,DBW001,34,True,False,BW,BWA,Botswana,1,Country,0,Botswana Red Cross Society,en,2024-10-10 16:45:20.987890+00:00,7,Civil Unrest,,en,2024-12-31T00:00:00Z,,3969,2026-04-08 14:30:50.696722+00:00,Botswana - Election Readiness,False,74205,2025-07-11 09:52:02+00:00,0,Africa,0,Africa,en,"Country cluster for South Africa, Botswana, Lesotho, Namibia and Kingdom of Eswatini",2024-10-10T00:00:00Z,1,Closed
18546,470306.0,470306.0,0,DREF,MDRSL016,,DSL001,152,True,False,SL,SLE,Sierra Leone,1,Country,0,Sierra Leone Red Cross Society,en,2024-10-04 14:45:21.386848+00:00,12,Flood,,en,2025-04-30T00:00:00Z,7156,3968,2026-04-30 07:30:24.994863+00:00,Sierra Leone - Floods,False,12610,2025-03-07 13:20:01+00:00,0,Africa,0,Africa,en,"Country cluster for Sierra Leone, Liberia, Guinea and Guinea Bisau",2024-10-04T00:00:00Z,0,Active
18543,550000.0,550000.0,0,DREF,MDRLS010,,DLS001,102,True,False,LS,LSO,Lesotho,1,Country,0,Lesotho Red Cross Society,en,2024-10-04 04:45:29.517700+00:00,14,Cold Wave,,en,2029-10-31T00:00:00Z,,3967,2026-04-30 07:30:24.956467+00:00,Lesotho - Cold Wave EAP,False,20000,2024-10-04 02:43:04+00:00,0,Africa,0,Africa,en,"Country cluster for South Africa, Botswana, Lesotho, Namibia and Kingdom of Eswatini",2024-10-03T00:00:00Z,0,Active
18540,520718.0,520718.0,0,DREF,MDRNP018,,DNP001,123,True,False,NP,NPL,Nepal,1,Country,2,Nepal Red Cross Society,en,2024-10-03 10:45:21.733345+00:00,12,Flood,,en,2025-04-30T00:00:00Z,7163,3966,2026-04-08 14:30:50.580897+00:00,Nepal - Floods,False,20000,2025-10-17 12:30:03+00:00,2,Asia Pacific,2,Asia Pacific,en,Nepal country office,2024-10-02T00:00:00Z,1,Closed
18536,465192.0,465192.0,0,DREF,MDRRO006,,DRO001,141,True,False,RO,ROU,Romania,1,Country,3,Romanian Red Cross,en,2024-10-02 02:45:20.018135+00:00,12,Flood,,en,2025-03-31T00:00:00Z,7157,3965,2026-04-08 14:30:50.544246+00:00,Romania - Floods,False,5000,2025-09-23 14:40:02+00:00,3,Europe,3,Europe,en,"Country Cluster Delegation for Poland, Lithuania, Estonia, Latvia, Czech Republic, Romania, Moldova ",2024-09-30T00:00:00Z,1,Closed
18533,113470.0,113470.0,0,DREF,MDRPT001,,DPT001,138,True,False,PT,PRT,Portugal,1,Country,3,Portuguese Red Cross,en,2024-09-30 08:45:19.026950+00:00,15,Fire,,en,2025-03-31T00:00:00Z,7148,3964,2026-04-08 14:30:50.505134+00:00,Portugal - Fires,False,2197,2025-10-17 11:35:03+00:00,3,Europe,3,Europe,en,Europe Other,2024-09-28T00:00:00Z,1,Closed
18529,398658.0,398658.0,0,DREF,MDRCV004,,DCV001,43,True,False,CV,CPV,Cabo Verde,1,Country,0,Red Cross of Cape Verde,en,2024-09-27 10:45:20.419864+00:00,1,Epidemic,,en,2025-03-31T00:00:00Z,7139,3962,2026-04-30 07:30:24.899785+00:00,Cape Verde - Dengue Outbreak,False,30000,2025-01-29 15:21:01+00:00,0,Africa,0,Africa,en,"Country cluster for Senegal, Cape Verde, Gambia and Mauritania",2024-09-27T00:00:00Z,0,Active
18525,270084.0,270084.0,0,DREF,MDRCZ003,,DCZ001,55,True,False,CZ,CZE,Czech Republic,1,Country,3,Czech Red Cross,en,2024-09-26 10:45:19.669092+00:00,12,Flood,,en,2025-03-31T00:00:00Z,7197,3961,2026-04-08 14:30:50.389901+00:00,Czech Republic - Floods,False,5400,2026-03-02 18:24:05+00:00,3,Europe,3,Europe,en,"Country Cluster Delegation for Poland, Lithuania, Estonia, Latvia, Czech Republic, Romania, Moldova ",2024-09-26T00:00:00Z,1,Closed
18527,363485.0,363485.0,0,DREF,MDRPL003,,DPL001,199,True,False,PL,POL,Poland,1,Country,3,Polish Red Cross,en,2024-09-26 10:45:19.635255+00:00,12,Flood,,en,2025-03-31T00:00:00Z,7146,3960,2026-04-08 14:30:50.427989+00:00,Poland -Flood,False,4500,2026-01-19 19:19:03+00:00,3,Europe,3,Europe,en,"Country Cluster Delegation for Poland, Lithuania, Estonia, Latvia, Czech Republic, Romania, Moldova ",2024-09-26T00:00:00Z,1,Closed
18518,535290.0,535290.0,0,DREF,MDRPH055,,DPH001,136,True,False,PH,PHL,Philippines,1,Country,2,Philippine Red Cross,en,2024-09-24 10:45:21.576526+00:00,4,Cyclone,,en,2029-09-30T00:00:00Z,7081,3958,2026-04-30 07:30:24.766452+00:00,Philippines - Typhoon EAP,False,15000,2024-09-24 09:15:05+00:00,2,Asia Pacific,2,Asia Pacific,en,Philippines country office,2024-09-23T00:00:00Z,0,Active
18517,413341.0,413341.0,0,DREF,MDRKE062,,DKE001,93,True,False,KE,KEN,Kenya,1,Country,0,Kenya Red Cross Society,en,2024-09-24 10:45:21.611137+00:00,1,Epidemic,,en,2024-12-31T00:00:00Z,7098,3959,2026-04-08 14:30:50.312835+00:00,Kenya - Polio Outbreak,False,2021663,2025-09-15 13:09:03+00:00,0,Africa,0,Africa,en,Africa Regional Office and Country cluster for Kenya and Somalia,2024-09-22T00:00:00Z,1,Closed
18515,250580.0,250580.0,0,DREF,MDRBO017,,DBO001,33,True,False,BO,BOL,Bolivia,1,Country,1,Bolivian Red Cross,en,2024-09-23 10:45:19.297836+00:00,15,Fire,,en,2025-01-31T00:00:00Z,7083,3957,2026-04-08 14:30:50.275951+00:00,Boliva - Wildfires,False,2500,2025-11-04 09:43:04+00:00,1,Americas,1,Americas,en,South America country cluster,2024-09-21T00:00:00Z,1,Closed
18511,499187.0,499187.0,0,DREF,MDRDZ011,,DDZ001,16,True,False,DZ,DZA,Algeria,1,Country,4,Algerian Red Crescent,en,2024-09-19 16:45:19.729984+00:00,12,Flood,,en,2025-03-31T00:00:00Z,,3956,2026-04-08 14:30:50.241390+00:00,Algeria - Flood,False,6000,2026-02-20 12:13:03+00:00,4,Middle East & North Africa,4,Middle East & North Africa,en,Tunis country cluster,2024-09-19T00:00:00Z,1,Closed
18503,2423980.0,4000000.0,1,Emergency Appeal,MDRVN024,,DVN001,191,True,False,VN,VNM,Viet Nam,1,Country,2,Vietnam Red Cross Society,en,2024-09-17 20:45:21.339010+00:00,4,Cyclone,,en,2026-03-31T00:00:00Z,7136,3953,2026-04-30 07:30:24.727434+00:00,Viet Nam - Cyclone Typhoon Yagi,False,130000,2025-08-05 15:01:02+00:00,2,Asia Pacific,2,Asia Pacific,en,Bangkok country cluster,2024-09-17T00:00:00Z,0,Active
18501,124717.18000000001,3000000.0,1,Emergency Appeal,MDRAR022,,DAR001,20,True,False,AR,ARG,Argentina,1,Country,1,Argentine Red Cross,en,2024-09-17 20:45:21.378263+00:00,13,Other,,en,2026-01-31T00:00:00Z,7034,3954,2026-04-30 07:30:24.604897+00:00,Argentina - Economic Crisis,False,20000,2025-12-11 09:14:00+00:00,1,Americas,1,Americas,en,Southern Cone country cluster,2024-09-17T00:00:00Z,0,Active
18502,1109770.7800000003,2500000.0,1,Emergency Appeal,MDRMM021,,DMM001,121,True,False,MM,MMR,Myanmar,1,Country,2,Myanmar Red Cross Society,en,2024-09-17 20:45:21.409518+00:00,12,Flood,,en,2025-09-30T00:00:00Z,7145,3955,2026-04-30 07:30:24.691102+00:00,Myanmar - Cyclone Typhoon Yagi,False,25000,2024-09-18 13:31:00+00:00,2,Asia Pacific,2,Asia Pacific,en,Myanmar country office,2024-09-17T00:00:00Z,0,Active
18497,440161.0,440161.0,0,DREF,MDRPK026,,DPK001,131,True,False,PK,PAK,Pakistan,1,Country,2,Pakistan Red Crescent,en,2024-09-17 08:45:20.111284+00:00,12,Flood,,en,2024-12-31T00:00:00Z,7131,3951,2026-04-08 14:30:50.052822+00:00,Pakistan - Floods,False,5600,2025-05-19 08:13:02+00:00,2,Asia Pacific,2,Asia Pacific,en,Pakistan country office,2024-09-14T00:00:00Z,1,Closed
18499,1858175.0099999998,4000000.0,1,Emergency Appeal,MDRTD024,,DTD001,45,True,False,TD,TCD,Chad,1,Country,0,Red Cross of Chad,en,2024-09-17 18:45:20.523580+00:00,12,Flood,,en,2026-06-30T00:00:00Z,7144,3952,2026-04-30 07:30:24.514594+00:00,Chad - Flood,False,389000,2026-02-03 09:22:02+00:00,0,Africa,0,Africa,en,Country cluster for Central African Republic and Chad,2024-09-12T00:00:00Z,0,Active
18482,943271.0,943271.0,0,DREF,MDRSD034,,DSD001,161,True,False,SD,SDN,Sudan,1,Country,0,Sudanese Red Crescent,en,2024-09-06 10:45:17.485772+00:00,12,Flood,,en,2025-06-30T00:00:00Z,7141,3949,2026-04-30 07:30:24.378433+00:00,Sudan - Floods,False,25000,2025-05-15 14:58:00+00:00,0,Africa,0,Africa,en,Country cluster for Sudan and Eritrea,2024-09-05T00:00:00Z,0,Active
18481,791305.6499999999,4500000.0,1,Emergency Appeal,MDRCM039,,DCM001,41,True,False,CM,CMR,Cameroon,1,Country,0,Cameroon Red Cross Society,en,2024-09-06 10:45:17.438648+00:00,12,Flood,,en,2026-03-31T00:00:00Z,7128,3948,2026-04-30 07:30:24.235313+00:00,Cameroon - Floods,False,99100,2025-09-10 09:11:00+00:00,0,Africa,0,Africa,en,"Country cluster for Cameroon, Gabon, Equatorial Guinea and Sao Tome and Principe",2024-09-04T00:00:00Z,0,Active
18476,2091782.44,5000000.0,1,Emergency Appeal,MDRNG041,,DNG001,128,True,False,NG,NGA,Nigeria,1,Country,0,Nigerian Red Cross Society,en,2024-09-04 08:45:19.587534+00:00,12,Flood,,en,2026-03-31T00:00:00Z,7062,3947,2026-04-30 07:30:24.192149+00:00,Nigeria - Floods,False,400000,2025-12-18 09:53:01+00:00,0,Africa,0,Africa,en,"Country cluster for Nigeria, Benin, Ghana and Togo",2024-09-03T00:00:00Z,0,Active
18490,577319.22,5000000.0,1,Emergency Appeal,MDRNA014,,DNA001,122,True,False,NA,NAM,Namibia,1,Country,0,Namibia Red Cross,en,2024-09-10 10:45:26.319789+00:00,20,Drought,,en,2026-04-30T00:00:00Z,7026,3950,2026-04-30 07:30:24.469623+00:00,Namibia - Drought,False,140000,2025-12-18 16:05:01+00:00,0,Africa,0,Africa,en,"Country cluster for South Africa, Botswana, Lesotho, Namibia and Kingdom of Eswatini",2024-09-02T00:00:00Z,0,Active
18474,1339175.13,4000000.0,1,Emergency Appeal,MDRNE030,,DNE001,127,True,False,NE,NER,Niger,1,Country,0,Red Cross Society of Niger,en,2024-09-02 14:45:19.904454+00:00,12,Flood,,en,2026-03-31T00:00:00Z,7119,3946,2026-04-30 07:30:24.154114+00:00,Niger - Floods,False,250000,2026-03-12 15:50:05+00:00,0,Africa,0,Africa,en,"Country cluster for Niger, Cote d'Ivoire, Burkina Faso and Mali",2024-09-02T00:00:00Z,0,Active
18437,500000.0,500000.0,0,DREF,MDRLA010,,DLA001,99,True,False,LA,LAO,Lao People's Democratic Republic,1,Country,2,Lao Red Cross,en,2024-08-26 08:45:18.248561+00:00,12,Flood,,en,2025-02-28T00:00:00Z,7123,3943,2026-04-08 14:30:49.797676+00:00,Lao PDR - Flood,False,28694,2025-07-11 09:00:05+00:00,2,Asia Pacific,2,Asia Pacific,en,Bangkok country cluster,2024-08-25T00:00:00Z,1,Closed
18431,192833.0,192833.0,0,DREF,MDRTD023,,DTD001,45,True,False,TD,TCD,Chad,1,Country,0,Red Cross of Chad,en,2024-08-20 14:45:18.681288+00:00,12,Flood,,en,2026-08-31T00:00:00Z,,3940,2026-04-30 07:30:23.897612+00:00,Chad - Floods EAP,False,2400,2024-08-20 13:47:02+00:00,0,Africa,0,Africa,en,Country cluster for Central African Republic and Chad,2024-08-20T00:00:00Z,0,Active
18434,12896261.56,30000000.0,1,Emergency Appeal,MDRS1003,,DKE001,93,True,False,KE,KEN,Kenya,1,Country,0,Kenya Red Cross Society,en,2024-08-23 08:45:17.558517+00:00,1,Epidemic,,en,2026-06-30T00:00:00Z,7118,3942,2026-04-30 07:30:23.978669+00:00,Africa - Regional  Mpox Epidemic,False,30000000,2026-03-27 08:43:05+00:00,0,Africa,0,Africa,en,Africa Regional Office and Country cluster for Kenya and Somalia,2024-08-20T00:00:00Z,0,Active
18446,0.0,0.0,1,Emergency Appeal,MDRNG040,,DNG001,128,True,False,NG,NGA,Nigeria,1,Country,0,Nigerian Red Cross Society,en,2024-08-29 08:45:17.427886+00:00,1,Epidemic,,en,2025-06-30T00:00:00Z,6094,3945,2024-09-09 12:16:19.765174+00:00,Nigeria - Mpox Epidemic,False,0,2024-08-29 07:56:00+00:00,0,Africa,0,Africa,en,"Country cluster for Nigeria, Benin, Ghana and Togo",2024-08-20T00:00:00Z,0,Active
18430,420995.0,420995.0,0,DREF,MDRPA019,,DPA001,132,True,False,PA,PAN,Panama,1,Country,1,Red Cross Society of Panama,en,2024-08-20 14:45:18.714226+00:00,1,Epidemic,,en,2025-02-28T00:00:00Z,7097,3941,2026-04-08 14:30:49.688002+00:00,Panama - Dengue,False,60000,2025-09-04 14:09:00+00:00,1,Americas,1,Americas,en,Americas Regional Office,2024-08-20T00:00:00Z,1,Closed
18425,530533.0,530533.0,0,DREF,MDRSO019,,DSO001,157,True,False,SO,SOM,Somalia,1,Country,0,Somali Red Crescent Society,en,2024-08-19 16:45:19.246398+00:00,20,Drought,,en,2029-08-31T00:00:00Z,7162,3938,2026-04-30 07:30:23.769827+00:00,Somalia - Drought EAP,False,30000,2025-09-18 11:46:02+00:00,0,Africa,0,Africa,en,Africa Regional Office and Country cluster for Kenya and Somalia,2024-08-16T00:00:00Z,0,Active
18427,526049.0,526049.0,0,DREF,MDRKG020,,DKG001,98,True,False,KG,KGZ,Kyrgyzstan,1,Country,3,Red Crescent Society of Kyrgyzstan,en,2024-08-20 08:45:20.373662+00:00,14,Cold Wave,,en,2029-08-31T00:00:00Z,,3939,2026-04-30 07:30:23.855668+00:00,Kyrgyzstan - Cold Wave EAP,False,10000,2024-08-20 07:51:03+00:00,3,Europe,3,Europe,en,Central Asia country cluster,2024-08-15T00:00:00Z,0,Active
18422,709111.0,709111.0,0,DREF,MDRBI022,,DBI001,39,True,False,BI,BDI,Burundi,1,Country,0,Burundi Red Cross,en,2024-08-19 14:45:19.224531+00:00,1,Epidemic,,en,2025-01-31T00:00:00Z,7086,3937,2024-08-23 06:48:20.251952+00:00,Burundi - Monkey pox,False,1387500,2024-08-20 09:25:01+00:00,0,Africa,0,Africa,en,"Country cluster for Democratic Republic of Congo, Republic of Congo, Burundi and Rwanda",2024-08-15T00:00:00Z,0,Active
18420,467835.0,467835.0,0,DREF,MDRGN017,,DGN001,77,True,False,GN,GIN,Guinea,1,Country,0,Red Cross Society of Guinea,en,2024-08-14 12:45:20.821431+00:00,12,Flood,,en,2024-12-31T00:00:00Z,7161,3936,2026-04-08 14:30:49.576697+00:00,Guinea - Flood,False,13300,2025-09-15 13:09:00+00:00,0,Africa,0,Africa,en,"Country cluster for Sierra Leone, Liberia, Guinea and Guinea Bisau",2024-08-13T00:00:00Z,1,Closed
18415,825215.0,825215.0,0,DREF,MDRMM020,,DMM001,121,True,False,MM,MMR,Myanmar,1,Country,2,Myanmar Red Cross Society,en,2024-08-10 14:45:20.950874+00:00,12,Flood,,en,2025-05-31T00:00:00Z,7095,3935,2026-04-30 07:30:23.657018+00:00,Myanmar - Floods,False,15000,2024-08-10 12:54:01+00:00,2,Asia Pacific,2,Asia Pacific,en,Myanmar country office,2024-08-09T00:00:00Z,0,Active
18412,1054038.54,4000000.0,1,Emergency Appeal,MDRML019,,DML001,112,True,False,ML,MLI,Mali,1,Country,0,Mali Red Cross,en,2024-08-05 08:45:34.901945+00:00,12,Flood,,en,2026-04-30T00:00:00Z,7229,3934,2026-04-30 07:30:23.619709+00:00,Mali - Complex Emergency,False,200000,2025-12-04 11:18:04+00:00,0,Africa,0,Africa,en,"Country cluster for Niger, Cote d'Ivoire, Burkina Faso and Mali",2024-08-04T00:00:00Z,0,Active
18410,739170.0,739170.0,0,DREF,MDRPH054,,DPH001,136,True,False,PH,PHL,Philippines,1,Country,2,Philippine Red Cross,en,2024-08-04 12:45:13.876825+00:00,12,Flood,,en,2025-02-28T00:00:00Z,7081,3933,2026-04-08 14:30:49.466940+00:00,Philippines - Flood,False,33000,2025-09-12 12:46:01+00:00,2,Asia Pacific,2,Asia Pacific,en,Philippines country office,2024-08-03T00:00:00Z,1,Closed
18408,24962.0,24962.0,0,DREF,MDRGQ004,,DGQ001,63,True,False,GQ,GNQ,Equatorial Guinea,1,Country,0,Red Cross of Equatorial Guinea,en,2024-07-30 16:45:37.554268+00:00,13,Other,,en,2024-10-31T00:00:00Z,7074,3932,2026-04-30 07:30:23.535963+00:00,Equatorial Guinea - Shipwreck,False,89,2024-10-01 04:53:00+00:00,0,Africa,0,Africa,en,"Country cluster for Cameroon, Gabon, Equatorial Guinea and Sao Tome and Principe",2024-07-30T00:00:00Z,0,Active
18406,1573239.16,3500000.0,1,Emergency Appeal,MDRET036,,DET001,65,True,False,ET,ETH,Ethiopia,1,Country,0,Ethiopian Red Cross Society,en,2024-07-30 10:45:43.467919+00:00,24,Landslide,,en,2026-03-31T00:00:00Z,7078,3931,2026-04-30 07:30:23.411401+00:00,Ethiopia - Landslides and Floods,False,60440,2026-01-22 13:36:05+00:00,0,Africa,0,Africa,en,Country cluster for Ethiopia and Djibouti,2024-07-29T00:00:00Z,0,Active
18401,2176152.02,5000000.0,1,Emergency Appeal,MDRSS014,,DSS001,290,True,False,SS,SSD,South Sudan,1,Country,0,South Sudan Red Cross,en,2024-07-25 16:45:19.695919+00:00,12,Flood,,en,2026-12-31T00:00:00Z,7082,3930,2026-04-30 07:30:23.372123+00:00,South Sudan - Floods,False,300000,2025-12-10 08:37:04+00:00,0,Africa,0,Africa,en,"Country cluster for South Sudan, Tanzania and Uganda",2024-07-25T00:00:00Z,0,Active
18397,220000.0,220000.0,0,DREF,MDRYE015,,DYE001,10,True,False,YE,YEM,Yemen,1,Country,4,Yemen Red Crescent Society,en,2024-07-24 10:45:21.880111+00:00,12,Flood,,en,2025-11-30T00:00:00Z,,3929,2026-04-30 07:30:23.255170+00:00,Yemen - Floods EAP,False,15785,2025-09-02 10:52:04+00:00,4,Middle East & North Africa,4,Middle East & North Africa,en,Yemen country office,2024-07-23T00:00:00Z,0,Active
18392,270049.0,270049.0,0,DREF,MDRVE009,,DVE001,8,True,False,VE,VEN,Venezuela,1,Country,1,Venezuelan Red Cross,en,2024-07-17 00:45:20.862273+00:00,12,Flood,,en,2025-01-31T00:00:00Z,7055,3928,2026-04-08 14:30:49.284607+00:00,Venezuela - Hurricane Beryl,False,5000,2025-07-03 14:01:04+00:00,1,Americas,1,Americas,en,Venezuela Country Office,2024-07-16T00:00:00Z,1,Closed
18386,413665.0,413665.0,0,DREF,MDRNG039,,DNG001,128,True,False,NG,NGA,Nigeria,1,Country,0,Nigerian Red Cross Society,en,2024-07-16 12:45:39.289446+00:00,13,Other,,en,2025-03-31T00:00:00Z,7100,3925,2026-04-30 07:30:23.158143+00:00,Nigeria - Severe Acute Malnutrition,False,160000,2025-01-15 10:28:02+00:00,0,Africa,0,Africa,en,"Country cluster for Nigeria, Benin, Ghana and Togo",2024-07-15T00:00:00Z,0,Active
18384,254682.0,254682.0,0,DREF,MDRBJ019,,DBJ001,209,True,False,BJ,BEN,Benin,1,Country,0,Red Cross of Benin,en,2024-07-16 12:45:39.362514+00:00,12,Flood,,en,2025-01-31T00:00:00Z,7047,3927,2026-04-30 07:30:23.055301+00:00,Benin - Floods,False,10215,2025-09-02 10:52:02+00:00,0,Africa,0,Africa,en,"Country cluster for Nigeria, Benin, Ghana and Togo",2024-07-12T00:00:00Z,0,Active
18385,484052.0,484052.0,0,DREF,MDRLR008,,DLR001,103,True,False,LR,LBR,Liberia,1,Country,0,Liberian Red Cross Society,en,2024-07-16 12:45:39.329218+00:00,12,Flood,,en,2024-11-30T00:00:00Z,7036,3926,2026-04-30 07:30:23.107925+00:00,Liberia - Floods,False,13100,2024-07-12 14:26:04+00:00,0,Africa,0,Africa,en,"Country cluster for Sierra Leone, Liberia, Guinea and Guinea Bisau",2024-07-12T00:00:00Z,0,Active
18381,349920.0,349920.0,0,DREF,MDRBD037,,DBD001,27,True,False,BD,BGD,Bangladesh,1,Country,2,Bangladesh Red Crescent Society,en,2024-07-10 12:45:21.581029+00:00,12,Flood,,en,2024-10-31T00:00:00Z,7605,3924,2026-04-30 07:30:23.001281+00:00,Bangladesh - Floods EAP,False,50000,2024-07-10 11:22:02+00:00,2,Asia Pacific,2,Asia Pacific,en,Bangladesh country office,2024-07-09T00:00:00Z,0,Active
18377,432354.0,432354.0,0,DREF,MDRUG051,,DUG001,176,True,False,UG,UGA,Uganda,1,Country,0,Uganda Red Cross Society,en,2024-07-08 10:45:18.981281+00:00,5,Population Movement,,en,2024-10-31T00:00:00Z,7041,3923,2025-03-13 16:47:20.133606+00:00,Uganda - Population Movement,False,106996,2024-07-08 09:18:03+00:00,0,Africa,0,Africa,en,"Country cluster for South Sudan, Tanzania and Uganda",2024-07-06T00:00:00Z,0,Active
18375,2231787.12,4000000.0,1,Emergency Appeal,MDRS2001,,DTT001,172,True,False,TT,TTO,Trinidad and Tobago,1,Country,1,The Trinidad and Tobago Red Cross Society,en,2024-07-05 14:45:19.618385+00:00,4,Cyclone,,en,2026-07-31T00:00:00Z,7046,3922,2026-04-30 07:30:22.966180+00:00,Hurricane Beryl,False,25000,2026-01-05 14:47:05+00:00,1,Americas,1,Americas,en,Americas Regional Office,2024-07-04T00:00:00Z,0,Active
18373,175382.0,175382.0,0,DREF,MDRBI021,,DBI001,39,True,False,BI,BDI,Burundi,1,Country,0,Burundi Red Cross,en,2024-07-05 10:45:20.178813+00:00,12,Flood,,en,2026-07-31T00:00:00Z,7101,3921,2026-04-30 07:30:22.911467+00:00,Burundi - Floods -sEAP,False,9000,2024-07-05 06:28:00+00:00,0,Africa,0,Africa,en,"Country cluster for Democratic Republic of Congo, Republic of Congo, Burundi and Rwanda",2024-07-03T00:00:00Z,0,Active
18371,403772.0,403772.0,0,DREF,MDRSV016,,DSV001,62,True,False,SV,SLV,El Salvador,1,Country,1,Salvadorean Red Cross Society,en,2024-07-01 10:45:20.369591+00:00,12,Flood,,en,2024-12-31T00:00:00Z,7030,3920,2026-04-08 14:30:49.018370+00:00,El Salvador - Floods,False,8570,2025-09-04 14:20:01+00:00,1,Americas,1,Americas,en,Central America country cluster,2024-06-30T00:00:00Z,1,Closed
18369,3098124.1100000003,6000000.0,1,Emergency Appeal,MDRBD036,,DBD001,27,True,False,BD,BGD,Bangladesh,1,Country,2,Bangladesh Red Crescent Society,en,2024-06-29 18:45:19.326769+00:00,27,Pluvial/Flash Flood,,en,2025-09-30T00:00:00Z,7035,3919,2026-04-30 07:30:22.809677+00:00,Bangladesh - Flash Floods,False,400000,2024-09-18 14:36:03+00:00,2,Asia Pacific,2,Asia Pacific,en,Bangladesh country office,2024-06-29T00:00:00Z,0,Active
18361,420150.0,420150.0,0,DREF,MDRBF019,,DBF001,181,True,False,BF,BFA,Burkina Faso,1,Country,0,Burkinabe Red Cross Society,en,2024-06-24 14:45:19.710525+00:00,12,Flood,,en,2024-09-30T00:00:00Z,7024,3918,2026-04-08 14:30:48.941324+00:00,Burkina Faso - Floods,False,4200,2026-02-20 12:33:03+00:00,0,Africa,0,Africa,en,"Country cluster for Niger, Cote d'Ivoire, Burkina Faso and Mali",2024-06-22T00:00:00Z,1,Closed
18359,499776.0,499776.0,0,DREF,MDRZA018,,DZA001,158,True,False,ZA,ZAF,South Africa,1,Country,0,The South African Red Cross Society,en,2024-06-24 10:45:20.553694+00:00,12,Flood,,en,2024-10-31T00:00:00Z,7020,3917,2026-04-08 14:30:48.904702+00:00,South Africa - Thunderstorm and Floods,False,10000,2025-07-11 14:02:04+00:00,0,Africa,0,Africa,en,"Country cluster for South Africa, Botswana, Lesotho, Namibia and Kingdom of Eswatini",2024-06-21T00:00:00Z,1,Closed
18357,491994.0,491994.0,0,DREF,MDRLK019,,DLK001,160,True,False,LK,LKA,Sri Lanka,1,Country,2,Sri Lanka Red Cross Society,en,2024-06-21 14:45:20.708364+00:00,12,Flood,,en,2024-10-31T00:00:00Z,7004,3916,2026-04-08 14:30:48.865011+00:00,Sri Lanka - Flood,False,77000,2025-05-19 08:12:00+00:00,2,Asia Pacific,2,Asia Pacific,en,New Delhi country cluster,2024-06-20T00:00:00Z,1,Closed
18350,455756.0,455756.0,0,DREF,MDRHN023,,DHN001,81,True,False,HN,HND,Honduras,1,Country,1,Honduran Red Cross,en,2024-06-12 10:45:19.644705+00:00,1,Epidemic,,en,2024-12-31T00:00:00Z,,3914,2026-04-08 14:30:48.790550+00:00,Honduras - Dengue,False,15000,2025-07-10 13:48:02+00:00,1,Americas,1,Americas,en,Central America country cluster,2024-06-11T00:00:00Z,1,Closed
18347,199964.0,199964.0,0,DREF,MDRNP017,,DNP001,123,True,False,NP,NPL,Nepal,1,Country,2,Nepal Red Cross Society,en,2024-06-11 10:45:21.545334+00:00,12,Flood,,en,2026-06-30T00:00:00Z,7606,3913,2026-04-30 07:30:22.749890+00:00,Nepal - Floods EAP,False,10500,2024-06-11 08:56:05+00:00,2,Asia Pacific,2,Asia Pacific,en,Nepal country office,2024-06-10T00:00:00Z,0,Active
18346,499471.0,499471.0,0,DREF,MDRBW005,,DBW001,34,True,False,BW,BWA,Botswana,1,Country,0,Botswana Red Cross Society,en,2024-06-11 10:45:21.511071+00:00,20,Drought,,en,2025-02-28T00:00:00Z,7052,3912,2026-04-08 14:30:48.699476+00:00,Botswana - Drought,False,5350,2025-09-12 14:58:05+00:00,0,Africa,0,Africa,en,"Country cluster for South Africa, Botswana, Lesotho, Namibia and Kingdom of Eswatini",2024-06-10T00:00:00Z,1,Closed
18352,499759.0,499759.0,0,DREF,MDRAM013,,DAM001,21,True,False,AM,ARM,Armenia,1,Country,3,Armenian Red Cross Society,en,2024-06-12 14:45:21.718682+00:00,12,Flood,,en,2024-11-30T00:00:00Z,7016,3915,2026-04-08 14:30:48.826462+00:00,Armenia - Floods,False,5600,2025-09-05 07:21:03+00:00,3,Europe,3,Europe,en,Southern Caucasus country cluster,2024-06-10T00:00:00Z,1,Closed
18341,158160.0,158160.0,0,DREF,MDRBZ008,,DBZ001,31,True,False,BZ,BLZ,Belize,1,Country,1,Belize Red Cross Society,en,2024-06-11 08:45:20.157660+00:00,15,Fire,,en,2024-10-31T00:00:00Z,7013,3911,2026-04-08 14:30:48.664148+00:00,Belize - Fires,False,800,2025-11-17 16:04:02+00:00,1,Americas,1,Americas,en,Caribbean country cluster,2024-06-06T00:00:00Z,1,Closed
18336,200726.0,200726.0,0,DREF,MDRPG012,,DPG001,133,True,False,PG,PNG,Papua New Guinea,1,Country,2,Papua New Guinea Red Cross Society,en,2024-06-03 14:45:21.738311+00:00,24,Landslide,,en,2024-12-31T00:00:00Z,7022,3910,2026-04-08 14:30:48.623676+00:00,Papua New Guinea - Landslide,False,2000,2025-09-12 12:29:03+00:00,2,Asia Pacific,2,Asia Pacific,en,Papua New Guinea country office,2024-06-01T00:00:00Z,1,Closed
18334,499838.0,499838.0,0,DREF,MDRET035,,DET001,65,True,False,ET,ETH,Ethiopia,1,Country,0,Ethiopian Red Cross Society,en,2024-06-03 14:45:21.634595+00:00,12,Flood,,en,2024-09-30T00:00:00Z,7001,3907,2026-04-08 14:30:48.550407+00:00,Ethiopia - Floods,False,62775,2026-02-20 12:06:04+00:00,0,Africa,0,Africa,en,Country cluster for Ethiopia and Djibouti,2024-05-30T00:00:00Z,1,Closed
18335,547206.0,547206.0,0,DREF,MDRGT024,,DGT001,76,True,False,GT,GTM,Guatemala,1,Country,1,Guatemalan Red Cross,en,2024-06-03 14:45:21.701447+00:00,12,Flood,,en,2029-05-31T00:00:00Z,,3909,2026-04-30 07:30:22.597115+00:00,Guatemala - Floods EAP,False,14000,2025-02-11 12:57:02+00:00,1,Americas,1,Americas,en,Central America country cluster,2024-05-29T00:00:00Z,0,Active
18333,1666057.7899999998,10000000.0,1,Emergency Appeal,MDRBD035,,DBD001,27,True,False,BD,BGD,Bangladesh,1,Country,2,Bangladesh Red Crescent Society,en,2024-06-03 14:45:21.671524+00:00,4,Cyclone,,en,2025-05-31T00:00:00Z,7012,3908,2026-04-30 07:30:22.541319+00:00,Bangladesh - Cyclone,False,650000,2024-05-30 13:19:05+00:00,2,Asia Pacific,2,Asia Pacific,en,Bangladesh country office,2024-05-29T00:00:00Z,0,Active
18320,149930.0,149930.0,0,DREF,MDRCO026,,DCO001,48,True,False,CO,COL,Colombia,1,Country,1,Colombian Red Cross Society,en,2024-05-27 10:45:20.241905+00:00,8,Volcanic Eruption,,en,2024-10-31T00:00:00Z,6991,3906,2026-04-08 14:30:48.438463+00:00,Colombia - Volcanic eruption,False,4500,2025-07-03 14:03:03+00:00,1,Americas,1,Americas,en,South America country cluster,2024-05-27T00:00:00Z,1,Closed
18321,499972.0,499972.0,0,DREF,MDRSO018,,DSO001,157,True,False,SO,SOM,Somalia,1,Country,0,Somali Red Crescent Society,en,2024-05-27 10:45:20.181992+00:00,12,Flood,,en,2024-09-30T00:00:00Z,7010,3905,2026-04-30 07:30:22.455861+00:00,Somalia - Floods,False,26400,2024-05-27 09:41:02+00:00,0,Africa,0,Africa,en,Africa Regional Office and Country cluster for Kenya and Somalia,2024-05-27T00:00:00Z,0,Active
18318,197666.0,197666.0,0,DREF,MDRGD001,,DGD001,75,True,False,GD,GRD,Grenada,1,Country,1,Grenada Red Cross Society,en,2024-05-24 18:45:20.942021+00:00,20,Drought,,en,2024-09-30T00:00:00Z,,3904,2026-04-08 14:30:48.396349+00:00,Grenada - Drought,False,5000,2025-10-14 13:25:05+00:00,1,Americas,1,Americas,en,Caribbean country cluster,2024-05-24T00:00:00Z,1,Closed
18315,546439.0,546439.0,0,DREF,MDRGT023,,DGT001,76,True,False,GT,GTM,Guatemala,1,Country,1,Guatemalan Red Cross,en,2024-05-24 10:45:21.894187+00:00,20,Drought,,en,2029-05-31T00:00:00Z,,3903,2026-04-30 07:30:22.396053+00:00,Guatemala - Drought EAP,False,14000,2025-02-11 12:54:05+00:00,1,Americas,1,Americas,en,Central America country cluster,2024-05-23T00:00:00Z,0,Active
18314,395901.0,395901.0,0,DREF,MDRGT022,,DGT001,76,True,False,GT,GTM,Guatemala,1,Country,1,Guatemalan Red Cross,en,2024-05-24 10:45:21.860146+00:00,1,Epidemic,,en,2024-11-30T00:00:00Z,6981,3902,2026-04-08 14:30:48.310220+00:00,Guatemala - Dengue,False,5000,2025-07-10 13:47:02+00:00,1,Americas,1,Americas,en,Central America country cluster,2024-05-23T00:00:00Z,1,Closed
18312,172536.0,172536.0,0,DREF,MDRAO009,,DAO001,18,True,False,AO,AGO,Angola,1,Country,0,Angola Red Cross,en,2024-05-23 10:45:20.779015+00:00,1,Epidemic,,en,2024-11-30T00:00:00Z,6999,3901,2026-04-08 14:30:48.274479+00:00,Angola - Polio,False,1465417,2026-02-20 12:34:01+00:00,0,Africa,0,Africa,en,Country cluster for Mozambique and Angola,2024-05-22T00:00:00Z,1,Closed
18310,479715.0,479715.0,0,DREF,MDRUG050,,DUG001,176,True,False,UG,UGA,Uganda,1,Country,0,Uganda Red Cross Society,en,2024-05-22 18:45:19.230077+00:00,12,Flood,,en,2024-11-30T00:00:00Z,6994,3900,2026-04-08 14:30:48.235959+00:00,Uganda - Floods,False,19098,2025-09-15 14:24:00+00:00,0,Africa,0,Africa,en,"Country cluster for South Sudan, Tanzania and Uganda",2024-05-22T00:00:00Z,1,Closed
18308,734982.57,5000000.0,1,Emergency Appeal,MDRMZ024,,DMZ001,120,True,False,MZ,MOZ,Mozambique,1,Country,0,Mozambique Red Cross Society,en,2024-05-22 14:45:22.910906+00:00,20,Drought,,en,2025-12-31T00:00:00Z,7015,3899,2026-04-30 07:30:22.356383+00:00,Mozambique - Drought,False,61165,2025-10-31 13:47:03+00:00,0,Africa,0,Africa,en,Country cluster for Mozambique and Angola,2024-05-18T00:00:00Z,0,Active
18304,499831.0,499831.0,0,DREF,MDRCD044,,DCD001,187,True,False,CD,COD,Democratic Republic of Congo,1,Country,0,Red Cross of the Democratic Republic of the Congo,en,2024-05-17 10:45:21.037716+00:00,12,Flood,,en,2024-09-30T00:00:00Z,6983,3898,2026-04-08 14:30:48.151850+00:00,DRC - Floods,False,11400,2025-09-12 15:16:01+00:00,0,Africa,0,Africa,en,"Country cluster for Democratic Republic of Congo, Republic of Congo, Burundi and Rwanda",2024-05-16T00:00:00Z,1,Closed
18302,585250.0599999999,5000000.0,1,Emergency Appeal,MDRLS008,,DLS001,102,True,False,LS,LSO,Lesotho,1,Country,0,Lesotho Red Cross Society,en,2024-05-15 14:45:24.624015+00:00,20,Drought,,en,2026-02-28T00:00:00Z,7005,3897,2026-04-30 07:30:22.320019+00:00,Lesotho - Drought,False,87381,2025-11-24 09:16:02+00:00,0,Africa,0,Africa,en,"Country cluster for South Africa, Botswana, Lesotho, Namibia and Kingdom of Eswatini",2024-05-15T00:00:00Z,0,Active
18300,149498.0,149498.0,0,DREF,MDRCR025,,DCR001,51,True,False,CR,CRI,Costa Rica,1,Country,1,Costa Rican Red Cross,en,2024-05-14 18:45:19.944167+00:00,8,Volcanic Eruption,,en,2024-08-31T00:00:00Z,,3896,2026-04-08 14:30:48.076359+00:00,Costa Rica - Volcanic Ash,False,11850,2025-04-24 08:25:04+00:00,1,Americas,1,Americas,en,Central America country cluster,2024-05-14T00:00:00Z,1,Closed
18293,686691.0,686691.0,0,DREF,MDRHT021,,DHT001,80,True,False,HT,HTI,Haiti,1,Country,1,Haiti Red Cross Society,en,2024-05-13 14:45:20.396965+00:00,6,Complex Emergency,,en,2025-02-28T00:00:00Z,7002,3895,2026-04-08 14:30:48.037133+00:00,Haiti - Complex Emergency,False,11670,2025-11-17 16:10:00+00:00,1,Americas,1,Americas,en,"Cuba, Haiti and Dominican Republic country cluster",2024-05-13T00:00:00Z,1,Closed
18291,3823842.79,8000000.0,1,Emergency Appeal,MDRBR011,,DBR001,35,True,False,BR,BRA,Brazil,1,Country,1,Brazilian Red Cross,en,2024-05-12 22:45:16.813068+00:00,12,Flood,,en,2025-09-30T00:00:00Z,6987,3894,2026-04-30 07:30:22.281182+00:00,Brazil - Floods,False,63412,2025-04-10 07:52:03+00:00,1,Americas,1,Americas,en,Southern Cone country cluster,2024-05-11T00:00:00Z,0,Active
18289,167795.0,167795.0,0,DREF,MDRZA017,,DZA001,158,True,False,ZA,ZAF,South Africa,1,Country,0,The South African Red Cross Society,en,2024-05-12 10:45:19.374452+00:00,7,Civil Unrest,,en,2024-07-31T00:00:00Z,7007,3893,2026-04-08 14:30:47.955406+00:00,South Africa - Election readiness,False,30000,2025-07-11 09:53:02+00:00,0,Africa,0,Africa,en,"Country cluster for South Africa, Botswana, Lesotho, Namibia and Kingdom of Eswatini",2024-05-10T00:00:00Z,1,Closed
18286,556357.9099999999,2500000.0,1,Emergency Appeal,MDRMR017,,DMR001,114,True,False,MR,MRT,Mauritania,1,Country,0,Mauritanian Red Crescent,en,2024-05-10 10:45:18.605802+00:00,5,Population Movement,,en,2026-06-30T00:00:00Z,6962,3892,2026-04-30 07:30:22.242426+00:00,Mauritania - Pop. Movement,False,61760,2025-12-18 16:16:02+00:00,0,Africa,0,Africa,en,"Country cluster for Senegal, Cape Verde, Gambia and Mauritania",2024-05-09T00:00:00Z,0,Active
18283,336394.0,336394.0,0,DREF,MDRHN022,,DHN001,81,True,False,HN,HND,Honduras,1,Country,1,Honduran Red Cross,en,2024-05-07 18:45:18.231407+00:00,15,Fire,,en,2024-11-30T00:00:00Z,6954,3891,2026-04-08 14:30:47.880957+00:00,Honduras - Fire,False,33000,2025-07-03 14:02:04+00:00,1,Americas,1,Americas,en,Central America country cluster,2024-05-07T00:00:00Z,1,Closed
18277,1226687.55,5000000.0,1,Emergency Appeal,MDRAF015,,DAF001,14,True,False,AF,AFG,Afghanistan,1,Country,2,Afghan Red Crescent,en,2024-05-06 06:45:21.934333+00:00,12,Flood,,en,2025-05-31T00:00:00Z,6940,3888,2026-04-30 07:30:22.162529+00:00,Afghanistan - Floods,False,28000,2024-05-17 05:57:05+00:00,2,Asia Pacific,2,Asia Pacific,en,Afghanistan country office,2024-05-04T00:00:00Z,0,Active
18279,488376.0,488376.0,0,DREF,MDRKG019,,DKG001,98,True,False,KG,KGZ,Kyrgyzstan,1,Country,3,Red Crescent Society of Kyrgyzstan,en,2024-05-06 10:45:20.998477+00:00,12,Flood,,en,2024-10-31T00:00:00Z,6955,3890,2026-04-08 14:30:47.809970+00:00,Kyrgyzstan - Floods,False,5100,2025-10-17 11:17:04+00:00,3,Europe,3,Europe,en,Central Asia country cluster,2024-05-04T00:00:00Z,1,Closed
18280,1346869.01,16000000.0,1,Emergency Appeal,MDRYE014,,DYE001,10,True,False,YE,YEM,Yemen,1,Country,4,Yemen Red Crescent Society,en,2024-05-06 10:45:20.960746+00:00,12,Flood,,en,2025-06-30T00:00:00Z,6950,3889,2026-04-30 07:30:22.204171+00:00,Yemen - Floods,False,600000,2024-08-27 07:11:04+00:00,4,Middle East & North Africa,4,Middle East & North Africa,en,Yemen country office,2024-05-03T00:00:00Z,0,Active
18273,342337.0,342337.0,0,DREF,MDRBD034,,DBD001,27,True,False,BD,BGD,Bangladesh,1,Country,2,Bangladesh Red Crescent Society,en,2024-05-03 14:45:20.973062+00:00,19,Heat Wave,,en,2024-08-31T00:00:00Z,6949,3887,2026-04-08 14:30:47.735730+00:00,Bangladesh - Heatwave,False,500000,2025-05-19 07:43:00+00:00,2,Asia Pacific,2,Asia Pacific,en,Bangladesh country office,2024-05-03T00:00:00Z,1,Closed
18270,210958.0,210958.0,0,DREF,MDRKM012,,DKM001,186,True,False,KM,COM,Comoros,1,Country,0,The Comoros Red Crescent,en,2024-04-24 10:45:21.344176+00:00,8,Volcanic Eruption,,en,2026-04-30T00:00:00Z,7008,3886,2026-04-30 07:30:22.120245+00:00,Comoros - Volcanic Ash (EAP),False,0,2024-04-24 07:40:01+00:00,0,Africa,0,Africa,en,"Country cluster for Madagascar, Comoro Islands, Mauritius and Seychelles",2024-04-23T00:00:00Z,0,Active
18264,118430.0,118430.0,0,DREF,MDRBA016,,DBA001,197,True,False,BA,BIH,Bosnia and Herzegovina,1,Country,3,Red Cross Society of Bosnia and Herzegovina,en,2024-04-21 10:45:20.581479+00:00,1,Epidemic,,en,2024-08-31T00:00:00Z,6952,3872,2026-04-08 14:30:47.659661+00:00,Bosnia - Measles Outbreak,False,7650,2025-05-16 14:32:02+00:00,3,Europe,3,Europe,en,"Cluster Delegation for Albania, Bosnia, Bulgaria, Croatia, Montenegro, North Macedonia and Serbia",2024-04-20T00:00:00Z,1,Closed
18261,499381.0,499381.0,0,DREF,MDRKE059,,DKE001,93,True,False,KE,KEN,Kenya,1,Country,0,Kenya Red Cross Society,en,2024-04-19 10:45:19.900087+00:00,13,Other,,en,2024-10-31T00:00:00Z,6928,3871,2026-04-08 14:30:47.617774+00:00,Kenya - Baringo Social unrest,False,22500,2026-02-20 12:08:01+00:00,0,Africa,0,Africa,en,Africa Regional Office and Country cluster for Kenya and Somalia,2024-04-19T00:00:00Z,1,Closed
18256,362952.0,362952.0,0,DREF,MDRNG038,,DNG001,128,True,False,NG,NGA,Nigeria,1,Country,0,Nigerian Red Cross Society,en,2024-04-15 10:45:18.594150+00:00,1,Epidemic,,en,2024-10-31T00:00:00Z,6894,3870,2026-04-30 07:30:22.071690+00:00,Nigeria - Lassa Fever outbreak,False,1393856,2024-09-19 08:34:05+00:00,0,Africa,0,Africa,en,"Country cluster for Nigeria, Benin, Ghana and Togo",2024-04-14T00:00:00Z,0,Active
18254,499997.0,499997.0,0,DREF,MDRKZ013,,DKZ001,201,True,False,KZ,KAZ,Kazakhstan,1,Country,3,Red Crescent Society of the Republic of Kazakhstan,en,2024-04-11 10:45:22.945162+00:00,12,Flood,,en,2024-08-31T00:00:00Z,6931,3869,2026-04-08 14:30:47.542862+00:00,Kazakhstan - Flood,False,5000,2025-05-16 15:04:04+00:00,3,Europe,3,Europe,en,Central Asia country cluster,2024-04-10T00:00:00Z,1,Closed
18252,148708.0,148708.0,0,DREF,MDRMG022,,DMG001,109,True,False,MG,MDG,Madagascar,1,Country,0,Malagasy Red Cross Society,en,2024-04-08 14:45:21.718924+00:00,4,Cyclone,,en,2024-07-31T00:00:00Z,7006,3868,2026-04-08 14:30:47.505018+00:00,Madagascar - Cyclone,False,10000,2025-05-19 14:01:04+00:00,0,Africa,0,Africa,en,"Country cluster for Madagascar, Comoro Islands, Mauritius and Seychelles",2024-04-08T00:00:00Z,1,Closed
18250,257890.0,257890.0,0,DREF,MDRCU009,,DCU001,54,True,False,CU,CUB,Cuba,1,Country,1,Cuban Red Cross,en,2024-04-05 14:45:20.026522+00:00,12,Flood,,en,2024-10-31T00:00:00Z,6919,3867,2026-04-08 14:30:47.467957+00:00,Cuba - Floods,False,3300,2025-05-16 09:24:05+00:00,1,Americas,1,Americas,en,"Cuba, Haiti and Dominican Republic country cluster",2024-04-04T00:00:00Z,1,Closed
18245,499900.0,499900.0,0,DREF,MDRIQ016,,DIQ001,87,True,False,IQ,IRQ,Iraq,1,Country,4,Iraqi Red Crescent Society,en,2024-04-02 14:45:21.298330+00:00,27,Pluvial/Flash Flood,,en,2024-10-31T00:00:00Z,6913,3865,2026-04-08 14:30:47.393346+00:00,Iraq - Flash Floods,False,18000,2025-10-17 11:16:05+00:00,4,Middle East & North Africa,4,Middle East & North Africa,en,Iraq country office,2024-04-02T00:00:00Z,1,Closed
18246,315080.0,315080.0,0,DREF,MDRUY005,,DUY001,5,True,False,UY,URY,Uruguay,1,Country,1,Uruguayan Red Cross,en,2024-04-02 14:45:21.327131+00:00,12,Flood,,en,2024-09-30T00:00:00Z,6920,3866,2026-04-08 14:30:47.433257+00:00,Uruguay - Floods,False,3500,2025-08-07 09:10:04+00:00,1,Americas,1,Americas,en,Southern Cone country cluster,2024-04-02T00:00:00Z,1,Closed
18239,1176265.1,8000000.0,1,Emergency Appeal,MDRZM022,,DZM001,12,True,False,ZM,ZMB,Zambia,1,Country,0,Zambia Red Cross Society,en,2024-03-22 16:45:23.235568+00:00,20,Drought,,en,2025-09-30T00:00:00Z,6878,3863,2026-04-30 07:30:22.025159+00:00,Zambia - Drought,False,160000,2025-08-14 08:28:02+00:00,0,Africa,0,Africa,en,"Country cluster for Zimbabwe, Malawi and Zambia",2024-03-22T00:00:00Z,0,Active
18241,253029.0,253029.0,0,DREF,MDRBF018,,DBF001,181,True,False,BF,BFA,Burkina Faso,1,Country,0,Burkinabe Red Cross Society,en,2024-03-25 08:45:26.429917+00:00,1,Epidemic,,en,2024-06-30T00:00:00Z,6875,3864,2026-04-08 14:30:47.359686+00:00,Burkina Faso - Measles outbreak,False,218270,2025-07-11 14:04:02+00:00,0,Africa,0,Africa,en,"Country cluster for Niger, Cote d'Ivoire, Burkina Faso and Mali",2024-03-22T00:00:00Z,1,Closed
18236,442667.0,442667.0,0,DREF,MDRIR014,,DIR001,203,True,False,IR,IRN,"Iran, Islamic Republic of",1,Country,4,Red Crescent Society of the Islamic Republic of Iran,en,2024-03-20 16:45:21.654888+00:00,12,Flood,,en,2024-09-30T00:00:00Z,6895,3862,2026-04-08 14:30:47.289995+00:00,Iran - Flood,False,22000,2025-09-12 14:22:05+00:00,4,Middle East & North Africa,4,Middle East & North Africa,en,Iran country office,2024-03-20T00:00:00Z,1,Closed
18234,499885.0,499885.0,0,DREF,MDRAF014,,DAF001,14,True,False,AF,AFG,Afghanistan,1,Country,2,Afghan Red Crescent,en,2024-03-18 12:45:23.467148+00:00,14,Cold Wave,,en,2024-07-31T00:00:00Z,6898,3861,2026-04-08 14:30:47.252486+00:00,Afghanistan - Cold Wave,False,11200,2025-03-10 06:54:03+00:00,2,Asia Pacific,2,Asia Pacific,en,Afghanistan country office,2024-03-16T00:00:00Z,1,Closed
18232,546685.0,546685.0,0,DREF,MDRSZ005,,DSZ001,163,True,False,SZ,SWZ,"Eswatini, Kingdom of",1,Country,0,Baphalali Eswatini Red Cross Society,en,2024-03-18 10:45:23.404043+00:00,20,Drought,,en,2029-03-31T00:00:00Z,6921,3860,2026-04-30 07:30:21.982632+00:00,Eswatini - Drought EAP,False,10800,2024-03-18 08:20:00+00:00,0,Africa,0,Africa,en,"Country cluster for South Africa, Botswana, Lesotho, Namibia and Kingdom of Eswatini",2024-03-15T00:00:00Z,0,Active
18228,110842.0,110842.0,0,DREF,MDRDZ010,,DDZ001,16,True,False,DZ,DZA,Algeria,1,Country,4,Algerian Red Crescent,en,2024-03-15 12:45:21.188690+00:00,12,Flood,,en,2024-09-30T00:00:00Z,6897,3859,2026-04-08 14:30:47.177124+00:00,Algeria - Flood,False,1000,2025-10-17 11:16:01+00:00,4,Middle East & North Africa,4,Middle East & North Africa,en,Tunis country cluster,2024-03-14T00:00:00Z,1,Closed
18227,399056.0,399056.0,0,DREF,MDRAR021,,DAR001,20,True,False,AR,ARG,Argentina,1,Country,1,Argentine Red Cross,en,2024-03-15 12:45:21.155123+00:00,12,Flood,,en,2024-08-31T00:00:00Z,6900,3858,2026-04-08 14:30:47.141740+00:00,Argentina - Floods,False,4000,2025-07-03 13:56:02+00:00,1,Americas,1,Americas,en,Southern Cone country cluster,2024-03-14T00:00:00Z,1,Closed
18222,142267.0,142267.0,0,DREF,MDRBO016,,DBO001,33,True,False,BO,BOL,Bolivia,1,Country,1,Bolivian Red Cross,en,2024-03-13 16:45:19.681780+00:00,12,Flood,,en,2024-09-30T00:00:00Z,6891,3856,2026-04-08 14:30:47.063719+00:00,Bolivia - Floods,False,1500,2025-07-03 13:57:00+00:00,1,Americas,1,Americas,en,South America country cluster,2024-03-13T00:00:00Z,1,Closed
18220,499864.0,499864.0,0,DREF,MDRPK025,,DPK001,131,True,False,PK,PAK,Pakistan,1,Country,2,Pakistan Red Crescent,en,2024-03-13 12:45:22.855292+00:00,12,Flood,,en,2024-08-31T00:00:00Z,6887,3855,2026-04-08 14:30:47.023576+00:00,Pakistan - Flood,False,28000,2025-05-19 08:12:02+00:00,2,Asia Pacific,2,Asia Pacific,en,Pakistan country office,2024-03-13T00:00:00Z,1,Closed
18224,174791.0,174791.0,0,DREF,MDRCM037,,DCM001,41,True,False,CM,CMR,Cameroon,1,Country,0,Cameroon Red Cross Society,en,2024-03-14 10:45:19.997742+00:00,5,Population Movement,,en,2024-08-31T00:00:00Z,6876,3857,2026-04-30 07:30:21.941585+00:00,Cameroon - Population Movement,False,2635,2024-04-23 16:56:05+00:00,0,Africa,0,Africa,en,"Country cluster for Cameroon, Gabon, Equatorial Guinea and Sao Tome and Principe",2024-03-13T00:00:00Z,0,Active
18218,43726.0,43726.0,0,DREF,MDRMZ023,,DMZ001,120,True,False,MZ,MOZ,Mozambique,1,Country,0,Mozambique Red Cross Society,en,2024-03-12 16:45:23.300817+00:00,5,Population Movement,,en,2024-07-31T00:00:00Z,6883,3854,2026-04-08 14:30:46.985776+00:00,Mozambique - Population Movement,False,1500,2025-05-19 14:10:00+00:00,0,Africa,0,Africa,en,Country cluster for Mozambique and Angola,2024-03-12T00:00:00Z,1,Closed
18216,499820.0,499820.0,0,DREF,MDRMW020,,DMW001,110,True,False,MW,MWI,Malawi,1,Country,0,Malawi Red Cross Society,en,2024-03-11 16:45:20.265288+00:00,12,Flood,,en,2024-08-31T00:00:00Z,6889,3853,2026-04-08 14:30:46.945025+00:00,Malawi - Floods,False,6000,2025-05-19 14:04:04+00:00,0,Africa,0,Africa,en,"Country cluster for Zimbabwe, Malawi and Zambia",2024-03-11T00:00:00Z,1,Closed
18212,201811.0,201811.0,0,DREF,MDRMH004,,DMH001,212,True,False,MH,MHL,Marshall Islands,1,Country,2,Marshall Islands Red Cross Society,en,2024-03-11 04:45:18.723431+00:00,20,Drought,,en,2024-08-31T00:00:00Z,6916,3852,2026-04-08 14:30:46.904671+00:00,Marshall Islands - Drought,False,5000,2025-05-19 08:12:05+00:00,2,Asia Pacific,2,Asia Pacific,en,Suva country cluster,2024-03-08T00:00:00Z,1,Closed
18209,486886.0,486886.0,0,DREF,MDREC026,,DEC001,60,True,False,EC,ECU,Ecuador,1,Country,1,Ecuadorian Red Cross,en,2024-03-09 22:45:18.392164+00:00,12,Flood,,en,2024-08-31T00:00:00Z,6888,3851,2026-04-08 14:30:46.866557+00:00,Ecuador - Floods,False,10000,2025-10-14 13:26:02+00:00,1,Americas,1,Americas,en,South America country cluster,2024-03-08T00:00:00Z,1,Closed
18199,5191357.08,30000000.0,1,Emergency Appeal,MDRCD043,,DCD001,187,True,False,CD,COD,Democratic Republic of Congo,1,Country,0,Red Cross of the Democratic Republic of the Congo,en,2024-02-21 14:45:18.414775+00:00,5,Population Movement,,en,2026-03-31T00:00:00Z,6886,3850,2026-04-30 07:30:21.902294+00:00,DR Congo - Population Movement,False,500000,2026-03-31 12:28:04+00:00,0,Africa,0,Africa,en,"Country cluster for Democratic Republic of Congo, Republic of Congo, Burundi and Rwanda",2024-02-21T00:00:00Z,0,Active
18196,685250.0,685250.0,0,DREF,MDRKM011,,DKM001,186,True,False,KM,COM,Comoros,1,Country,0,The Comoros Red Crescent,en,2024-02-19 16:45:18.930172+00:00,1,Epidemic,,en,2025-01-31T00:00:00Z,6885,3849,2026-04-08 14:30:46.793934+00:00,Comoros - Cholera Response,False,330000,2025-09-15 13:09:04+00:00,0,Africa,0,Africa,en,"Country cluster for Madagascar, Comoro Islands, Mauritius and Seychelles",2024-02-19T00:00:00Z,1,Closed
18193,499964.0,499964.0,0,DREF,MDRSO017,,DSO001,157,True,False,SO,SOM,Somalia,1,Country,0,Somali Red Crescent Society,en,2024-02-15 16:45:20.435971+00:00,1,Epidemic,,en,2024-08-31T00:00:00Z,6867,3848,2026-04-30 07:30:21.859639+00:00,Somalia - Cholera,False,24500,2024-04-23 16:56:05+00:00,0,Africa,0,Africa,en,Africa Regional Office and Country cluster for Kenya and Somalia,2024-02-15T00:00:00Z,0,Active
18189,483174.0,483174.0,0,DREF,MDRPH053,,DPH001,136,True,False,PH,PHL,Philippines,1,Country,2,Philippine Red Cross,en,2024-02-14 12:45:19.647721+00:00,12,Flood,,en,2024-08-31T00:00:00Z,6852,3846,2026-04-08 14:30:46.675811+00:00,Philippines - Floods,False,12600,2025-09-12 12:42:00+00:00,2,Asia Pacific,2,Asia Pacific,en,Philippines country office,2024-02-14T00:00:00Z,1,Closed
18190,186866.0,186866.0,0,DREF,MDRTZ037,,DTZ001,189,True,False,TZ,TZA,"Tanzania, United Republic of",1,Country,0,Tanzania Red Cross National Society,en,2024-02-14 12:45:19.687825+00:00,1,Epidemic,,en,2024-05-31T00:00:00Z,6818,3847,2026-04-30 07:30:21.814665+00:00,Tanzania - Cholera,False,178607,2024-04-23 16:56:05+00:00,0,Africa,0,Africa,en,"Country cluster for South Sudan, Tanzania and Uganda",2024-02-14T00:00:00Z,0,Active
18185,458836.0,458836.0,0,DREF,MDRCO025,,DCO001,48,True,False,CO,COL,Colombia,1,Country,1,Colombian Red Cross Society,en,2024-02-10 18:45:17.659920+00:00,20,Drought,,en,2024-08-31T00:00:00Z,6864,3845,2026-04-08 14:30:46.627405+00:00,Colombia - Droughts,False,9320,2025-07-03 13:58:03+00:00,1,Americas,1,Americas,en,South America country cluster,2024-02-10T00:00:00Z,1,Closed
18183,496982.0,496982.0,0,DREF,MDRCL017,,DCL001,46,True,False,CL,CHL,Chile,1,Country,1,Chilean Red Cross,es,2024-02-10 14:45:17.966139+00:00,15,Fire,,en,2024-06-30T00:00:00Z,6849,3844,2026-04-08 14:30:46.590040+00:00,Chile - Fires,False,9885,2025-05-16 09:23:05+00:00,1,Americas,1,Americas,en,Southern Cone country cluster,2024-02-10T00:00:00Z,1,Closed
18180,499987.0,499987.0,0,DREF,MDRBD033,,DBD001,27,True,False,BD,BGD,Bangladesh,1,Country,2,Bangladesh Red Crescent Society,en,2024-02-05 12:45:20.548292+00:00,4,Cyclone,,en,2029-02-28T00:00:00Z,6924,3843,2026-04-30 07:30:21.775176+00:00,Bangladesh - Cyclone EAP,False,150000,2025-11-19 10:24:03+00:00,2,Asia Pacific,2,Asia Pacific,en,Bangladesh country office,2024-02-05T00:00:00Z,0,Active
18176,948773.0,948773.0,0,DREF,MDRMZ021,,DMZ001,120,True,False,MZ,MOZ,Mozambique,1,Country,0,Mozambique Red Cross Society,en,2024-02-02 14:45:21.971909+00:00,4,Cyclone,,en,2026-05-31T00:00:00Z,6863,3841,2026-04-30 07:30:21.699930+00:00,Mozambique - Cyclone EAP,False,10000,2026-03-29 03:32:03+00:00,0,Africa,0,Africa,en,Country cluster for Mozambique and Angola,2024-02-02T00:00:00Z,0,Active
18178,925392.0,925392.0,0,DREF,MDRMZ022,,DMZ001,120,True,False,MZ,MOZ,Mozambique,1,Country,0,Mozambique Red Cross Society,en,2024-02-05 10:45:22.103867+00:00,12,Flood,,en,2026-03-31T00:00:00Z,6862,3842,2026-04-30 07:30:21.738261+00:00,Mozambique - Floods EAP,False,10000,2026-03-29 03:32:03+00:00,0,Africa,0,Africa,en,Country cluster for Mozambique and Angola,2024-02-02T00:00:00Z,0,Active
18174,1726443.44,4500000.0,1,Emergency Appeal,MDRMN020,,DMN001,194,True,False,MN,MNG,Mongolia,1,Country,2,Mongolian Red Cross Society,en,2024-02-02 12:45:21.857966+00:00,14,Cold Wave,,en,2025-06-30T00:00:00Z,6779,3840,2026-04-30 07:30:21.658790+00:00,Mongolia - Cold wave,False,36000,2025-03-05 09:34:05+00:00,2,Asia Pacific,2,Asia Pacific,en,Beijing country cluster,2024-02-02T00:00:00Z,0,Active
18170,268357.0,268357.0,0,DREF,MDRLB016,,DLB001,101,True,False,LB,LBN,Lebanon,1,Country,4,Lebanese Red Cross,en,2024-02-01 14:45:21.837634+00:00,14,Cold Wave,,en,2024-05-31T00:00:00Z,6834,3838,2026-04-08 14:30:46.398991+00:00,Lebanon - Cold Wave,False,13000,2025-05-16 10:09:05+00:00,4,Middle East & North Africa,4,Middle East & North Africa,en,Middle East and North Africa Regional Office,2024-01-31T00:00:00Z,1,Closed
18166,50024.0,50024.0,0,DREF,MDRMH003,,DMH001,212,True,False,MH,MHL,Marshall Islands,1,Country,2,Marshall Islands Red Cross Society,en,2024-01-31 08:45:20.172009+00:00,23,Storm Surge,,en,2024-03-31T00:00:00Z,6837,3837,2026-04-08 14:30:46.360913+00:00,Marshall Islands - Storm Surge,False,19532,2025-05-16 15:03:03+00:00,2,Asia Pacific,2,Asia Pacific,en,Suva country cluster,2024-01-30T00:00:00Z,1,Closed
18162,353285.0,353285.0,0,DREF,MDRZA016,,DZA001,158,True,False,ZA,ZAF,South Africa,1,Country,0,The South African Red Cross Society,en,2024-01-25 16:45:20.345531+00:00,23,Storm Surge,,en,2024-07-31T00:00:00Z,6841,3836,2026-04-08 14:30:46.323943+00:00,South Africa - Storm Surge,False,3357,2025-09-15 14:24:01+00:00,0,Africa,0,Africa,en,"Country cluster for South Africa, Botswana, Lesotho, Namibia and Kingdom of Eswatini",2024-01-25T00:00:00Z,1,Closed
18160,66310.0,66310.0,0,DREF,MDRKM010,,DKM001,186,True,False,KM,COM,Comoros,1,Country,0,The Comoros Red Crescent,en,2024-01-25 14:45:24.151689+00:00,7,Civil Unrest,,en,2024-02-29T00:00:00Z,6843,3835,2026-04-08 14:30:46.284794+00:00,Comoros - Civil Unrest,False,1000,2025-03-11 15:05:04+00:00,0,Africa,0,Africa,en,"Country cluster for Madagascar, Comoro Islands, Mauritius and Seychelles",2024-01-25T00:00:00Z,1,Closed
18154,218956.0,218956.0,0,DREF,MDREC025,,DEC001,60,True,False,EC,ECU,Ecuador,1,Country,1,Ecuadorian Red Cross,en,2024-01-23 12:45:27.348311+00:00,13,Other,,en,2024-07-31T00:00:00Z,6821,3833,2026-04-08 14:30:46.204431+00:00,Ecuador - Security Crises,False,4500,2025-07-10 13:46:02+00:00,1,Americas,1,Americas,en,South America country cluster,2024-01-23T00:00:00Z,1,Closed
18156,396254.0,396254.0,0,DREF,MDRCD042,,DCD001,187,True,False,CD,COD,Democratic Republic of Congo,1,Country,0,Red Cross of the Democratic Republic of the Congo,en,2024-01-24 10:45:22.951308+00:00,12,Flood,,en,2024-05-31T00:00:00Z,6842,3834,2026-04-30 07:30:21.607393+00:00,DRC - Floods,False,12000,2025-09-15 10:49:03+00:00,0,Africa,0,Africa,en,"Country cluster for Democratic Republic of Congo, Republic of Congo, Burundi and Rwanda",2024-01-23T00:00:00Z,2,Frozen
18151,71435.0,71435.0,0,DREF,MDRLS007,,DLS001,102,True,False,LS,LSO,Lesotho,1,Country,0,Lesotho Red Cross Society,en,2024-01-18 12:45:23.396227+00:00,23,Storm Surge,,en,2024-05-31T00:00:00Z,6833,3832,2026-04-08 14:30:46.165288+00:00,Lesotho - Storm Surge,False,770,2025-07-11 14:04:00+00:00,0,Africa,0,Africa,en,"Country cluster for South Africa, Botswana, Lesotho, Namibia and Kingdom of Eswatini",2024-01-17T00:00:00Z,1,Closed
18144,490335.0,490335.0,0,DREF,MDRCG022,,DCG001,184,True,False,CG,COG,Congo,1,Country,0,Congolese Red Cross,en,2024-01-09 09:43:25.872760+00:00,12,Flood,,en,2024-05-31T00:00:00Z,6805,3830,2026-04-08 14:30:46.084056+00:00,Congo - Floods,False,16000,2025-09-15 15:11:00+00:00,0,Africa,0,Africa,en,"Country cluster for Democratic Republic of Congo, Republic of Congo, Burundi and Rwanda",2024-01-08T00:00:00Z,1,Closed
18137,299986.0,299986.0,0,DREF,MDRMV004,,DMV001,227,True,False,MV,MDV,Maldives,1,Country,2,Maldivian Red Crescent,en,2024-01-09 09:43:25.846106+00:00,1,Epidemic,,en,2024-12-31T00:00:00Z,6804,3829,2026-04-08 14:30:46.048015+00:00,Maldives - Filariasis,False,100000,2025-09-12 12:47:01+00:00,2,Asia Pacific,2,Asia Pacific,en,New Delhi country cluster,2024-01-01T00:00:00Z,1,Closed
18147,2871300.57,3000000.0,1,Emergency Appeal,MDRZM021,,DZM001,12,True,False,ZM,ZMB,Zambia,1,Country,0,Zambia Red Cross Society,en,2024-01-12 10:45:21.601185+00:00,1,Epidemic,,en,2024-12-31T00:00:00Z,6817,3831,2026-04-08 14:30:46.127865+00:00,Zambia - Cholera Outbreak,False,3500000,2026-02-17 14:56:04+00:00,0,Africa,0,Africa,en,"Country cluster for Zimbabwe, Malawi and Zambia",2024-01-01T00:00:00Z,1,Closed
18130,339101.0,339101.0,0,DREF,MDRAR020,,DAR001,20,True,False,AR,ARG,Argentina,1,Country,1,Argentine Red Cross,en,2024-01-04 17:43:47.330923+00:00,23,Storm Surge,,en,2024-04-30T00:00:00Z,6794,3827,2026-04-08 14:30:46.008770+00:00,Argentina - Storm Bahia blanca,False,4000,2025-05-16 09:22:01+00:00,1,Americas,1,Americas,en,Southern Cone country cluster,2023-12-28T00:00:00Z,0,Active
18132,484636.0,484636.0,0,DREF,MDRGN016,,DGN001,77,True,False,GN,GIN,Guinea,1,Country,0,Red Cross Society of Guinea,en,2024-01-09 09:43:25.803159+00:00,13,Other,,en,2024-04-30T00:00:00Z,6795,3828,2026-04-30 07:30:21.559827+00:00,Guinea - Kaloum Explosion,False,8036,2024-04-23 16:56:05+00:00,0,Africa,0,Africa,en,"Country cluster for Sierra Leone, Liberia, Guinea and Guinea Bisau",2023-12-25T00:00:00Z,0,Active
18129,899821.0,899821.0,0,DREF,MDRSZ004,,DSZ001,163,True,False,SZ,SWZ,"Eswatini, Kingdom of",1,Country,0,Baphalali Eswatini Red Cross Society,en,2023-12-21 12:45:24.177944+00:00,20,Drought,,en,2025-09-30T00:00:00Z,6750,3826,2026-04-30 07:30:21.522009+00:00,Eswatini - Drought,False,40000,2025-10-08 11:58:03+00:00,0,Africa,0,Africa,en,"Country cluster for South Africa, Botswana, Lesotho, Namibia and Kingdom of Eswatini",2023-12-21T00:00:00Z,0,Active
18128,549995.0,549995.0,0,DREF,MDRHN021,,DHN001,81,True,False,HN,HND,Honduras,1,Country,1,Honduran Red Cross,en,2023-12-21 12:45:24.145184+00:00,5,Population Movement,,en,2028-12-31T00:00:00Z,6815,3825,2026-04-30 07:30:21.476488+00:00,Honduras - Population Movement EAP,False,10000,2024-04-23 16:56:05+00:00,1,Americas,1,Americas,en,Central America country cluster,2023-12-19T00:00:00Z,0,Active
18124,549023.0,549023.0,0,DREF,MDRHN020,,DHN001,81,True,False,HN,HND,Honduras,1,Country,1,Honduran Red Cross,en,2023-12-18 10:45:21.861663+00:00,12,Flood,,en,2025-02-28T00:00:00Z,6816,3824,2026-04-30 07:30:21.434885+00:00,Honduras - Floods EAP,False,12750,2024-12-03 10:41:03+00:00,1,Americas,1,Americas,en,Central America country cluster,2023-12-15T00:00:00Z,0,Active
18120,340176.0,340176.0,0,DREF,MDRML018,,DML001,112,True,False,ML,MLI,Mali,1,Country,0,Mali Red Cross,en,2023-12-13 16:45:20.241615+00:00,1,Epidemic,,en,2024-06-30T00:00:00Z,6782,3823,2026-04-08 14:30:45.822197+00:00,Mali - Dengue Outbreak,False,322013,2025-07-11 14:03:05+00:00,0,Africa,0,Africa,en,"Country cluster for Niger, Cote d'Ivoire, Burkina Faso and Mali",2023-12-13T00:00:00Z,1,Closed
18118,129613.0,129613.0,0,DREF,MDRUG049,,DUG001,176,True,False,UG,UGA,Uganda,1,Country,0,Uganda Red Cross Society,en,2023-12-13 10:45:21.463985+00:00,1,Epidemic,,en,2024-03-31T00:00:00Z,6784,3822,2026-04-08 14:30:45.787876+00:00,Uganda - Anthrax Epidemic,False,69340,2025-09-15 14:01:02+00:00,0,Africa,0,Africa,en,"Country cluster for South Sudan, Tanzania and Uganda",2023-12-12T00:00:00Z,1,Closed
18114,499927.0,499927.0,0,DREF,MDRAO008,,DAO001,18,True,False,AO,AGO,Angola,1,Country,0,Angola Red Cross,en,2023-12-11 22:45:20.913905+00:00,12,Flood,,en,2024-06-30T00:00:00Z,6781,3821,2026-04-08 14:30:45.750174+00:00,Angola - Floods,False,19200,2025-07-11 14:04:03+00:00,0,Africa,0,Africa,en,Country cluster for Mozambique and Angola,2023-12-10T00:00:00Z,1,Closed
18110,149210.0,149210.0,0,DREF,MDRCD041,,DCD001,187,True,False,CD,COD,Democratic Republic of Congo,1,Country,0,Red Cross of the Democratic Republic of the Congo,en,2023-12-05 10:45:21.271579+00:00,7,Civil Unrest,,en,2024-03-31T00:00:00Z,6743,3820,2026-04-30 07:30:21.387839+00:00,DR Congo - Election Readiness,False,15000,2024-04-23 16:56:05+00:00,0,Africa,0,Africa,en,"Country cluster for Democratic Republic of Congo, Republic of Congo, Burundi and Rwanda",2023-12-04T00:00:00Z,0,Active
18083,486716.0,486716.0,0,DREF,MDRET034,,DET001,65,True,False,ET,ETH,Ethiopia,1,Country,0,Ethiopian Red Cross Society,en,2023-12-04 12:45:22.726567+00:00,12,Flood,,en,2024-03-31T00:00:00Z,6773,3819,2026-04-08 14:30:45.671904+00:00,Ethiopia - Flood,False,53000,2025-03-10 06:51:01+00:00,0,Africa,0,Africa,en,Country cluster for Ethiopia and Djibouti,2023-12-04T00:00:00Z,1,Closed
18080,291629.0,291629.0,0,DREF,MDRJO003,,DJO001,92,True,False,JO,JOR,Jordan,1,Country,4,Jordan National Red Crescent Society,en,2023-11-30 16:45:22.342580+00:00,14,Cold Wave,,en,2024-03-31T00:00:00Z,,3818,2026-04-08 14:30:45.632885+00:00,Jordan - Cold Wave,False,2000,2025-07-10 15:23:02+00:00,4,Middle East & North Africa,4,Middle East & North Africa,en,Jordan country office,2023-11-30T00:00:00Z,1,Closed
18075,465386.0,465386.0,0,DREF,MDRDO016,,DDO001,59,True,False,DO,DOM,Dominican Republic,1,Country,1,Dominican Red Cross,en,2023-11-29 16:45:22.395785+00:00,12,Flood,,en,2024-05-31T00:00:00Z,6772,3816,2026-04-08 14:30:45.554692+00:00,Dominican Republic - Floods,False,7500,2025-07-03 13:59:03+00:00,1,Americas,1,Americas,en,"Cuba, Haiti and Dominican Republic country cluster",2023-11-29T00:00:00Z,1,Closed
18078,485321.0,485321.0,0,DREF,MDRIS001,,DIS001,83,True,False,IS,ISL,Iceland,1,Country,3,Icelandic Red Cross,en,2023-11-30 14:45:19.586347+00:00,2,Earthquake,,en,2024-05-31T00:00:00Z,6749,3817,2026-04-08 14:30:45.594949+00:00,Iceland - Volcanic and seismic activity,False,2500,2025-05-16 14:32:05+00:00,3,Europe,3,Europe,en,Europe Other,2023-11-29T00:00:00Z,1,Closed
18071,750000.0,750000.0,0,DREF,MDRAF013,,DAF001,14,True,False,AF,AFG,Afghanistan,1,Country,2,Afghan Red Crescent,en,2023-11-27 14:45:22.502186+00:00,5,Population Movement,,en,2024-05-31T00:00:00Z,6736,3815,2026-04-08 14:30:45.514636+00:00,Afghanistan - Population Movement,False,50000,2025-09-19 06:48:00+00:00,2,Asia Pacific,2,Asia Pacific,en,Afghanistan country office,2023-11-27T00:00:00Z,0,Active
18064,1156235.8399999999,5000000.0,1,Emergency Appeal,MDRTZ035,,DTZ001,189,True,False,TZ,TZA,"Tanzania, United Republic of",1,Country,0,Tanzania Red Cross National Society,en,2023-11-22 16:45:19.813838+00:00,12,Flood,,en,2024-12-31T00:00:00Z,6783,3813,2026-04-30 07:30:21.351055+00:00,Tanzania - Floods,False,200000,2024-05-03 12:41:01+00:00,0,Africa,0,Africa,en,"Country cluster for South Sudan, Tanzania and Uganda",2023-11-22T00:00:00Z,0,Active
18066,288368.0,288368.0,0,DREF,MDRCF031,,DCF001,44,True,False,CF,CAF,Central African Republic,1,Country,0,Central African Red Cross Society,en,2023-11-22 18:45:19.838233+00:00,13,Other,,en,2024-03-31T00:00:00Z,6729,3814,2026-04-08 14:30:45.478667+00:00,Central African Republic - Strong Winds,False,6006,2026-02-20 12:31:02+00:00,0,Africa,0,Africa,en,Country cluster for Central African Republic and Chad,2023-11-22T00:00:00Z,1,Closed
18057,151832.0,151832.0,0,DREF,MDRCO024,,DCO001,48,True,False,CO,COL,Colombia,1,Country,1,Colombian Red Cross Society,en,2023-11-17 16:45:20.247364+00:00,12,Flood,,en,2024-05-31T00:00:00Z,6755,3812,2026-04-08 14:30:45.358635+00:00,Colombia - Floods,False,4350,2025-04-24 08:24:00+00:00,1,Americas,1,Americas,en,South America country cluster,2023-11-17T00:00:00Z,1,Closed
18058,290183.0,290183.0,0,DREF,MDRZM020,,DZM001,12,True,False,ZM,ZMB,Zambia,1,Country,0,Zambia Red Cross Society,en,2023-11-17 16:45:20.216032+00:00,1,Epidemic,,en,2024-03-31T00:00:00Z,6727,3811,2026-04-08 14:30:45.397030+00:00,Zambia - Anthrax Outbreak Response,False,200000,2025-07-11 14:02:02+00:00,0,Africa,0,Africa,en,"Country cluster for Zimbabwe, Malawi and Zambia",2023-11-17T00:00:00Z,1,Closed
18055,121673.0,121673.0,0,DREF,MDRMY010,,DMY001,111,True,False,MY,MYS,Malaysia,1,Country,2,Malaysian Red Crescent Society,en,2023-11-17 10:45:22.754096+00:00,1,Epidemic,,en,2024-04-30T00:00:00Z,6686,3810,2026-04-08 14:30:45.318654+00:00,Malaysia - Dengue prevention and control,False,240000,2025-05-16 15:02:03+00:00,2,Asia Pacific,2,Asia Pacific,en,Asia Pacific Regional Office,2023-11-16T00:00:00Z,1,Closed
18053,748383.0,748383.0,0,DREF,MDRBI020,,DBI001,39,True,False,BI,BDI,Burundi,1,Country,0,Burundi Red Cross,en,2023-11-16 12:45:21.596929+00:00,12,Flood,,en,2024-08-31T00:00:00Z,6734,3809,2026-04-30 07:30:21.313588+00:00,Burundi - Floods and Landslides,False,3690,2025-09-19 12:08:03+00:00,0,Africa,0,Africa,en,"Country cluster for Democratic Republic of Congo, Republic of Congo, Burundi and Rwanda",2023-11-15T00:00:00Z,0,Active
18049,142018.0,142018.0,0,DREF,MDRFJ007,,DFJ001,66,True,False,FJ,FJI,Fiji,1,Country,2,Fiji Red Cross Society,en,2023-11-14 16:45:21.038919+00:00,4,Cyclone,,en,2023-12-31T00:00:00Z,6748,3808,2026-04-08 14:30:45.238432+00:00,Fiji - Cyclone Mal,False,7500,2024-05-15 08:18:04+00:00,2,Asia Pacific,2,Asia Pacific,en,Suva country cluster,2023-11-14T00:00:00Z,1,Closed
18046,1966206.19,12000000.0,1,Emergency Appeal,MDRKE058,,DKE001,93,True,False,KE,KEN,Kenya,1,Country,0,Kenya Red Cross Society,en,2023-11-13 14:45:21.053766+00:00,12,Flood,,en,2024-12-31T00:00:00Z,6756,3807,2026-04-30 07:30:21.275811+00:00,Kenya - Floods,False,500000,2024-05-17 14:22:03+00:00,0,Africa,0,Africa,en,Africa Regional Office and Country cluster for Kenya and Somalia,2023-11-11T00:00:00Z,0,Active
18043,350199.0,350199.0,0,DREF,MDRPY023,,DPY001,134,True,False,PY,PRY,Paraguay,1,Country,1,Paraguayan Red Cross,en,2023-11-10 16:45:50.034939+00:00,12,Flood,,en,2024-03-31T00:00:00Z,6745,3806,2026-04-08 14:30:45.155089+00:00,Paraguay - Floods,False,4500,2025-03-10 06:58:00+00:00,1,Americas,1,Americas,en,Southern Cone country cluster,2023-11-10T00:00:00Z,1,Closed
18041,951574.0,951574.0,0,DREF,MDRMX005,,DMX001,116,True,False,MX,MEX,Mexico,1,Country,1,Mexican Red Cross,en,2023-11-10 13:45:20.440282+00:00,4,Cyclone,,en,2024-08-31T00:00:00Z,6726,3805,2026-04-08 14:30:45.115411+00:00,Mexico - Hurricane,False,24000,2025-09-04 14:08:04+00:00,1,Americas,1,Americas,en,North America and Mexico,2023-11-09T00:00:00Z,1,Closed
18035,1278624.05,5000000.0,1,Emergency Appeal,MDRNP016,,DNP001,123,True,False,NP,NPL,Nepal,1,Country,2,Nepal Red Cross Society,en,2023-11-06 12:45:43.356761+00:00,2,Earthquake,,en,2025-03-31T00:00:00Z,6732,3804,2026-04-30 07:30:21.236307+00:00,Nepal - Earthquake,False,50000,2025-01-08 12:52:02+00:00,2,Asia Pacific,2,Asia Pacific,en,Nepal country office,2023-11-05T00:00:00Z,0,Active
18033,172535.0,172535.0,0,DREF,MDRPA018,,DPA001,132,True,False,PA,PAN,Panama,1,Country,1,Red Cross Society of Panama,en,2023-11-06 10:45:27.354323+00:00,7,Civil Unrest,,en,2024-02-29T00:00:00Z,6709,3803,2026-04-08 14:30:45.039725+00:00,Panama - Civil Unrest,False,3500,2024-09-10 13:59:01+00:00,1,Americas,1,Americas,en,Americas Regional Office,2023-11-05T00:00:00Z,1,Closed
18027,282517.0,282517.0,0,DREF,MDRYE013,,DYE001,10,True,False,YE,YEM,Yemen,1,Country,4,Yemen Red Crescent Society,en,2023-10-31 17:36:22.481120+00:00,4,Cyclone,,en,2024-04-30T00:00:00Z,6710,3802,2026-04-08 14:30:45.003018+00:00,Yemen - Cyclone,False,14000,2026-02-20 12:09:00+00:00,4,Middle East & North Africa,4,Middle East & North Africa,en,Yemen country office,2023-10-31T00:00:00Z,1,Closed
18023,528641.0,528641.0,0,DREF,MDRCR024,,DCR001,51,True,False,CR,CRI,Costa Rica,1,Country,1,Costa Rican Red Cross,en,2023-10-31 17:36:22.427177+00:00,12,Flood,,en,2028-10-31T00:00:00Z,6820,3800,2026-04-30 07:30:21.153352+00:00,Costa Rica - Floods EAP,False,10000,2024-04-23 16:56:04+00:00,1,Americas,1,Americas,en,Central America country cluster,2023-10-27T00:00:00Z,0,Active
18024,769559.49,2500000.0,1,Emergency Appeal,MDRVU011,,DVU001,7,True,False,VU,VUT,Vanuatu,1,Country,2,Vanuatu Red Cross Society,en,2023-10-31 17:36:22.454148+00:00,4,Cyclone,,en,2024-12-31T00:00:00Z,6707,3801,2026-04-30 07:30:21.197616+00:00,Vanuatu - Cyclone Lola,False,30000,2023-11-23 16:53:01+00:00,2,Asia Pacific,2,Asia Pacific,en,Suva country cluster,2023-10-26T00:00:00Z,0,Active
18021,144361.0,144361.0,0,DREF,MDRMG021,,DMG001,109,True,False,MG,MDG,Madagascar,1,Country,0,Malagasy Red Cross Society,en,2023-10-31 17:36:22.396428+00:00,7,Civil Unrest,,en,2024-01-31T00:00:00Z,6695,3799,2026-04-08 14:30:44.880365+00:00,Madagascar - Election Preparedness,False,9000,2025-01-10 13:32:03+00:00,0,Africa,0,Africa,en,"Country cluster for Madagascar, Comoro Islands, Mauritius and Seychelles",2023-10-26T00:00:00Z,1,Closed
18006,41118088.17,185000000.0,1,Emergency Appeal,MDRS5002,,DLB001,101,True,False,LB,LBN,Lebanon,1,Country,4,Lebanese Red Cross,en,2023-10-23 10:49:57.019963+00:00,6,Complex Emergency,,en,2026-12-31T00:00:00Z,6700,3798,2026-04-30 07:30:21.109888+00:00,Middle East -Complex Emergency Crisis-,False,1363821,2025-12-14 08:11:05+00:00,4,Middle East & North Africa,4,Middle East & North Africa,en,Middle East and North Africa Regional Office,2023-10-20T00:00:00Z,0,Active
18008,413678.0,413678.0,0,DREF,MDRCR023,,DCR001,51,True,False,CR,CRI,Costa Rica,1,Country,1,Costa Rican Red Cross,en,2023-10-20 14:51:54.935214+00:00,1,Epidemic,,en,2024-04-30T00:00:00Z,6644,3796,2026-04-08 14:30:44.797224+00:00,Costa Rica - Dengue,False,26665,2025-01-09 10:53:03+00:00,1,Americas,1,Americas,en,Central America country cluster,2023-10-20T00:00:00Z,1,Closed
18010,242106.0,242106.0,0,DREF,MDRMM019,,DMM001,121,True,False,MM,MMR,Myanmar,1,Country,2,Myanmar Red Cross Society,en,2023-10-20 16:50:01.155539+00:00,12,Flood,,en,2024-02-29T00:00:00Z,6685,3797,2026-04-08 14:30:44.838693+00:00,Myanmar - Flood,False,7500,2025-05-16 08:43:01+00:00,2,Asia Pacific,2,Asia Pacific,en,Myanmar country office,2023-10-20T00:00:00Z,1,Closed
18003,798854.0,798854.0,0,DREF,MDRLK018,,DLK001,160,True,False,LK,LKA,Sri Lanka,1,Country,2,Sri Lanka Red Cross Society,en,2023-10-19 14:49:51.791975+00:00,12,Flood,,en,2024-07-31T00:00:00Z,6679,3795,2026-04-08 14:30:44.725008+00:00,Sri Lanka - Flood,False,95250,2025-03-10 06:53:04+00:00,2,Asia Pacific,2,Asia Pacific,en,New Delhi country cluster,2023-10-19T00:00:00Z,1,Closed
18001,505967.0,505967.0,0,DREF,MDRLB015,,DLB001,101,True,False,LB,LBN,Lebanon,1,Country,4,Lebanese Red Cross,en,2023-10-19 04:50:08.305759+00:00,6,Complex Emergency,,en,2024-04-30T00:00:00Z,6691,3794,2023-11-02 09:43:38.096000+00:00,Lebanon - Conflict Preparedness,False,134400,2023-10-18 07:42:04+00:00,4,Middle East & North Africa,4,Middle East & North Africa,en,Middle East and North Africa Regional Office,2023-10-18T00:00:00Z,0,Active
17999,61882.0,61882.0,0,DREF,MDRCM036,,DCM001,41,True,False,CM,CMR,Cameroon,1,Country,0,Cameroon Red Cross Society,en,2023-10-16 12:50:44.377567+00:00,24,Landslide,,en,2024-01-31T00:00:00Z,6683,3793,2026-04-08 14:30:44.686695+00:00,Cameroon - Landslide,False,700,2025-05-19 09:37:02+00:00,0,Africa,0,Africa,en,"Country cluster for Cameroon, Gabon, Equatorial Guinea and Sao Tome and Principe",2023-10-16T00:00:00Z,1,Closed
17997,999396.0,999396.0,0,DREF,MDRIL004,,DIL001,222,True,False,IL,ISR,Israel,1,Country,3,Magen David Adom in Israel,en,2023-10-14 16:49:31.437756+00:00,6,Complex Emergency,,en,2023-11-30T00:00:00Z,6678,3792,2026-04-08 14:30:44.643490+00:00,Israel - Complex Emergency,False,10000,2025-01-09 12:18:03+00:00,3,Europe,3,Europe,en,Europe Other,2023-10-14T00:00:00Z,1,Closed
17994,1000000.0,1000000.0,0,DREF,MDRPS015,,DPS001,205,True,False,PS,PSE,Palestine,1,Country,4,Palestine Red Crescent Society,en,2023-10-14 00:49:36.121851+00:00,6,Complex Emergency,,en,2024-07-31T00:00:00Z,6690,3791,2026-04-30 07:30:21.067301+00:00,Palestine - Complex Emergency,False,10000,2024-03-14 16:07:04+00:00,4,Middle East & North Africa,4,Middle East & North Africa,en,Palestine country office,2023-10-13T00:00:00Z,0,Active
17991,172176.0,172176.0,0,DREF,MDRNP015,,DNP001,123,True,False,NP,NPL,Nepal,1,Country,2,Nepal Red Cross Society,en,2023-10-12 16:49:24.308381+00:00,2,Earthquake,,en,2024-04-30T00:00:00Z,6682,3790,2026-04-08 14:30:44.563924+00:00,Nepal - Earthquake,False,7500,2025-01-10 11:08:00+00:00,2,Asia Pacific,2,Asia Pacific,en,Nepal country office,2023-10-12T00:00:00Z,1,Closed
17989,423280.0,423280.0,0,DREF,MDRZA015,,DZA001,158,True,False,ZA,ZAF,South Africa,1,Country,0,The South African Red Cross Society,en,2023-10-12 14:49:19.672747+00:00,12,Flood,,en,2024-02-29T00:00:00Z,6698,3789,2026-04-08 14:30:44.524869+00:00,South Africa - Floods,False,12500,2025-05-19 14:27:04+00:00,0,Africa,0,Africa,en,"Country cluster for South Africa, Botswana, Lesotho, Namibia and Kingdom of Eswatini",2023-10-12T00:00:00Z,1,Closed
17984,611685.0,611685.0,0,DREF,MDRSO016,,DSO001,157,True,False,SO,SOM,Somalia,1,Country,0,Somali Red Crescent Society,en,2023-10-10 10:49:21.144522+00:00,12,Flood,,en,2024-04-30T00:00:00Z,6697,3787,2026-04-08 14:30:44.447336+00:00,Somalia - Floods,False,25000,2026-02-20 12:05:02+00:00,0,Africa,0,Africa,en,Africa Regional Office and Country cluster for Kenya and Somalia,2023-10-10T00:00:00Z,1,Closed
17986,460521.0,460521.0,0,DREF,MDREC024,,DEC001,60,True,False,EC,ECU,Ecuador,1,Country,1,Ecuadorian Red Cross,en,2023-10-10 12:49:13.882290+00:00,8,Volcanic Eruption,,en,2028-10-31T00:00:00Z,6687,3788,2026-04-30 07:30:21.014188+00:00,Ecuador - Volcanic Ash,False,10000,2024-04-23 16:56:04+00:00,1,Americas,1,Americas,en,South America country cluster,2023-10-09T00:00:00Z,0,Active
17982,276661.0,276661.0,0,DREF,MDRBO015,,DBO001,33,True,False,BO,BOL,Bolivia,1,Country,1,Bolivian Red Cross,en,2023-10-08 16:49:15.039231+00:00,20,Drought,,en,2024-06-30T00:00:00Z,6656,3786,2026-04-08 14:30:44.407935+00:00,Bolivia - Drought,False,5000,2025-05-16 09:23:01+00:00,1,Americas,1,Americas,en,South America country cluster,2023-10-08T00:00:00Z,1,Closed
17974,370924.0,370924.0,0,DREF,MDRGT021,,DGT001,76,True,False,GT,GTM,Guatemala,1,Country,1,Guatemalan Red Cross,en,2023-10-02 14:49:18.114825+00:00,7,Civil Unrest,,en,2024-02-29T00:00:00Z,6657,3785,2026-04-08 14:30:44.370225+00:00,Guatemala - Civil Unrest,False,3400,2024-09-10 08:57:04+00:00,1,Americas,1,Americas,en,Central America country cluster,2023-10-02T00:00:00Z,1,Closed
17971,8841116.01,15000000.0,1,Emergency Appeal,MDRAM012,,DAM001,21,True,False,AM,ARM,Armenia,1,Country,3,Armenian Red Cross Society,en,2023-09-29 06:46:18.866625+00:00,5,Population Movement,,en,2025-06-30T00:00:00Z,6661,3784,2026-04-30 07:30:20.974855+00:00,Armenia - Population Movement,False,90000,2024-06-07 13:35:02+00:00,3,Europe,3,Europe,en,Southern Caucasus country cluster,2023-09-28T00:00:00Z,0,Active
17966,217260.0,217260.0,0,DREF,MDRGR005,,DGR001,74,True,False,GR,GRC,Greece,1,Country,3,Hellenic Red Cross,en,2023-09-22 14:47:07.823678+00:00,19,Heat Wave,,en,2024-09-30T00:00:00Z,6547,3783,2026-04-08 14:30:44.298678+00:00,Greece - Extreme Heat,False,2000,2025-07-10 13:22:01+00:00,3,Europe,3,Europe,en,Europe Other,2023-09-22T00:00:00Z,1,Closed
17960,345309.0,345309.0,0,DREF,MDRFM002,,DFM001,195,True,False,FM,FSM,"Micronesia, Federated States of",1,Country,2,Micronesia Red Cross,en,2023-09-21 16:47:23.472411+00:00,20,Drought,,en,2024-09-30T00:00:00Z,6611,3782,2026-04-08 14:30:44.259898+00:00,Micronesia - Drought Preparedness,False,6619,2025-07-11 08:59:05+00:00,2,Asia Pacific,2,Asia Pacific,en,Suva country cluster,2023-09-21T00:00:00Z,1,Closed
17955,277247.0,277247.0,0,DREF,MDRGT020,,DGT001,76,True,False,GT,GTM,Guatemala,1,Country,1,Guatemalan Red Cross,en,2023-09-14 16:46:38.799657+00:00,1,Epidemic,,en,2024-03-31T00:00:00Z,6631,3781,2026-04-08 14:30:44.216012+00:00,Guatemala - Dengue,False,5000,2025-01-09 10:54:01+00:00,1,Americas,1,Americas,en,Central America country cluster,2023-09-14T00:00:00Z,1,Closed
17950,395575.0,395575.0,0,DREF,MDRLR007,,DLR001,103,True,False,LR,LBR,Liberia,1,Country,0,Liberian Red Cross Society,en,2023-09-13 16:47:31.217838+00:00,12,Flood,,en,2024-01-31T00:00:00Z,6653,3779,2026-04-30 07:30:20.886083+00:00,Liberia - Floods,False,8751,2024-04-23 16:56:04+00:00,0,Africa,0,Africa,en,"Country cluster for Sierra Leone, Liberia, Guinea and Guinea Bisau",2023-09-13T00:00:00Z,0,Active
17952,13839117.88,20000000.0,1,Emergency Appeal,MDRLY005,,DLY001,204,True,False,LY,LBY,Libya,1,Country,4,Libyan Red Crescent,en,2023-09-14 10:47:38.556835+00:00,12,Flood,,en,2026-06-30T00:00:00Z,6647,3780,2026-04-30 07:30:20.936129+00:00,Libya - Flood Storm Daniel,False,300000,2025-07-23 07:33:05+00:00,4,Middle East & North Africa,4,Middle East & North Africa,en,Libya country office,2023-09-12T00:00:00Z,0,Active
17941,499422.0,499422.0,0,DREF,MDRET033,,DET001,65,True,False,ET,ETH,Ethiopia,1,Country,0,Ethiopian Red Cross Society,en,2023-09-11 14:47:07.660521+00:00,20,Drought,,en,2028-09-30T00:00:00Z,6654,3777,2026-04-30 07:30:20.805221+00:00,Ethiopia - Drought EAP,False,70000,2025-10-31 16:23:05+00:00,0,Africa,0,Africa,en,Country cluster for Ethiopia and Djibouti,2023-09-11T00:00:00Z,0,Active
17943,40959338.28,75000000.0,1,Emergency Appeal,MDRMA010,,DMA001,119,True,False,MA,MAR,Morocco,1,Country,4,Moroccan Red Crescent,en,2023-09-11 16:47:43.599950+00:00,2,Earthquake,,en,2026-12-31T00:00:00Z,6646,3778,2026-04-30 07:30:20.847154+00:00,Morocco - Earthquake,False,500000,2025-11-21 12:31:05+00:00,4,Middle East & North Africa,4,Middle East & North Africa,en,Tunis country cluster,2023-09-11T00:00:00Z,0,Active
17939,580079.0,580079.0,0,DREF,MDRID026,,DID001,85,True,False,ID,IDN,Indonesia,1,Country,2,Indonesian Red Cross Society,en,2023-09-06 14:47:41.626450+00:00,20,Drought,,en,2024-06-30T00:00:00Z,6596,3776,2026-04-08 14:30:44.008602+00:00,Indonesia - Drought,False,45000,2025-05-19 08:11:02+00:00,2,Asia Pacific,2,Asia Pacific,en,Indonesia country cluster,2023-09-06T00:00:00Z,1,Closed
17936,686066.0,686066.0,0,DREF,MDRET031,,DET001,65,True,False,ET,ETH,Ethiopia,1,Country,0,Ethiopian Red Cross Society,en,2023-09-06 10:47:28.311059+00:00,7,Civil Unrest,,en,2024-03-31T00:00:00Z,6609,3775,2026-04-08 14:30:43.971263+00:00,Ethiopia - Civil Unrest,False,64725,2025-03-10 06:51:05+00:00,0,Africa,0,Africa,en,Country cluster for Ethiopia and Djibouti,2023-09-05T00:00:00Z,1,Closed
17935,160003.0,160003.0,0,DREF,MDRCM035,,DCM001,41,True,False,CM,CMR,Cameroon,1,Country,0,Cameroon Red Cross Society,en,2023-09-06 10:47:28.279826+00:00,5,Population Movement,,en,2024-02-29T00:00:00Z,6602,3774,2026-04-30 07:30:20.762088+00:00,Cameroon - Population Movement,False,2100,2024-04-23 16:56:04+00:00,0,Africa,0,Africa,en,"Country cluster for Cameroon, Gabon, Equatorial Guinea and Sao Tome and Principe",2023-09-05T00:00:00Z,0,Active
17928,188976.0,188976.0,0,DREF,MDRKG018,,DKG001,98,True,False,KG,KGZ,Kyrgyzstan,1,Country,3,Red Crescent Society of Kyrgyzstan,en,2023-09-01 08:48:12.408808+00:00,1,Epidemic,,en,2024-02-29T00:00:00Z,6600,3772,2026-04-08 14:30:43.895275+00:00,Kyrgyzstan - Epidemic,False,120000,2025-01-09 12:48:04+00:00,3,Europe,3,Europe,en,Central Asia country cluster,2023-08-31T00:00:00Z,1,Closed
17927,539063.0,539063.0,0,DREF,MDRIN028,,DIN001,84,True,False,IN,IND,India,1,Country,2,Indian Red Cross Society,en,2023-09-01 08:48:12.435928+00:00,12,Flood,,en,2024-01-31T00:00:00Z,6619,3773,2026-04-08 14:30:43.853310+00:00,India - Flood,False,40000,2024-05-15 08:19:04+00:00,2,Asia Pacific,2,Asia Pacific,en,New Delhi country cluster,2023-08-31T00:00:00Z,1,Closed
17921,499930.0,499930.0,0,DREF,MDRBD032,,DBD001,27,True,False,BD,BGD,Bangladesh,1,Country,2,Bangladesh Red Crescent Society,en,2023-08-25 16:48:42.028411+00:00,19,Heat Wave,,en,2024-06-30T00:00:00Z,,3770,2026-04-30 07:30:20.717832+00:00,Bangladesh - Heatwave EAP,False,123700,2024-04-29 07:03:04+00:00,2,Asia Pacific,2,Asia Pacific,en,Bangladesh country office,2023-08-25T00:00:00Z,0,Active
17923,99549.0,99549.0,0,DREF,MDRKG017,,DKG001,98,True,False,KG,KGZ,Kyrgyzstan,1,Country,3,Red Crescent Society of Kyrgyzstan,en,2023-08-28 08:46:43.248161+00:00,12,Flood,,en,2023-11-30T00:00:00Z,6589,3771,2026-04-08 14:30:43.805694+00:00,Kyrgyzstan - Flood,False,1000,2025-01-09 12:48:00+00:00,3,Europe,3,Europe,en,Central Asia country cluster,2023-08-25T00:00:00Z,1,Closed
17916,114418.0,114418.0,0,DREF,MDREC023,,DEC001,60,True,False,EC,ECU,Ecuador,1,Country,1,Ecuadorian Red Cross,en,2023-08-23 16:47:47.882528+00:00,12,Flood,,en,2024-06-30T00:00:00Z,6488,3769,2026-04-08 14:30:43.720074+00:00,Ecuador - Floods,False,5000,2025-04-24 08:26:04+00:00,1,Americas,1,Americas,en,South America country cluster,2023-08-23T00:00:00Z,1,Closed
17912,799070.0,799070.0,0,DREF,MDRSY011,,DSY001,206,True,False,SY,SYR,Syrian Arab Republic,1,Country,4,Syrian Arab Red Crescent,en,2023-08-23 13:46:29.929405+00:00,20,Drought,,en,2024-05-31T00:00:00Z,6599,3767,2026-04-08 14:30:43.643416+00:00,Syria - Drought,False,650000,2025-07-10 15:33:04+00:00,4,Middle East & North Africa,4,Middle East & North Africa,en,Syria country office,2023-08-23T00:00:00Z,1,Closed
17914,446197.0,446197.0,0,DREF,MDRGN015,,DGN001,77,True,False,GN,GIN,Guinea,1,Country,0,Red Cross Society of Guinea,en,2023-08-23 14:48:28.879378+00:00,12,Flood,,en,2024-01-31T00:00:00Z,6585,3768,2026-04-08 14:30:43.682490+00:00,Guinea - Floods : Coyah,False,14350,2025-03-11 15:05:00+00:00,0,Africa,0,Africa,en,"Country cluster for Sierra Leone, Liberia, Guinea and Guinea Bisau",2023-08-23T00:00:00Z,1,Closed
17909,302956.0,302956.0,0,DREF,MDRMR015,,DMR001,114,True,False,MR,MRT,Mauritania,1,Country,0,Mauritanian Red Crescent,en,2023-08-21 17:30:06.875030+00:00,12,Flood,,en,2024-02-29T00:00:00Z,6586,3766,2026-04-30 07:30:20.667106+00:00,Mauritania - Floods,False,4800,2024-04-23 16:56:04+00:00,0,Africa,0,Africa,en,"Country cluster for Senegal, Cape Verde, Gambia and Mauritania",2023-08-19T00:00:00Z,0,Active
17907,497452.0,497452.0,0,DREF,MDRNE028,,DNE001,127,True,False,NE,NER,Niger,1,Country,0,Red Cross Society of Niger,en,2023-08-18 08:26:26.445384+00:00,12,Flood,,en,2024-04-30T00:00:00Z,6624,3765,2026-04-08 14:30:43.563663+00:00,Niger - Imminent Floods,False,200000,2025-09-15 14:23:02+00:00,0,Africa,0,Africa,en,"Country cluster for Niger, Cote d'Ivoire, Burkina Faso and Mali",2023-08-17T00:00:00Z,1,Closed
17905,400344.0,400344.0,0,DREF,MDRVN023,,DVN001,191,True,False,VN,VNM,Viet Nam,1,Country,2,Vietnam Red Cross Society,en,2023-08-18 08:26:26.385656+00:00,27,Pluvial/Flash Flood,,en,2024-03-31T00:00:00Z,6592,3763,2026-04-08 14:30:43.526339+00:00,Viet Nam - Flash floods,False,21000,2025-07-10 15:47:00+00:00,2,Asia Pacific,2,Asia Pacific,en,Bangkok country cluster,2023-08-17T00:00:00Z,1,Closed
17903,999726.0,999726.0,0,DREF,MDRSI003,,DSI001,155,True,False,SI,SVN,Slovenia,1,Country,3,Slovenian Red Cross,en,2023-08-18 08:26:26.414559+00:00,12,Flood,,en,2024-05-31T00:00:00Z,6576,3764,2026-04-08 14:30:43.489771+00:00,Slovenia - Floods,False,40070,2025-09-15 14:31:03+00:00,3,Europe,3,Europe,en,Europe Other,2023-08-16T00:00:00Z,1,Closed
17899,499985.0,499985.0,0,DREF,MDRLA009,,DLA001,99,True,False,LA,LAO,Lao People's Democratic Republic,1,Country,2,Lao Red Cross,en,2023-08-16 08:34:04.367610+00:00,12,Flood,,en,2024-02-29T00:00:00Z,6591,3762,2026-04-08 14:30:43.452656+00:00,Laos - Flood,False,21143,2025-01-10 11:07:02+00:00,2,Asia Pacific,2,Asia Pacific,en,Bangkok country cluster,2023-08-15T00:00:00Z,1,Closed
17895,499059.0,499059.0,0,DREF,MDRSY010,,DSY001,206,True,False,SY,SYR,Syrian Arab Republic,1,Country,4,Syrian Arab Red Crescent,en,2023-08-13 17:01:27.910351+00:00,15,Fire,,en,2024-02-29T00:00:00Z,6564,3761,2026-04-08 14:30:43.415262+00:00,Syria - Wild fire,False,10000,2025-07-10 15:32:00+00:00,4,Middle East & North Africa,4,Middle East & North Africa,en,Syria country office,2023-08-10T00:00:00Z,1,Closed
17894,368582.0,368582.0,0,DREF,MDRLB014,,DLB001,101,True,False,LB,LBN,Lebanon,1,Country,4,Lebanese Red Cross,en,2023-08-13 17:01:27.878786+00:00,7,Civil Unrest,,en,2024-02-29T00:00:00Z,6570,3760,2026-04-08 14:30:43.372794+00:00,Lebanon - Civil Unrest,False,80835,2024-09-10 15:35:01+00:00,4,Middle East & North Africa,4,Middle East & North Africa,en,Middle East and North Africa Regional Office,2023-08-10T00:00:00Z,1,Closed
17891,499151.0,499151.0,0,DREF,MDRKG016,,DKG001,98,True,False,KG,KGZ,Kyrgyzstan,1,Country,3,Red Crescent Society of Kyrgyzstan,en,2023-08-10 07:22:50.562328+00:00,19,Heat Wave,,en,2028-08-31T00:00:00Z,6082,3759,2026-04-30 07:30:20.627718+00:00,Kyrgyzstan - Heatwave,False,16200,2026-04-08 10:56:04+00:00,3,Europe,3,Europe,en,Central Asia country cluster,2023-08-08T00:00:00Z,0,Active
17886,303692.0,303692.0,0,DREF,MDRHN019,,DHN001,81,True,False,HN,HND,Honduras,1,Country,1,Honduran Red Cross,en,2023-08-07 15:47:54.276663+00:00,1,Epidemic,,en,2024-02-29T00:00:00Z,6561,3758,2026-04-08 14:30:43.290340+00:00,Honduras - dengue,False,3500,2024-09-10 08:58:02+00:00,1,Americas,1,Americas,en,Central America country cluster,2023-08-07T00:00:00Z,1,Closed
17884,499756.0,499756.0,0,DREF,MDRDZ009,,DDZ001,16,True,False,DZ,DZA,Algeria,1,Country,4,Algerian Red Crescent,en,2023-08-07 12:46:50.457906+00:00,15,Fire,,en,2024-02-29T00:00:00Z,6565,3756,2026-04-08 14:30:43.254646+00:00,Algeria - wild fires,False,19500,2025-09-12 13:35:02+00:00,4,Middle East & North Africa,4,Middle East & North Africa,en,Tunis country cluster,2023-08-07T00:00:00Z,1,Closed
17878,462699.0,462699.0,0,DREF,MDRGH018,,DGH001,73,True,False,GH,GHA,Ghana,1,Country,0,Ghana Red Cross Society,en,2023-08-07 08:48:45.941780+00:00,12,Flood,,en,2024-04-30T00:00:00Z,6625,3754,2026-04-30 07:30:20.587407+00:00,Ghana - Floods,False,12000,2024-03-11 13:30:03+00:00,0,Africa,0,Africa,en,"Country cluster for Nigeria, Benin, Ghana and Togo",2023-08-05T00:00:00Z,0,Active
17881,271035.0,271035.0,0,DREF,MDRPH052,,DPH001,136,True,False,PH,PHL,Philippines,1,Country,2,Philippine Red Cross,en,2023-08-07 12:46:50.487619+00:00,4,Cyclone,,en,2024-02-29T00:00:00Z,6562,3757,2026-04-08 14:30:43.215251+00:00,Philippines - Typhoon,False,36330,2024-09-10 13:58:03+00:00,2,Asia Pacific,2,Asia Pacific,en,Philippines country office,2023-08-05T00:00:00Z,1,Closed
17880,448578.0,448578.0,0,DREF,MDRAF012,,DAF001,14,True,False,AF,AFG,Afghanistan,1,Country,2,Afghan Red Crescent,en,2023-08-07 12:46:50.425189+00:00,12,Flood,,en,2023-12-31T00:00:00Z,6560,3755,2026-04-08 14:30:43.174089+00:00,Afghanistan - Floods,False,28000,2024-04-30 08:54:00+00:00,2,Asia Pacific,2,Asia Pacific,en,Afghanistan country office,2023-08-05T00:00:00Z,1,Closed
17875,159999.0,159999.0,0,DREF,MDRCM034,,DCM001,41,True,False,CM,CMR,Cameroon,1,Country,0,Cameroon Red Cross Society,en,2023-08-03 16:48:09.495088+00:00,12,Flood,,en,2023-12-31T00:00:00Z,6554,3753,2026-04-08 14:30:43.089144+00:00,Cameroon - Floods,False,1600,2025-01-10 11:06:03+00:00,0,Africa,0,Africa,en,"Country cluster for Cameroon, Gabon, Equatorial Guinea and Sao Tome and Principe",2023-08-03T00:00:00Z,1,Closed
17873,160105.0,160105.0,0,DREF,MDRZW022,,DZW001,13,True,False,ZW,ZWE,Zimbabwe,1,Country,0,Zimbabwe Red Cross Society,en,2023-08-03 04:47:54.916933+00:00,7,Civil Unrest,,en,2023-11-30T00:00:00Z,6626,3752,2026-04-08 14:30:43.051058+00:00,Zimbabwe - Elections Preparedness,False,10000,2025-01-13 15:12:04+00:00,0,Africa,0,Africa,en,"Country cluster for Zimbabwe, Malawi and Zambia",2023-08-02T00:00:00Z,1,Closed
17870,357308.0,357308.0,0,DREF,MDRLY004,,DLY001,204,True,False,LY,LBY,Libya,1,Country,4,Libyan Red Crescent,en,2023-08-01 06:42:54.765061+00:00,5,Population Movement,,en,2024-01-31T00:00:00Z,6544,3750,2026-04-08 14:30:43.012266+00:00,Libya - Population Movement,False,3000,2025-03-10 06:56:01+00:00,4,Middle East & North Africa,4,Middle East & North Africa,en,Libya country office,2023-07-29T00:00:00Z,1,Closed
17869,260809.0,260809.0,0,DREF,MDRCG021,,DCG001,184,True,False,CG,COG,Congo,1,Country,0,Congolese Red Cross,en,2023-08-01 06:42:54.788527+00:00,1,Epidemic,,en,2023-11-30T00:00:00Z,6552,3751,2026-04-30 07:30:20.546021+00:00,Republic of Congo - Cholera Outbreak,False,84240,2024-09-16 17:17:00+00:00,0,Africa,0,Africa,en,"Country cluster for Democratic Republic of Congo, Republic of Congo, Burundi and Rwanda",2023-07-29T00:00:00Z,1,Closed
17864,376327.0,376327.0,0,DREF,MDRZA014,,DZA001,158,True,False,ZA,ZAF,South Africa,1,Country,0,The South African Red Cross Society,en,2023-07-28 09:59:25.295757+00:00,15,Fire,,en,2024-01-31T00:00:00Z,6548,3749,2026-04-08 14:30:42.930805+00:00,South Africa - Fire,False,2779,2025-05-16 08:26:02+00:00,0,Africa,0,Africa,en,"Country cluster for South Africa, Botswana, Lesotho, Namibia and Kingdom of Eswatini",2023-07-27T00:00:00Z,1,Closed
17863,254560.0,254560.0,0,DREF,MDRGA011,,DGA001,69,True,False,GA,GAB,Gabon,1,Country,0,Gabonese Red Cross Society,en,2023-07-28 09:59:25.272549+00:00,7,Civil Unrest,,en,2023-11-30T00:00:00Z,6628,3748,2026-04-30 07:30:20.503692+00:00,Gabon - Election Preparedness,False,10000,2025-01-10 11:13:00+00:00,0,Africa,0,Africa,en,"Country cluster for Cameroon, Gabon, Equatorial Guinea and Sao Tome and Principe",2023-07-27T00:00:00Z,1,Closed
17860,200000.0,200000.0,0,DREF,MDRPK024,,DPK001,131,True,False,PK,PAK,Pakistan,1,Country,2,Pakistan Red Crescent,en,2023-07-25 11:46:36.158920+00:00,12,Flood,,en,2025-10-31T00:00:00Z,6559,3747,2026-04-30 07:30:20.461477+00:00,Pakistan - Riverine Flood,False,37315,2025-07-01 12:58:00+00:00,2,Asia Pacific,2,Asia Pacific,en,Pakistan country office,2023-07-24T00:00:00Z,0,Active
17856,305871.0,305871.0,0,DREF,MDRBD031,,DBD001,27,True,False,BD,BGD,Bangladesh,1,Country,2,Bangladesh Red Crescent Society,en,2023-07-24 10:47:29.570086+00:00,1,Epidemic,,en,2023-11-30T00:00:00Z,6545,3746,2026-04-08 14:30:42.814622+00:00,Bangladesh - Dengue,False,500000,2024-04-23 16:56:03+00:00,2,Asia Pacific,2,Asia Pacific,en,Bangladesh country office,2023-07-23T00:00:00Z,1,Closed
17849,207890.0,207890.0,0,DREF,MDRVE008,,DVE001,8,True,False,VE,VEN,Venezuela,1,Country,1,Venezuelan Red Cross,en,2023-07-11 08:46:32.670399+00:00,12,Flood,,en,2024-01-31T00:00:00Z,6525,3744,2026-04-08 14:30:42.775651+00:00,Venezuela - Anticipatory Actions for Floods,False,4125,2025-03-10 08:01:03+00:00,1,Americas,1,Americas,en,Venezuela Country Office,2023-07-10T00:00:00Z,1,Closed
17848,66945.0,66945.0,0,DREF,MDRMN019,,DMN001,194,True,False,MN,MNG,Mongolia,1,Country,2,Mongolian Red Cross Society,en,2023-07-11 08:46:32.700015+00:00,12,Flood,,en,2023-09-30T00:00:00Z,6535,3745,2026-04-08 14:30:42.733454+00:00,Mongolia - Flood 2023,False,11033,2024-04-23 16:56:03+00:00,2,Asia Pacific,2,Asia Pacific,en,Beijing country cluster,2023-07-10T00:00:00Z,1,Closed
17843,339667.0,339667.0,0,DREF,MDRCL016,,DCL001,46,True,False,CL,CHL,Chile,1,Country,1,Chilean Red Cross,es,2023-07-06 09:46:30.335587+00:00,12,Flood,,en,2023-11-30T00:00:00Z,6527,3743,2026-04-08 14:30:42.691995+00:00,Chile - Floods June 2023,False,4900,2024-05-15 08:17:05+00:00,1,Americas,1,Americas,en,Southern Cone country cluster,2023-07-05T00:00:00Z,1,Closed
17836,312141.0,312141.0,0,DREF,MDRRS015,,DRS001,271,True,False,RS,SRB,Serbia,1,Country,3,Red Cross of Serbia,en,2023-07-03 14:46:10.985113+00:00,12,Flood,,en,2024-01-31T00:00:00Z,6506,3742,2026-04-08 14:30:42.650372+00:00,Serbia - Flood June 2023,False,8330,2024-05-15 08:20:05+00:00,3,Europe,3,Europe,en,"Cluster Delegation for Albania, Bosnia, Bulgaria, Croatia, Montenegro, North Macedonia and Serbia",2023-07-02T00:00:00Z,1,Closed
17833,500000.0,500000.0,0,DREF,MDRGE017,,DGE001,71,True,False,GE,GEO,Georgia,1,Country,3,Red Cross Society of Georgia,en,2023-06-29 13:46:41.263000+00:00,27,Pluvial/Flash Flood,,en,2023-12-31T00:00:00Z,6508,3741,2026-04-08 14:30:42.611403+00:00,Georgia - Flash Floods,False,9800,2025-03-10 06:57:00+00:00,3,Europe,3,Europe,en,Southern Caucasus country cluster,2023-06-29T00:00:00Z,1,Closed
17831,386194.0,386194.0,0,DREF,MDRAM011,,DAM001,21,True,False,AM,ARM,Armenia,1,Country,3,Armenian Red Cross Society,en,2023-06-29 09:50:55.977518+00:00,13,Other,,en,2023-12-31T00:00:00Z,6507,3740,2026-04-08 14:30:42.572947+00:00,Armenia - Hailstorm 2023,False,3870,2025-01-09 15:46:02+00:00,3,Europe,3,Europe,en,Southern Caucasus country cluster,2023-06-29T00:00:00Z,1,Closed
17826,394955.0,394955.0,0,DREF,MDRHT020,,DHT001,80,True,False,HT,HTI,Haiti,1,Country,1,Haiti Red Cross Society,en,2023-06-19 10:46:19.818853+00:00,12,Flood,,en,2023-12-31T00:00:00Z,6493,3738,2026-04-08 14:30:42.493182+00:00,Haiti - Floods June 2023,False,12500,2024-09-10 13:08:05+00:00,1,Americas,1,Americas,en,"Cuba, Haiti and Dominican Republic country cluster",2023-06-18T00:00:00Z,1,Closed
17825,498654.0,498654.0,0,DREF,MDRDO015,,DDO001,59,True,False,DO,DOM,Dominican Republic,1,Country,1,Dominican Red Cross,en,2023-06-19 10:46:19.795349+00:00,12,Flood,,en,2023-11-30T00:00:00Z,6485,3737,2026-04-08 14:30:42.454257+00:00,Dominican Republic - Floods June 2023,False,10000,2024-09-09 15:13:01+00:00,1,Americas,1,Americas,en,"Cuba, Haiti and Dominican Republic country cluster",2023-06-18T00:00:00Z,1,Closed
17829,140363.0,140363.0,0,DREF,MDRPH051,,DPH001,136,True,False,PH,PHL,Philippines,1,Country,2,Philippine Red Cross,en,2023-06-19 15:46:15.921087+00:00,8,Volcanic Eruption,,en,2023-10-31T00:00:00Z,6497,3739,2026-04-08 14:30:42.529738+00:00,Philippines – Mt Mayon Imminent Eruption,False,18000,2024-04-23 16:56:03+00:00,2,Asia Pacific,2,Asia Pacific,en,Philippines country office,2023-06-18T00:00:00Z,1,Closed
17823,2182422.1399999997,3000000.0,1,Emergency Appeal,MDRZW021,,DZW001,13,True,False,ZW,ZWE,Zimbabwe,1,Country,0,Zimbabwe Red Cross Society,en,2023-06-15 13:46:39.096204+00:00,1,Epidemic,,en,2024-12-31T00:00:00Z,6511,3736,2026-04-30 07:30:20.423722+00:00,Zimbabwe - Cholera Outbreak,False,550445,2024-06-13 13:09:03+00:00,0,Africa,0,Africa,en,"Country cluster for Zimbabwe, Malawi and Zambia",2023-06-15T00:00:00Z,0,Active
17821,187496.0,187496.0,0,DREF,MDRNP014,,DNP001,123,True,False,NP,NPL,Nepal,1,Country,2,Nepal Red Cross Society,en,2023-06-14 08:51:25.377209+00:00,1,Epidemic,,en,2023-12-31T00:00:00Z,6489,3735,2026-04-08 14:30:42.373646+00:00,Nepal -  Dengue,False,596250,2024-04-30 11:39:02+00:00,2,Asia Pacific,2,Asia Pacific,en,Nepal country office,2023-06-13T00:00:00Z,1,Closed
17813,172004.0,172004.0,0,DREF,MDRSL015,,DSL001,152,True,False,SL,SLE,Sierra Leone,1,Country,0,Sierra Leone Red Cross Society,en,2023-06-08 15:46:58.054825+00:00,7,Civil Unrest,,en,2023-09-30T00:00:00Z,6502,3734,2026-04-08 14:30:42.335692+00:00,Sierra Leone - Election Preparedness,False,75000,2025-01-13 14:40:00+00:00,0,Africa,0,Africa,en,"Country cluster for Sierra Leone, Liberia, Guinea and Guinea Bisau",2023-06-08T00:00:00Z,1,Closed
17811,269978.0,269978.0,0,DREF,MDRAR019,,DAR001,20,True,False,AR,ARG,Argentina,1,Country,1,Argentine Red Cross,en,2023-06-06 15:46:32.580626+00:00,12,Flood,,en,2023-11-30T00:00:00Z,6477,3733,2026-04-08 14:30:42.297890+00:00,Argentina - Flood June 2023,False,5000,2024-09-09 10:45:05+00:00,1,Americas,1,Americas,en,Southern Cone country cluster,2023-06-06T00:00:00Z,1,Closed
17804,348470.0,348470.0,0,DREF,MDRLK017,,DLK001,160,True,False,LK,LKA,Sri Lanka,1,Country,2,Sri Lanka Red Cross Society,en,2023-06-02 14:47:26.483191+00:00,12,Flood,,en,2023-10-31T00:00:00Z,6455,3731,2026-04-08 14:30:42.257740+00:00,Sri Lanka - Dengue Outbreak & Floods,False,236000,2024-04-23 16:56:03+00:00,2,Asia Pacific,2,Asia Pacific,en,New Delhi country cluster,2023-06-01T00:00:00Z,1,Closed
17799,351237.0,351237.0,0,DREF,MDRIT004,,DIT001,89,True,False,IT,ITA,Italy,1,Country,3,Italian Red Cross,en,2023-06-01 09:46:15.353587+00:00,12,Flood,,en,2023-11-30T00:00:00Z,6473,3730,2026-04-08 14:30:42.186608+00:00,Italy - Flood 2023,False,2350,2025-07-10 13:30:00+00:00,3,Europe,3,Europe,en,Europe Other,2023-05-31T00:00:00Z,1,Closed
17802,18043289.49,38000000.0,1,Emergency Appeal,MDRS1001,,DKE001,93,True,False,KE,KEN,Kenya,1,Country,0,Kenya Red Cross Society,en,2023-06-05 09:47:13.270675+00:00,5,Population Movement,,en,2026-12-31T00:00:00Z,6479,3732,2026-04-30 07:30:20.385447+00:00,Sudan Crisis Regional Population Movement,False,705700,2026-03-29 03:32:03+00:00,0,Africa,0,Africa,en,Africa Regional Office and Country cluster for Kenya and Somalia,2023-05-30T00:00:00Z,0,Active
17790,126505.0,126505.0,0,DREF,MDRBA015,,DBA001,197,True,False,BA,BIH,Bosnia and Herzegovina,1,Country,3,Red Cross Society of Bosnia and Herzegovina,en,2023-05-30 10:46:24.928329+00:00,12,Flood,,en,2023-09-30T00:00:00Z,6463,3728,2026-04-08 14:30:42.058675+00:00,Bosnia and Herzegovina - Flood 2023,False,1500,2024-05-13 19:12:05+00:00,3,Europe,3,Europe,en,"Cluster Delegation for Albania, Bosnia, Bulgaria, Croatia, Montenegro, North Macedonia and Serbia",2023-05-29T00:00:00Z,1,Closed
17791,337609.0,337609.0,0,DREF,MDRMN018,,DMN001,194,True,False,MN,MNG,Mongolia,1,Country,2,Mongolian Red Cross Society,en,2023-05-30 10:46:24.904350+00:00,14,Cold Wave,,en,2023-09-30T00:00:00Z,6438,3727,2026-04-08 14:30:42.099100+00:00,Mongolia - Cold Wave 2023,False,3400,2024-04-23 16:56:03+00:00,2,Asia Pacific,2,Asia Pacific,en,Beijing country cluster,2023-05-29T00:00:00Z,1,Closed
17795,535562.0,535562.0,0,DREF,MDRYE012,,DYE001,10,True,False,YE,YEM,Yemen,1,Country,4,Yemen Red Crescent Society,en,2023-05-30 23:46:59.997622+00:00,12,Flood,,en,2023-12-31T00:00:00Z,6448,3729,2026-04-08 14:30:42.142391+00:00,Yemen - Flood 2023,False,24500,2025-03-10 06:55:02+00:00,4,Middle East & North Africa,4,Middle East & North Africa,en,Yemen country office,2023-05-28T00:00:00Z,1,Closed
17788,181545.0,181545.0,0,DREF,MDRGA010,,DGA001,69,True,False,GA,GAB,Gabon,1,Country,0,Gabonese Red Cross Society,en,2023-05-26 07:46:23.021515+00:00,13,Other,,en,2023-11-30T00:00:00Z,6462,3726,2026-04-30 07:30:20.350534+00:00,Gabon - Windstorm,False,1818,2024-09-16 13:44:03+00:00,0,Africa,0,Africa,en,"Country cluster for Cameroon, Gabon, Equatorial Guinea and Sao Tome and Principe",2023-05-25T00:00:00Z,1,Closed
17786,259928.0,259928.0,0,DREF,MDRBJ018,,DBJ001,209,True,False,BJ,BEN,Benin,1,Country,0,Red Cross of Benin,en,2023-05-24 15:47:36.794713+00:00,5,Population Movement,,en,2023-11-30T00:00:00Z,6375,3725,2026-04-08 14:30:41.981025+00:00,Benin - Population Movement,False,6000,2025-03-10 06:52:05+00:00,0,Africa,0,Africa,en,"Country cluster for Nigeria, Benin, Ghana and Togo",2023-05-24T00:00:00Z,1,Closed
17783,334240.0,334240.0,0,DREF,MDRCD040,,DCD001,187,True,False,CD,COD,Democratic Republic of Congo,1,Country,0,Red Cross of the Democratic Republic of the Congo,en,2023-05-22 07:47:03.490449+00:00,12,Flood,,en,2023-09-30T00:00:00Z,6440,3724,2026-04-30 07:30:20.276899+00:00,Democratic Republic of Congo - Flood,False,34600,2024-09-16 17:41:05+00:00,0,Africa,0,Africa,en,"Country cluster for Democratic Republic of Congo, Republic of Congo, Burundi and Rwanda",2023-05-20T00:00:00Z,1,Closed
17775,0.0,0.0,1,Emergency Appeal,MDRCF030,,DCF001,44,True,False,CF,CAF,Central African Republic,1,Country,0,Central African Red Cross Society,en,2023-05-17 16:46:48.747312+00:00,5,Population Movement,,en,2024-12-31T00:00:00Z,6466,3720,2023-06-05 08:48:17.400177+00:00,Central African Republic  - Population Movement from Sudan,False,10000,2023-06-02 14:37:03+00:00,0,Africa,0,Africa,en,Country cluster for Central African Republic and Chad,2023-05-17T00:00:00Z,0,Active
17777,1624635.4100000001,3500000.0,1,Emergency Appeal,MDRMM018,,DMM001,121,True,False,MM,MMR,Myanmar,1,Country,2,Myanmar Red Cross Society,en,2023-05-18 01:46:21.114878+00:00,4,Cyclone,,en,2024-05-31T00:00:00Z,6439,3721,2026-04-30 07:30:20.160397+00:00,Myanmar - Cyclone Mocha,False,22500,2025-12-22 11:12:02+00:00,2,Asia Pacific,2,Asia Pacific,en,Myanmar country office,2023-05-17T00:00:00Z,1,Closed
17779,499538.0,499538.0,0,DREF,MDRBD030,,DBD001,27,True,False,BD,BGD,Bangladesh,1,Country,2,Bangladesh Red Crescent Society,en,2023-05-18 10:46:25.325846+00:00,4,Cyclone,,en,2023-11-30T00:00:00Z,6441,3722,2026-04-08 14:30:41.858792+00:00,Bangladesh - Cyclone Mocha 2023,False,30000,2024-04-23 16:56:03+00:00,2,Asia Pacific,2,Asia Pacific,en,Bangladesh country office,2023-05-17T00:00:00Z,1,Closed
17780,123686.0,123686.0,0,DREF,MDRKE057,,DKE001,93,True,False,KE,KEN,Kenya,1,Country,0,Kenya Red Cross Society,en,2023-05-18 10:46:25.356362+00:00,13,Other,,en,2023-08-31T00:00:00Z,6467,3723,2026-04-08 14:30:41.901875+00:00,Kenya - Mass Casualty Incident in Kilifi,False,3000,2024-05-13 19:08:00+00:00,0,Africa,0,Africa,en,Africa Regional Office and Country cluster for Kenya and Somalia,2023-05-17T00:00:00Z,1,Closed
17773,499957.0,499957.0,0,DREF,MDRRW022,,DRW001,143,True,False,RW,RWA,Rwanda,1,Country,0,Rwandan Red Cross,en,2023-05-15 12:46:19.588163+00:00,12,Flood,,en,2023-10-31T00:00:00Z,6433,3719,2026-04-30 07:30:20.117940+00:00,Rwanda - Floods and Landslides,False,49485,2024-09-16 17:36:01+00:00,0,Africa,0,Africa,en,"Country cluster for Democratic Republic of Congo, Republic of Congo, Burundi and Rwanda",2023-05-15T00:00:00Z,1,Closed
17770,355567.0,355567.0,0,DREF,MDRSS013,,DSS001,290,True,False,SS,SSD,South Sudan,1,Country,0,South Sudan Red Cross,en,2023-05-08 13:46:22.216766+00:00,5,Population Movement,,en,2023-08-31T00:00:00Z,6459,3718,2023-06-05 08:49:57.323943+00:00,South Sudan - Population Movement from Sudan,False,24000,2023-06-02 11:54:03+00:00,0,Africa,0,Africa,en,"Country cluster for South Sudan, Tanzania and Uganda",2023-05-08T00:00:00Z,0,Active
17768,0.0,0.0,1,Emergency Appeal,MDRET030,,DET001,65,True,False,ET,ETH,Ethiopia,1,Country,0,Ethiopian Red Cross Society,en,2023-05-08 08:48:11.424421+00:00,5,Population Movement,,en,2024-12-31T00:00:00Z,6456,3717,2023-06-05 09:47:28.105236+00:00,Ethiopia - Population Movement from Sudan,False,0,2023-06-05 08:49:00.762786+00:00,0,Africa,0,Africa,en,Country cluster for Ethiopia and Djibouti,2023-05-05T00:00:00Z,0,Active
17762,0.0,0.0,1,Emergency Appeal,MDREG020,,DEG001,61,True,False,EG,EGY,Egypt,1,Country,4,Egyptian Red Crescent Society,en,2023-04-27 09:46:23.018349+00:00,5,Population Movement,,en,2024-12-31T00:00:00Z,6422,3716,2023-11-07 13:56:55.109684+00:00,Egypt - Population Movement 2023,False,40000,2023-06-05 07:47:31+00:00,4,Middle East & North Africa,4,Middle East & North Africa,en,Tunis country cluster,2023-04-26T00:00:00Z,0,Active
17760,137369.0,137369.0,0,DREF,MDRTD022,,DTD001,45,True,False,TD,TCD,Chad,1,Country,0,Red Cross of Chad,en,2023-04-26 14:46:16.878681+00:00,5,Population Movement,,en,2023-06-30T00:00:00Z,6421,3715,2023-06-05 08:49:15.567247+00:00,Chad - Pop. Movement 2023,False,10000,2023-04-26 15:42:01+00:00,0,Africa,0,Africa,en,Country cluster for Central African Republic and Chad,2023-04-26T00:00:00Z,0,Active
17758,16185520.209999999,50000000.0,1,Emergency Appeal,MDRSD033,,DSD001,161,True,False,SD,SDN,Sudan,1,Country,0,Sudanese Red Crescent,en,2023-04-20 09:46:15.553615+00:00,6,Complex Emergency,,en,2026-12-31T00:00:00Z,6414,3714,2026-04-30 07:30:20.076435+00:00,Sudan - Africa Complex Emergency,False,3000000,2025-11-06 12:07:00+00:00,0,Africa,0,Africa,en,Country cluster for Sudan and Eritrea,2023-04-20T00:00:00Z,0,Active
17750,496034.0,496034.0,0,DREF,MDRCO023,,DCO001,48,True,False,CO,COL,Colombia,1,Country,1,Colombian Red Cross Society,en,2023-04-15 12:46:15.858303+00:00,8,Volcanic Eruption,,en,2023-09-30T00:00:00Z,6402,3712,2026-04-08 14:30:41.662602+00:00,Colombia - Volcanic Eruption 2023,False,15314,2024-03-15 08:11:04+00:00,1,Americas,1,Americas,en,South America country cluster,2023-04-14T00:00:00Z,1,Closed
17751,151132.0,151132.0,0,DREF,MDREC022,,DEC001,60,True,False,EC,ECU,Ecuador,1,Country,1,Ecuadorian Red Cross,en,2023-04-15 12:46:15.884854+00:00,24,Landslide,,en,2023-07-31T00:00:00Z,6395,3713,2026-04-08 14:30:41.705751+00:00,Ecuador - Landslides 2023,False,1550,2024-03-15 08:07:02+00:00,1,Americas,1,Americas,en,South America country cluster,2023-04-14T00:00:00Z,1,Closed
17748,133589.0,133589.0,0,DREF,MDRTZ034,,DTZ001,189,True,False,TZ,TZA,"Tanzania, United Republic of",1,Country,0,Tanzania Red Cross National Society,en,2023-04-13 10:46:19.724954+00:00,27,Pluvial/Flash Flood,,en,2023-07-31T00:00:00Z,6418,3711,2026-04-08 14:30:41.620759+00:00,Tanzania - Floods in Mtwara 2023,False,1400,2024-01-08 13:29:04+00:00,0,Africa,0,Africa,en,"Country cluster for South Sudan, Tanzania and Uganda",2023-04-13T00:00:00Z,1,Closed
17739,188888.0,188888.0,0,DREF,MDRTJ035,,DTJ001,167,True,False,TJ,TJK,Tajikistan,1,Country,3,Red Crescent Society of Tajikistan,en,2023-04-09 09:46:41.107658+00:00,2,Earthquake,,en,2023-08-31T00:00:00Z,6396,3709,2026-04-08 14:30:41.501844+00:00,Tajikistan Earthquake 2023,False,1908,2024-04-23 16:56:03+00:00,3,Europe,3,Europe,en,Central Asia country cluster,2023-04-07T00:00:00Z,1,Closed
17741,441810.0,441810.0,0,DREF,MDREC021,,DEC001,60,True,False,EC,ECU,Ecuador,1,Country,1,Ecuadorian Red Cross,en,2023-04-13 06:47:12.422268+00:00,12,Flood,,en,2023-10-31T00:00:00Z,6408,3710,2026-04-08 14:30:41.542484+00:00,Ecuador - Floods + Earthquake,False,8850,2024-05-15 08:17:01+00:00,1,Americas,1,Americas,en,South America country cluster,2023-04-06T00:00:00Z,1,Closed
17737,449557.0,449557.0,0,DREF,MDRKE056,,DKE001,93,True,False,KE,KEN,Kenya,1,Country,0,Kenya Red Cross Society,en,2023-04-06 16:46:03.380717+00:00,12,Flood,,en,2023-08-31T00:00:00Z,6419,3708,2026-04-08 14:30:41.456047+00:00,Kenya - Floods,False,15000,2024-04-23 16:56:03+00:00,0,Africa,0,Africa,en,Africa Regional Office and Country cluster for Kenya and Somalia,2023-04-05T00:00:00Z,1,Closed
17727,489805.0,489805.0,0,DREF,MDRTZ033,,DTZ001,189,True,False,TZ,TZA,"Tanzania, United Republic of",1,Country,0,Tanzania Red Cross National Society,en,2023-03-28 23:46:19.803019+00:00,1,Epidemic,,en,2023-10-31T00:00:00Z,6388,3707,2026-04-08 14:30:41.419550+00:00,Tanzania - Marburg Outbreak,False,1647000,2026-02-20 12:07:02+00:00,0,Africa,0,Africa,en,"Country cluster for South Sudan, Tanzania and Uganda",2023-03-27T00:00:00Z,1,Closed
17721,158035.0,158035.0,0,DREF,MDRSS012,,DSS001,290,True,False,SS,SSD,South Sudan,1,Country,0,South Sudan Red Cross,en,2023-03-20 16:46:23.149156+00:00,1,Epidemic,,en,2023-07-31T00:00:00Z,6420,3706,2026-04-08 14:30:41.380327+00:00,South Sudan - Cholera Outbreak Upper Nile,False,66121,2024-04-23 16:56:03+00:00,0,Africa,0,Africa,en,"Country cluster for South Sudan, Tanzania and Uganda",2023-03-20T00:00:00Z,1,Closed
17719,2029419.13,5000000.0,1,Emergency Appeal,MDRMW018,,DMW001,110,True,False,MW,MWI,Malawi,1,Country,0,Malawi Red Cross Society,en,2023-03-17 16:46:09.917188+00:00,12,Flood,,en,2024-03-31T00:00:00Z,6377,3705,2026-04-30 07:30:19.965576+00:00,Malawi - Tropical Storm Freddy Floods,False,160000,2023-11-27 08:25:05+00:00,0,Africa,0,Africa,en,"Country cluster for Zimbabwe, Malawi and Zambia",2023-03-17T00:00:00Z,0,Active
17717,204378.0,204378.0,0,DREF,MDRPY022,,DPY001,134,True,False,PY,PRY,Paraguay,1,Country,1,Paraguayan Red Cross,en,2023-03-16 16:46:26.182672+00:00,12,Flood,,en,2023-07-31T00:00:00Z,6373,3704,2026-04-08 14:30:41.299527+00:00,Paraguay - Floods March 2023,False,3450,2024-04-23 16:56:03+00:00,1,Americas,1,Americas,en,Southern Cone country cluster,2023-03-16T00:00:00Z,1,Closed
17713,618616.88,5400000.0,1,Emergency Appeal,MDRNG037,,DNG001,128,True,False,NG,NGA,Nigeria,1,Country,0,Nigerian Red Cross Society,en,2023-03-15 00:47:43.322399+00:00,1,Epidemic,,en,2025-01-31T00:00:00Z,6335,3703,2026-04-30 07:30:19.927034+00:00,Nigeria - Diphtheria Outbreak,False,6200000,2025-06-13 11:22:04+00:00,0,Africa,0,Africa,en,"Country cluster for Nigeria, Benin, Ghana and Togo",2023-03-14T00:00:00Z,0,Active
17711,500000.0,500000.0,0,DREF,MDRBD029,,DBD001,27,True,False,BD,BGD,Bangladesh,1,Country,2,Bangladesh Red Crescent Society,en,2023-03-10 17:46:31.584034+00:00,15,Fire,,en,2023-09-30T00:00:00Z,6372,3702,2026-04-08 14:30:41.220771+00:00,Bangladesh - Fire Incident,False,15000,2024-02-09 09:44:00+00:00,2,Asia Pacific,2,Asia Pacific,en,Bangladesh country office,2023-03-10T00:00:00Z,1,Closed
17708,482218.7,4000000.0,1,Emergency Appeal,MDRTG010,,DTG001,170,True,False,TG,TGO,Togo,1,Country,0,Togolese Red Cross,en,2023-03-09 15:47:32.504778+00:00,5,Population Movement,,en,2025-06-30T00:00:00Z,6353,3701,2026-04-30 07:30:19.829758+00:00,Togo - Population Movement Savannah region,False,58000,2025-03-13 10:01:03+00:00,0,Africa,0,Africa,en,"Country cluster for Nigeria, Benin, Ghana and Togo",2023-03-09T00:00:00Z,0,Active
17706,799389.0,799389.0,0,DREF,MDRVU010,,DFJ001,66,True,False,FJ,FJI,Fiji,1,Country,2,Fiji Red Cross Society,en,2023-03-09 09:47:41.723867+00:00,4,Cyclone,,en,2023-12-31T00:00:00Z,6371,3700,2026-04-08 14:30:41.149459+00:00,Vanuatu- Tropical Cyclone Judy and Kevin 2023,False,20000,2024-09-10 15:29:04+00:00,2,Asia Pacific,2,Asia Pacific,en,Suva country cluster,2023-03-08T00:00:00Z,1,Closed
17703,149282.0,149282.0,0,DREF,MDRGA009,,DGA001,69,True,False,GA,GAB,Gabon,1,Country,0,Gabonese Red Cross Society,en,2023-03-06 15:46:40.274610+00:00,1,Epidemic,,en,2023-07-31T00:00:00Z,6399,3699,2026-04-30 07:30:19.753760+00:00,Gabon - Anticipatory actions for Marburg risk,False,141877,2024-09-16 13:52:03+00:00,0,Africa,0,Africa,en,"Country cluster for Cameroon, Gabon, Equatorial Guinea and Sao Tome and Principe",2023-03-06T00:00:00Z,1,Closed
17700,149976.0,149976.0,0,DREF,MDRCM033,,DCM001,41,True,False,CM,CMR,Cameroon,1,Country,0,Cameroon Red Cross Society,en,2023-03-01 16:48:53.688013+00:00,1,Epidemic,,en,2023-07-31T00:00:00Z,6400,3698,2026-04-30 07:30:19.702031+00:00,Cameroon - Anticipatory action for Marburg,False,143952,2024-04-23 16:56:02+00:00,0,Africa,0,Africa,en,"Country cluster for Cameroon, Gabon, Equatorial Guinea and Sao Tome and Principe",2023-03-01T00:00:00Z,1,Closed
17693,330837.77,3000000.0,1,Emergency Appeal,MDRGQ003,,DGQ001,63,True,False,GQ,GNQ,Equatorial Guinea,1,Country,0,Red Cross of Equatorial Guinea,en,2023-02-28 00:46:59.047725+00:00,1,Epidemic,,en,2024-12-31T00:00:00Z,6350,3697,2026-04-30 07:30:19.592194+00:00,Equatorial Guinea - Marburg Outbreak,False,380000,2025-12-22 11:54:03+00:00,0,Africa,0,Africa,en,"Country cluster for Cameroon, Gabon, Equatorial Guinea and Sao Tome and Principe",2023-02-26T00:00:00Z,1,Closed
17691,451422.0,451422.0,0,DREF,MDRZM019,,DZM001,12,True,False,ZM,ZMB,Zambia,1,Country,0,Zambia Red Cross Society,en,2023-02-27 14:46:13.757820+00:00,12,Flood,,en,2023-06-30T00:00:00Z,6362,3696,2026-04-08 14:30:40.982478+00:00,Zambia - Flood in Southern Province,False,8364,2024-04-23 16:56:02+00:00,0,Africa,0,Africa,en,"Country cluster for Zimbabwe, Malawi and Zambia",2023-02-25T00:00:00Z,1,Closed
17689,973954.0,973954.0,0,DREF,MDRMZ020,,DMZ001,120,True,False,MZ,MOZ,Mozambique,1,Country,0,Mozambique Red Cross Society,en,2023-02-25 00:46:23.735666+00:00,12,Flood,,en,2023-11-30T00:00:00Z,6357,3695,2026-04-08 14:30:40.941878+00:00,Mozambique - Floods,False,60000,2025-07-11 14:02:05+00:00,0,Africa,0,Africa,en,Country cluster for Mozambique and Angola,2023-02-23T00:00:00Z,1,Closed
17686,399790.0,399790.0,0,DREF,MDRMG020,,DMG001,109,True,False,MG,MDG,Madagascar,1,Country,0,Malagasy Red Cross Society,en,2023-02-21 17:46:08.812005+00:00,4,Cyclone,,en,2023-08-31T00:00:00Z,6358,3693,2026-04-08 14:30:40.896401+00:00,Madagascar - Tropical Cyclone Freddy,False,7000,2024-05-21 14:47:04+00:00,0,Africa,0,Africa,en,"Country cluster for Madagascar, Comoro Islands, Mauritius and Seychelles",2023-02-21T00:00:00Z,1,Closed
17685,366875.0,366875.0,0,DREF,MDRLB013,,DLB001,101,True,False,LB,LBN,Lebanon,1,Country,4,Lebanese Red Cross,en,2023-02-22 00:45:50.431989+00:00,14,Cold Wave,,en,2023-05-31T00:00:00Z,6359,3694,2026-04-08 14:30:40.853818+00:00,Lebanon - Severe Weather,False,11890,2024-04-23 16:56:02+00:00,4,Middle East & North Africa,4,Middle East & North Africa,en,Middle East and North Africa Regional Office,2023-02-21T00:00:00Z,1,Closed
17679,282339.0,282339.0,0,DREF,MDRPS014,,DSY001,206,True,False,SY,SYR,Syrian Arab Republic,1,Country,4,Syrian Arab Red Crescent,en,2023-02-17 13:45:39.910483+00:00,2,Earthquake,,en,2023-08-31T00:00:00Z,6351,3691,2026-04-30 07:30:19.475041+00:00,"Palestine - Syria EQ 2023, PRCS-Syria Response",False,2500,2024-04-23 16:56:02+00:00,4,Middle East & North Africa,4,Middle East & North Africa,en,Palestine country office,2023-02-17T00:00:00Z,0,Active
17681,494704.0,494704.0,0,DREF,MDRSO015,,DSO001,157,True,False,SO,SOM,Somalia,1,Country,0,Somali Red Crescent Society,en,2023-02-18 11:45:41.819131+00:00,7,Civil Unrest,,en,2023-07-31T00:00:00Z,6363,3692,2026-04-08 14:30:40.814068+00:00,Somalia - Population Movement,False,10200,2024-05-06 11:19:04+00:00,0,Africa,0,Africa,en,Africa Regional Office and Country cluster for Kenya and Somalia,2023-02-17T00:00:00Z,1,Closed
17677,499199.0,499199.0,0,DREF,MDRKE055,,DKE001,93,True,False,KE,KEN,Kenya,1,Country,0,Kenya Red Cross Society,en,2023-02-16 17:45:50.120773+00:00,20,Drought,,en,2028-02-29T00:00:00Z,6365,3690,2026-04-30 07:30:19.426636+00:00,Kenya - Drought,False,0,2024-04-23 16:56:02+00:00,0,Africa,0,Africa,en,Africa Regional Office and Country cluster for Kenya and Somalia,2023-02-16T00:00:00Z,0,Active
17673,84026.0,84026.0,0,DREF,MDRNA013,,DNA001,122,True,False,NA,NAM,Namibia,1,Country,0,Namibia Red Cross,en,2023-02-16 16:45:47.472474+00:00,12,Flood,,en,2023-05-31T00:00:00Z,6347,3689,2026-04-08 14:30:40.685438+00:00,Namibia - Floods,False,2190,2024-04-23 16:56:02+00:00,0,Africa,0,Africa,en,"Country cluster for South Africa, Botswana, Lesotho, Namibia and Kingdom of Eswatini",2023-02-16T00:00:00Z,1,Closed
17670,549318.0,549318.0,0,DREF,MDRZW020,,DZW001,13,True,False,ZW,ZWE,Zimbabwe,1,Country,0,Zimbabwe Red Cross Society,en,2023-02-14 10:45:56.161506+00:00,20,Drought,,en,2024-12-31T00:00:00Z,5912,3688,2026-04-30 07:30:19.384531+00:00,Zimbabwe - Drought Protocol,False,21000,2024-12-03 14:04:00+00:00,0,Africa,0,Africa,en,"Country cluster for Zimbabwe, Malawi and Zambia",2023-02-14T00:00:00Z,0,Active
17665,66714.0,66714.0,0,DREF,MDRNG036,,DNG001,128,True,False,NG,NGA,Nigeria,1,Country,0,Nigerian Red Cross Society,en,2023-02-08 17:45:44.254557+00:00,7,Civil Unrest,,en,2023-04-30T00:00:00Z,6364,3687,2026-04-08 14:30:40.606672+00:00,Nigeria - Elections Readiness,False,2000000,2024-05-06 11:18:02+00:00,0,Africa,0,Africa,en,"Country cluster for Nigeria, Benin, Ghana and Togo",2023-02-08T00:00:00Z,1,Closed
17654,62252494.14,100000000.0,1,Emergency Appeal,MDRSY009,,DSY001,206,True,False,SY,SYR,Syrian Arab Republic,1,Country,4,Syrian Arab Red Crescent,en,2023-02-07 13:45:44.471045+00:00,2,Earthquake,,en,2026-12-31T00:00:00Z,6346,3686,2026-04-30 07:30:19.297930+00:00,Syria - Earthquake,False,2500000,2025-07-23 07:15:03+00:00,4,Middle East & North Africa,4,Middle East & North Africa,en,Syria country office,2023-02-06T00:00:00Z,0,Active
17655,135178582.51,400000000.0,1,Emergency Appeal,MDRTR004,,DTR001,174,True,False,TR,TUR,Türkiye,1,Country,3,Turkish Red Crescent Society,en,2023-02-07 13:45:44.442122+00:00,2,Earthquake,,en,2025-02-28T00:00:00Z,6345,3685,2026-04-08 14:30:40.572928+00:00,Turkiye - Earthquake,False,1250000,2026-02-06 16:14:01+00:00,3,Europe,3,Europe,en,"Türkiye, Georgia, Azerbaijan and Armenia Country Cluster delegation",2023-02-06T00:00:00Z,1,Closed
17651,473600.0,473600.0,0,DREF,MDRZM018,,DZM001,12,True,False,ZM,ZMB,Zambia,1,Country,0,Zambia Red Cross Society,en,2023-02-02 15:46:22.157032+00:00,1,Epidemic,,en,2023-07-31T00:00:00Z,6337,3684,2026-04-08 14:30:40.498019+00:00,Zambia - Cholera Eastern Province,False,439058,2024-03-15 08:14:02+00:00,0,Africa,0,Africa,en,"Country cluster for Zimbabwe, Malawi and Zambia",2023-02-02T00:00:00Z,1,Closed
17646,481147.0,481147.0,0,DREF,MDRHN018,,DHN001,81,True,False,HN,HND,Honduras,1,Country,1,Honduran Red Cross,en,2023-02-01 17:45:47.132998+00:00,20,Drought,,en,2023-10-31T00:00:00Z,6341,3682,2026-04-08 14:30:40.411240+00:00,Honduras - Drought,False,10300,2024-04-23 16:56:02+00:00,1,Americas,1,Americas,en,Central America country cluster,2023-02-01T00:00:00Z,1,Closed
17648,833363.0,833363.0,0,DREF,MDRIR013,,DIR001,203,True,False,IR,IRN,"Iran, Islamic Republic of",1,Country,4,Red Crescent Society of the Islamic Republic of Iran,en,2023-02-02 10:45:56.306943+00:00,2,Earthquake,,en,2023-08-31T00:00:00Z,6339,3683,2026-04-08 14:30:40.457604+00:00,Iran - Earthquake Khoy West Azarbayejan EQ 2023,False,48000,2025-09-12 14:13:01+00:00,4,Middle East & North Africa,4,Middle East & North Africa,en,Iran country office,2023-02-01T00:00:00Z,1,Closed
17642,245106.0,245106.0,0,DREF,MDRUY004,,DUY001,5,True,False,UY,URY,Uruguay,1,Country,1,Uruguayan Red Cross,en,2023-01-30 14:45:53.796323+00:00,20,Drought,,en,2023-08-31T00:00:00Z,6330,3681,2026-04-08 14:30:40.371767+00:00,Uruguay - Drought,False,12000,2024-04-23 16:56:02+00:00,1,Americas,1,Americas,en,Southern Cone country cluster,2023-01-29T00:00:00Z,1,Closed
17641,116357.0,116357.0,0,DREF,MDRGW004,,DGW001,183,True,False,GW,GNB,Guinea-Bissau,1,Country,0,Red Cross Society of Guinea-Bissau,en,2023-01-30 14:45:53.762844+00:00,15,Fire,,en,2023-05-31T00:00:00Z,6328,3680,2026-04-30 07:30:19.180573+00:00,Guinea Bissau - Fire incident Menegue,False,2065,2024-09-16 14:12:01+00:00,0,Africa,0,Africa,en,"Country cluster for Sierra Leone, Liberia, Guinea and Guinea Bisau",2023-01-29T00:00:00Z,1,Closed
17617,86140.0,86140.0,0,DREF,MDRZM017,,DZM001,12,True,False,ZM,ZMB,Zambia,1,Country,0,Zambia Red Cross Society,en,2023-01-24 19:45:46.387439+00:00,12,Flood,,en,2023-04-30T00:00:00Z,6362,3679,2026-04-08 14:30:40.297906+00:00,Zambia - Flood,False,6000,2025-11-04 15:06:04+00:00,0,Africa,0,Africa,en,"Country cluster for Zimbabwe, Malawi and Zambia",2023-01-24T00:00:00Z,1,Closed
17615,476331.0,476331.0,0,DREF,MDRMZ019,,DMZ001,120,True,False,MZ,MOZ,Mozambique,1,Country,0,Mozambique Red Cross Society,en,2023-01-20 17:45:46.361764+00:00,1,Epidemic,,en,2023-07-31T00:00:00Z,6316,3678,2026-04-08 14:30:40.258025+00:00,Mozambique - Cholera Outbreak and Floods Readiness,False,240000,2025-07-11 14:34:01+00:00,0,Africa,0,Africa,en,Country cluster for Mozambique and Angola,2023-01-20T00:00:00Z,1,Closed
17610,489727.0,489727.0,0,DREF,MDRCG020,,DCG001,184,True,False,CG,COG,Congo,1,Country,0,Congolese Red Cross,en,2023-01-13 14:46:04.432198+00:00,12,Flood,,en,2023-05-31T00:00:00Z,6293,3677,2026-04-08 14:30:40.209788+00:00,Republic of Congo - Floods,False,15000,2024-04-23 16:56:02+00:00,0,Africa,0,Africa,en,"Country cluster for Democratic Republic of Congo, Republic of Congo, Burundi and Rwanda",2023-01-10T00:00:00Z,1,Closed
17607,139996.0,139996.0,0,DREF,MDRSL014,,DSL001,152,True,False,SL,SLE,Sierra Leone,1,Country,0,Sierra Leone Red Cross Society,en,2023-01-11 09:46:08.391837+00:00,15,Fire,,en,2023-04-30T00:00:00Z,6307,3676,2026-04-08 14:30:40.168245+00:00,Sierra Leone - Funkia Fire Incident,False,1500,2024-05-13 19:10:00+00:00,0,Africa,0,Africa,en,"Country cluster for Sierra Leone, Liberia, Guinea and Guinea Bisau",2023-01-10T00:00:00Z,1,Closed
17604,498819.0,498819.0,0,DREF,MDRKE054,,DKE001,93,True,False,KE,KEN,Kenya,1,Country,0,Kenya Red Cross Society,en,2023-01-10 12:46:14.526745+00:00,1,Epidemic,,en,2023-10-31T00:00:00Z,6304,3674,2026-04-08 14:30:41.582935+00:00,Kenya - Cholera Outbreak,False,1410720,2025-01-10 13:39:05+00:00,0,Africa,0,Africa,en,Africa Regional Office and Country cluster for Kenya and Somalia,2023-01-07T00:00:00Z,0,Active
17603,307571.0,307571.0,0,DREF,MDRCL015,,DCL001,46,True,False,CL,CHL,Chile,1,Country,1,Chilean Red Cross,es,2023-01-11 01:45:41.876141+00:00,15,Fire,,en,2023-05-31T00:00:00Z,6314,3675,2026-04-08 14:30:40.127893+00:00,Chile - Fires,False,2155,2024-04-23 16:56:02+00:00,1,Americas,1,Americas,en,Southern Cone country cluster,2022-12-31T00:00:00Z,1,Closed
17598,91140.0,91140.0,0,DREF,MDRLK016,,DLK001,160,True,False,LK,LKA,Sri Lanka,1,Country,2,Sri Lanka Red Cross Society,en,2022-12-29 08:46:12.238313+00:00,5,Population Movement,,en,2023-04-30T00:00:00Z,6324,3672,2026-04-08 14:30:40.081832+00:00,Sri Lanka - Population Movement,False,104,2023-10-16 12:46:05+00:00,2,Asia Pacific,2,Asia Pacific,en,New Delhi country cluster,2022-12-29T00:00:00Z,1,Closed
17595,398745.0,398745.0,0,DREF,MDRCD039,,DCD001,187,True,False,CD,COD,Democratic Republic of Congo,1,Country,0,Red Cross of the Democratic Republic of the Congo,en,2022-12-28 13:46:03.980823+00:00,12,Flood,,en,2023-06-30T00:00:00Z,6298,3671,2026-04-30 07:30:19.130339+00:00,DR Congo - Floods in Kinshasa,False,9000,2024-09-16 12:07:05+00:00,0,Africa,0,Africa,en,"Country cluster for Democratic Republic of Congo, Republic of Congo, Burundi and Rwanda",2022-12-28T00:00:00Z,1,Closed
17582,390886.0,390886.0,0,DREF,MDRMY009,,DMY001,111,True,False,MY,MYS,Malaysia,1,Country,2,Malaysian Red Crescent Society,en,2022-12-27 09:45:44.635278+00:00,12,Flood,,en,2023-06-30T00:00:00Z,6274,3665,2026-04-08 14:30:39.755321+00:00,Malaysia - Floods,False,10000,2024-04-23 16:54:01+00:00,2,Asia Pacific,2,Asia Pacific,en,Asia Pacific Regional Office,2022-12-25T00:00:00Z,1,Closed
17580,499978.0,499978.0,0,DREF,MDRZA013,,DZA001,158,True,False,ZA,ZAF,South Africa,1,Country,0,The South African Red Cross Society,en,2022-12-27 08:45:51.961950+00:00,12,Flood,,en,2023-06-30T00:00:00Z,6295,3663,2026-04-30 07:30:18.553393+00:00,South Africa - Floods,False,12500,2024-09-16 11:42:03+00:00,0,Africa,0,Africa,en,"Country cluster for South Africa, Botswana, Lesotho, Namibia and Kingdom of Eswatini",2022-12-24T00:00:00Z,1,Closed
17578,134251.0,134251.0,0,DREF,MDRBA014,,DBA001,197,True,False,BA,BIH,Bosnia and Herzegovina,1,Country,3,Red Cross Society of Bosnia and Herzegovina,en,2022-12-27 08:45:51.996914+00:00,12,Flood,,en,2023-04-30T00:00:00Z,6291,3664,2026-04-08 14:30:39.674105+00:00,Bosnia and Herzegovina - Floods,False,3000,2024-05-13 19:11:04+00:00,3,Europe,3,Europe,en,"Cluster Delegation for Albania, Bosnia, Bulgaria, Croatia, Montenegro, North Macedonia and Serbia",2022-12-24T00:00:00Z,1,Closed
17575,549991.0,549991.0,0,DREF,MDRLS006,,DLS001,102,True,False,LS,LSO,Lesotho,1,Country,0,Lesotho Red Cross Society,en,2022-12-21 13:46:13.839362+00:00,20,Drought,,en,2027-12-31T00:00:00Z,6470,3662,2026-04-30 07:30:18.448409+00:00,Lesotho - Drought (EAP2022LS01),False,20560,2023-01-03 10:44:05+00:00,0,Africa,0,Africa,en,"Country cluster for South Africa, Botswana, Lesotho, Namibia and Kingdom of Eswatini",2022-12-21T00:00:00Z,0,Active
17573,993549.0,993549.0,0,DREF,MDRET029,,DET001,65,True,False,ET,ETH,Ethiopia,1,Country,0,Ethiopian Red Cross Society,en,2022-12-15 13:45:42.269384+00:00,6,Complex Emergency,,en,2023-09-30T00:00:00Z,6426,3661,2026-04-08 14:30:39.583613+00:00,Ethiopia - Tigray Crisis,False,50000,2025-03-10 06:50:01+00:00,0,Africa,0,Africa,en,Country cluster for Ethiopia and Djibouti,2022-12-15T00:00:00Z,1,Closed
17571,244083.0,244083.0,0,DREF,MDRTJ033,,DTJ001,167,True,False,TJ,TJK,Tajikistan,1,Country,3,Red Crescent Society of Tajikistan,en,2022-12-14 09:46:12.730360+00:00,14,Cold Wave,,en,2027-12-31T00:00:00Z,6312,3660,2026-04-30 07:30:18.406435+00:00,Tajikistan - Cold Wave (EAP2022TJ02),False,6565,2025-07-11 10:41:02+00:00,3,Europe,3,Europe,en,Central Asia country cluster,2022-12-13T00:00:00Z,0,Active
17567,499988.0,499988.0,0,DREF,MDRCO022,,DCO001,48,True,False,CO,COL,Colombia,1,Country,1,Colombian Red Cross Society,en,2022-12-08 14:45:53.750326+00:00,12,Flood,,en,2023-04-30T00:00:00Z,6297,3659,2026-04-08 14:30:39.502017+00:00,Colombia - Floods,False,25353,2024-01-08 16:36:03+00:00,1,Americas,1,Americas,en,South America country cluster,2022-12-08T00:00:00Z,1,Closed
17565,133688.0,133688.0,0,DREF,MDRTT002,,DTT001,172,True,False,TT,TTO,Trinidad and Tobago,1,Country,1,The Trinidad and Tobago Red Cross Society,en,2022-12-08 14:45:53.718335+00:00,12,Flood,,en,2023-04-30T00:00:00Z,6281,3658,2026-04-08 14:30:39.460869+00:00,Trinidad and Tobago - Floods,False,1250,2024-03-15 08:05:04+00:00,1,Americas,1,Americas,en,Caribbean country cluster,2022-12-08T00:00:00Z,1,Closed
17563,420824.0,420824.0,0,DREF,MDRMN017,,DMN001,194,True,False,MN,MNG,Mongolia,1,Country,2,Mongolian Red Cross Society,en,2022-12-08 09:46:02.713125+00:00,14,Cold Wave,,en,2023-06-30T00:00:00Z,6269,3657,2026-04-08 14:30:39.418374+00:00,Mongolia - Cold Wave 2022,False,11660,2024-04-23 16:54:00+00:00,2,Asia Pacific,2,Asia Pacific,en,Beijing country cluster,2022-12-07T00:00:00Z,1,Closed
17557,389282.0,389282.0,0,DREF,MDRCM032,,DCM001,41,True,False,CM,CMR,Cameroon,1,Country,0,Cameroon Red Cross Society,en,2022-12-01 11:45:39.544621+00:00,1,Epidemic,,en,2023-05-31T00:00:00Z,6250,3656,2026-04-08 14:30:39.378691+00:00,Cameroon - Cholera and Monkeypox,False,1380370,2024-02-09 09:41:04+00:00,0,Africa,0,Africa,en,"Country cluster for Cameroon, Gabon, Equatorial Guinea and Sao Tome and Principe",2022-11-30T00:00:00Z,1,Closed
17555,794131.0,794131.0,0,DREF,MDRID025,,DID001,85,True,False,ID,IDN,Indonesia,1,Country,2,Indonesian Red Cross Society,en,2022-11-29 10:46:14.356131+00:00,2,Earthquake,,en,2023-05-31T00:00:00Z,6272,3655,2026-04-08 14:30:39.338603+00:00,Indonesia - Cianjur Earthquake,False,25900,2023-12-14 14:37:05+00:00,2,Asia Pacific,2,Asia Pacific,en,Indonesia country cluster,2022-11-28T00:00:00Z,1,Closed
17548,200330.0,200330.0,0,DREF,MDRDJ006,,DDJ001,57,True,False,DJ,DJI,Djibouti,1,Country,0,Red Crescent Society of Djibouti,en,2022-11-23 13:45:46.623823+00:00,12,Flood,,en,2024-12-31T00:00:00Z,6125,3654,2026-04-30 07:30:18.356613+00:00,Djibouti - Floods (EAP2022DJ01),False,2500,2023-01-03 10:43:05+00:00,0,Africa,0,Africa,en,Country cluster for Ethiopia and Djibouti,2022-11-23T00:00:00Z,0,Active
17546,102139.0,102139.0,0,DREF,MDRSZ003,,DSZ001,163,True,False,SZ,SWZ,"Eswatini, Kingdom of",1,Country,0,Baphalali Eswatini Red Cross Society,en,2022-11-21 09:45:56.348284+00:00,23,Storm Surge,,en,2023-04-30T00:00:00Z,6265,3653,2026-04-08 14:30:39.254993+00:00,Eswatini - Storm Surge,False,1058,2023-10-16 15:21:05+00:00,0,Africa,0,Africa,en,"Country cluster for South Africa, Botswana, Lesotho, Namibia and Kingdom of Eswatini",2022-11-21T00:00:00Z,1,Closed
17544,112696.0,112696.0,0,DREF,MDRLC005,,DLC001,178,True,False,LC,LCA,Saint Lucia,1,Country,1,Saint Lucia Red Cross,en,2022-11-18 15:45:39.439098+00:00,27,Pluvial/Flash Flood,,en,2023-03-31T00:00:00Z,6260,3652,2026-04-08 14:30:39.205683+00:00,Saint Lucia - Flash Floods,False,1000,2023-11-03 15:54:02+00:00,1,Americas,1,Americas,en,Caribbean country cluster,2022-11-18T00:00:00Z,1,Closed
17541,499479.0,499479.0,0,DREF,MDRNP013,,DNP001,123,True,False,NP,NPL,Nepal,1,Country,2,Nepal Red Cross Society,en,2022-11-18 10:45:44.221599+00:00,2,Earthquake,,en,2023-05-31T00:00:00Z,6262,3651,2026-04-08 14:30:39.163019+00:00,Nepal - Far Western Earthquake Response,False,11000,2023-09-04 12:53:01+00:00,2,Asia Pacific,2,Asia Pacific,en,Nepal country office,2022-11-17T00:00:00Z,1,Closed
17538,155985.0,155985.0,0,DREF,MDRPA017,,DPA001,132,True,False,PA,PAN,Panama,1,Country,1,Red Cross Society of Panama,en,2022-11-17 16:45:48.777063+00:00,12,Flood,,en,2023-03-31T00:00:00Z,6267,3650,2026-04-08 14:30:39.119638+00:00,Panama - Floods,False,1500,2023-09-04 12:47:00+00:00,1,Americas,1,Americas,en,Americas Regional Office,2022-11-17T00:00:00Z,1,Closed
17536,152804.0,152804.0,0,DREF,MDRBI019,,DBI001,39,True,False,BI,BDI,Burundi,1,Country,0,Burundi Red Cross,en,2022-11-17 09:45:42.352860+00:00,1,Epidemic,,en,2023-03-31T00:00:00Z,6957,3649,2026-04-08 14:30:39.079022+00:00,Burundi - Anticipatory Actions EVD Outbreak,False,1454831,2023-12-14 15:00:00+00:00,0,Africa,0,Africa,en,"Country cluster for Democratic Republic of Congo, Republic of Congo, Burundi and Rwanda",2022-11-16T00:00:00Z,1,Closed
17533,748231.0,748231.0,0,DREF,MDRPH050,,DPH001,136,True,False,PH,PHL,Philippines,1,Country,2,Philippine Red Cross,en,2022-11-14 09:47:02.345594+00:00,13,Other,,en,2023-05-31T00:00:00Z,6239,3648,2026-04-08 14:30:39.037601+00:00,Philippines - Severe Tropical Storm Paeng 2022,False,32500,2023-10-16 12:09:01+00:00,2,Asia Pacific,2,Asia Pacific,en,Philippines country office,2022-11-11T00:00:00Z,1,Closed
17529,188597.0,188597.0,0,DREF,MDRTZ032,,DTZ001,189,True,False,TZ,TZA,"Tanzania, United Republic of",1,Country,0,Tanzania Red Cross National Society,en,2022-11-09 16:45:42.690452+00:00,1,Epidemic,,en,2023-05-31T00:00:00Z,6266,3646,2026-04-08 14:30:38.956736+00:00,Tanzania - Anticipatory Actions EVD Outbreak,False,7840687,2023-12-14 15:53:01+00:00,0,Africa,0,Africa,en,"Country cluster for South Sudan, Tanzania and Uganda",2022-11-09T00:00:00Z,1,Closed
17531,257608.0,257608.0,0,DREF,MDRBZ007,,DBZ001,31,True,False,BZ,BLZ,Belize,1,Country,1,Belize Red Cross Society,en,2022-11-10 08:45:43.187197+00:00,13,Other,,en,2023-03-31T00:00:00Z,6248,3647,2026-04-08 14:30:38.994602+00:00,Belize - Tropical Storm Lisa,False,5000,2023-09-29 17:04:01+00:00,1,Americas,1,Americas,en,Caribbean country cluster,2022-11-09T00:00:00Z,1,Closed
16940,718787.0,718787.0,0,DREF,MDRLB012,,DLB001,101,True,False,LB,LBN,Lebanon,1,Country,4,Lebanese Red Cross,en,2022-11-07 06:46:15.482892+00:00,1,Epidemic,,en,2023-05-31T00:00:00Z,6235,3645,2026-04-08 14:30:38.918027+00:00,Lebanon - Cholera Outbreak,False,90000,2024-01-23 09:45:04+00:00,4,Middle East & North Africa,4,Middle East & North Africa,en,Middle East and North Africa Regional Office,2022-11-04T00:00:00Z,1,Closed
16890,369133.0,369133.0,0,DREF,MDRTG009,,DTG001,170,True,False,TG,TGO,Togo,1,Country,0,Togolese Red Cross,en,2022-11-01 13:45:57.091428+00:00,12,Flood,,en,2023-05-31T00:00:00Z,6241,3644,2026-04-08 14:30:38.878297+00:00,Togo - Floods,False,16340,2025-01-10 12:47:02+00:00,0,Africa,0,Africa,en,"Country cluster for Nigeria, Benin, Ghana and Togo",2022-11-01T00:00:00Z,1,Closed
16888,117555.0,117555.0,0,DREF,MDRPH049,,DPH001,136,True,False,PH,PHL,Philippines,1,Country,2,Philippine Red Cross,en,2022-10-28 17:45:38.636775+00:00,4,Cyclone,,en,2023-03-31T00:00:00Z,6239,3643,2026-04-08 14:30:38.838127+00:00,Philippines - Typhoons (EAP2019PH01),False,2500,2024-02-02 07:49:03+00:00,2,Asia Pacific,2,Asia Pacific,en,Philippines country office,2022-10-28T00:00:00Z,1,Closed
16882,219998.0,219998.0,3,Forecast Based Action,MDRKZ012,,DKZ001,201,True,False,KZ,KAZ,Kazakhstan,1,Country,3,Red Crescent Society of the Republic of Kazakhstan,en,2022-10-27 14:45:48.549248+00:00,14,Cold Wave,,en,2024-03-31T00:00:00Z,6270,3642,2026-04-08 14:30:38.800024+00:00,Kazakhstan - Cold Wave,False,82000,2025-05-16 14:31:04+00:00,3,Europe,3,Europe,en,Central Asia country cluster,2022-10-27T00:00:00Z,1,Closed
16879,568263.0,568263.0,0,DREF,MDRVN021,,DVN001,191,True,False,VN,VNM,Viet Nam,1,Country,2,Vietnam Red Cross Society,en,2022-10-26 12:45:43.591458+00:00,27,Pluvial/Flash Flood,,en,2023-04-30T00:00:00Z,6228,3641,2026-04-08 14:30:38.756685+00:00,Vietnam - Monsoon Storms & Floods 2022,False,50000,2023-10-16 15:18:01+00:00,2,Asia Pacific,2,Asia Pacific,en,Bangkok country cluster,2022-10-26T00:00:00Z,1,Closed
16874,386584.0,386584.0,0,DREF,MDRCR021,,DCR001,51,True,False,CR,CRI,Costa Rica,1,Country,1,Costa Rican Red Cross,en,2022-10-25 14:45:58.042938+00:00,12,Flood,,en,2023-02-28T00:00:00Z,6238,3639,2026-04-08 14:30:38.668136+00:00,Costa Rica - Floods,False,11500,2023-07-03 13:40:02+00:00,1,Americas,1,Americas,en,Central America country cluster,2022-10-25T00:00:00Z,1,Closed
16876,329086.0,329086.0,0,DREF,MDRSV015,,DSV001,62,True,False,SV,SLV,El Salvador,1,Country,1,Salvadorean Red Cross Society,en,2022-10-25 14:45:58.070963+00:00,13,Other,,en,2023-02-28T00:00:00Z,6237,3640,2026-04-08 14:30:38.711678+00:00,El Salvador - Tropical Storm Julia,False,3500,2023-07-03 13:39:03+00:00,1,Americas,1,Americas,en,Central America country cluster,2022-10-25T00:00:00Z,1,Closed
16870,497017.0,497017.0,0,DREF,MDRGT019,,DGT001,76,True,False,GT,GTM,Guatemala,1,Country,1,Guatemalan Red Cross,en,2022-10-21 13:45:43.460250+00:00,13,Other,,en,2023-03-31T00:00:00Z,6236,3637,2026-04-08 14:30:38.582277+00:00,Guatemala - Tropical Storm Julia,False,5000,2023-10-23 15:20:04+00:00,1,Americas,1,Americas,en,Central America country cluster,2022-10-21T00:00:00Z,1,Closed
16868,425627.0,425627.0,0,DREF,MDRCF029,,DCF001,44,True,False,CF,CAF,Central African Republic,1,Country,0,Central African Red Cross Society,en,2022-10-20 13:45:41.321527+00:00,12,Flood,,en,2023-04-30T00:00:00Z,6257,3636,2026-04-30 07:30:18.264725+00:00,Central African Rep - Floods,False,9690,2025-09-12 15:31:01+00:00,0,Africa,0,Africa,en,Country cluster for Central African Republic and Chad,2022-10-20T00:00:00Z,1,Closed
16872,417818.0,417818.0,0,DREF,MDRVE007,,DVE001,8,True,False,VE,VEN,Venezuela,1,Country,1,Venezuelan Red Cross,en,2022-10-21 13:45:43.488145+00:00,12,Flood,,en,2023-04-30T00:00:00Z,5940,3638,2026-04-08 14:30:38.626315+00:00,Venezuela - Floods,False,7000,2023-09-04 12:52:00+00:00,1,Americas,1,Americas,en,Venezuela Country Office,2022-10-20T00:00:00Z,1,Closed
16865,670868.0,670868.0,0,DREF,MDRTH002,,DTH001,169,True,False,TH,THA,Thailand,1,Country,2,Thai Red Cross Society,en,2022-10-18 13:45:43.750366+00:00,12,Flood,,en,2023-04-30T00:00:00Z,6218,3635,2026-04-08 14:30:38.499584+00:00,Thailand - Monsoon Floods 2022,False,62200,2024-02-06 17:34:03+00:00,2,Asia Pacific,2,Asia Pacific,en,Bangkok country cluster,2022-10-18T00:00:00Z,1,Closed
16860,349028.0,349028.0,0,DREF,MDRBJ017,,DBJ001,209,True,False,BJ,BEN,Benin,1,Country,0,Red Cross of Benin,en,2022-10-17 09:45:53.516372+00:00,12,Flood,,en,2023-04-30T00:00:00Z,6193,3633,2026-04-08 14:30:38.418147+00:00,Benin - Floods,False,20000,2024-02-15 17:32:02+00:00,0,Africa,0,Africa,en,"Country cluster for Nigeria, Benin, Ghana and Togo",2022-10-17T00:00:00Z,1,Closed
16862,296217.0,296217.0,0,DREF,MDRIR012,,DIR001,203,True,False,IR,IRN,"Iran, Islamic Republic of",1,Country,4,Red Crescent Society of the Islamic Republic of Iran,en,2022-10-17 14:45:48.850391+00:00,2,Earthquake,,en,2023-04-30T00:00:00Z,6199,3634,2026-04-08 14:30:38.457386+00:00,Iran - Azarbayejan EQ 2022,False,11288,2024-01-08 13:26:02+00:00,4,Middle East & North Africa,4,Middle East & North Africa,en,Iran country office,2022-10-17T00:00:00Z,1,Closed
17588,220000.0,220000.0,0,DREF,MDRNG035,,DNG001,128,True,False,NG,NGA,Nigeria,1,Country,0,Nigerian Red Cross Society,en,2022-12-27 12:45:38.443637+00:00,12,Flood,,en,2024-12-31T00:00:00Z,,3668,2026-04-30 07:30:18.771298+00:00,Nigeria - Floods (EAP2022NG01),False,7500,2024-10-14 14:58:01+00:00,0,Africa,0,Africa,en,"Country cluster for Nigeria, Benin, Ghana and Togo",2022-10-14T00:00:00Z,0,Active
16858,154718.0,154718.0,0,DREF,MDRSS011,,DSS001,290,True,False,SS,SSD,South Sudan,1,Country,0,South Sudan Red Cross,en,2022-10-14 07:45:50.356482+00:00,1,Epidemic,,en,2023-01-31T00:00:00Z,6256,3632,2026-04-08 14:30:38.377961+00:00,South Sudan - Anticipatory Actions EVD Outbreak,False,220880,2024-02-09 09:43:01+00:00,0,Africa,0,Africa,en,"Country cluster for South Sudan, Tanzania and Uganda",2022-10-13T00:00:00Z,1,Closed
16855,167586.0,167586.0,0,DREF,MDRST002,,DST001,185,True,False,ST,STP,Sao Tome and Principe,1,Country,0,Sao Tome and Principe Red Cross,en,2022-10-11 14:46:00.159630+00:00,1,Epidemic,,en,2023-04-30T00:00:00Z,6171,3630,2026-04-08 14:30:38.339017+00:00,Sao Tome And Principe - Worsening Dengue Outbreak,False,214211,2024-01-15 13:18:02+00:00,0,Africa,0,Africa,en,"Country cluster for Cameroon, Gabon, Equatorial Guinea and Sao Tome and Principe",2022-10-11T00:00:00Z,1,Closed
16850,128353.0,128353.0,0,DREF,MDRHN017,,DHN001,81,True,False,HN,HND,Honduras,1,Country,1,Honduran Red Cross,en,2022-10-10 06:45:46.628862+00:00,13,Other,,en,2023-01-31T00:00:00Z,6223,3628,2026-04-08 14:30:38.255960+00:00,Honduras - Tropical Storm,False,0,2023-05-12 16:16:00+00:00,1,Americas,1,Americas,en,Central America country cluster,2022-10-09T00:00:00Z,1,Closed
16853,186942.0,186942.0,0,DREF,MDRKE052,,DKE001,93,True,False,KE,KEN,Kenya,1,Country,0,Kenya Red Cross Society,en,2022-10-11 12:46:49.923293+00:00,1,Epidemic,,en,2023-10-31T00:00:00Z,6258,3629,2026-04-08 14:30:38.298685+00:00,Kenya - Anticip. Actions EVD Outbreak,False,565650,2025-01-10 11:16:01+00:00,0,Africa,0,Africa,en,Africa Regional Office and Country cluster for Kenya and Somalia,2022-10-08T00:00:00Z,1,Closed
16848,226745.0,226745.0,0,DREF,MDRGT018,,DGT001,76,True,False,GT,GTM,Guatemala,1,Country,1,Guatemalan Red Cross,en,2022-10-12 07:45:47.255466+00:00,4,Cyclone,,en,2023-01-31T00:00:00Z,6215,3631,2026-04-08 14:30:38.206801+00:00,Guatemala - Tropical Cyclone Julia,False,15000,2023-07-03 13:41:05+00:00,1,Americas,1,Americas,en,Central America country cluster,2022-10-08T00:00:00Z,1,Closed
16818,3679640.5,9000000.0,1,Emergency Appeal,MDRCU008,,DCU001,54,True,False,CU,CUB,Cuba,1,Country,1,Cuban Red Cross,en,2022-10-07 06:45:40.846933+00:00,4,Cyclone,,en,2023-12-31T00:00:00Z,6202,3626,2026-04-30 07:30:18.121106+00:00,Cuba - Hurricane Ian,False,25000,2025-12-09 10:43:02+00:00,1,Americas,1,Americas,en,"Cuba, Haiti and Dominican Republic country cluster",2022-10-06T00:00:00Z,1,Closed
16836,662650.0,662650.0,0,DREF,MDRPH048,,DPH001,136,True,False,PH,PHL,Philippines,1,Country,2,Philippine Red Cross,en,2022-10-06 12:45:46.310689+00:00,4,Cyclone,,en,2023-04-30T00:00:00Z,6186,3625,2026-04-08 14:30:38.165043+00:00,Philippines - Super Typhoon Karding 2022,False,35750,2023-10-16 12:10:01+00:00,2,Asia Pacific,2,Asia Pacific,en,Philippines country office,2022-10-06T00:00:00Z,1,Closed
16816,549508.0,549508.0,0,DREF,MDRET028,,DET001,65,True,False,ET,ETH,Ethiopia,1,Country,0,Ethiopian Red Cross Society,en,2022-10-04 14:45:54.276197+00:00,1,Epidemic,,en,2023-04-30T00:00:00Z,6200,3623,2026-04-08 14:30:38.054063+00:00,Ethiopia - Cholera Outbreak,False,258809,2024-02-06 16:34:04+00:00,0,Africa,0,Africa,en,Country cluster for Ethiopia and Djibouti,2022-10-04T00:00:00Z,1,Closed
16813,499318.0,499318.0,0,DREF,MDRAM010,,DAM001,21,True,False,AM,ARM,Armenia,1,Country,3,Armenian Red Cross Society,en,2022-10-04 07:46:02.315728+00:00,5,Population Movement,,en,2023-01-31T00:00:00Z,6165,3622,2026-04-08 14:30:38.010860+00:00,Armenia - Population Movement,False,15030,2023-11-03 15:53:02+00:00,3,Europe,3,Europe,en,Southern Caucasus country cluster,2022-10-03T00:00:00Z,1,Closed
16811,207000.0,207000.0,0,DREF,MDRTJ032,,DTJ001,167,True,False,TJ,TJK,Tajikistan,1,Country,3,Red Crescent Society of Tajikistan,en,2022-10-03 07:46:15.397930+00:00,5,Population Movement,,en,2023-01-31T00:00:00Z,6178,3621,2026-04-08 14:30:37.970658+00:00,Tajikistan - Kyrgyzstan Border Conflict,False,2070,2023-08-18 08:52:00+00:00,3,Europe,3,Europe,en,Central Asia country cluster,2022-10-01T00:00:00Z,1,Closed
16809,160229.0,160229.0,0,DREF,MDRHN016,,DHN001,81,True,False,HN,HND,Honduras,1,Country,1,Honduran Red Cross,en,2022-10-03 07:46:15.367661+00:00,12,Flood,,en,2022-12-31T00:00:00Z,6184,3620,2026-04-08 14:30:37.927211+00:00,Honduras - Floods,False,1500,2023-05-01 11:59:03+00:00,1,Americas,1,Americas,en,Central America country cluster,2022-09-30T00:00:00Z,1,Closed
16805,497206.0,497206.0,0,DREF,MDRKG015,,DKG001,98,True,False,KG,KGZ,Kyrgyzstan,1,Country,3,Red Crescent Society of Kyrgyzstan,en,2022-09-29 13:45:52.538009+00:00,5,Population Movement,,en,2023-01-31T00:00:00Z,6162,3619,2026-04-08 14:30:37.884915+00:00,Kyrgyzstan - Border Conflict,False,8500,2023-06-09 14:39:04+00:00,3,Europe,3,Europe,en,Central Asia country cluster,2022-09-29T00:00:00Z,1,Closed
16802,750000.0,750000.0,0,DREF,MDRSY008,,DSY001,206,True,False,SY,SYR,Syrian Arab Republic,1,Country,4,Syrian Arab Red Crescent,en,2022-09-29 07:46:12.044655+00:00,1,Epidemic,,en,2023-03-31T00:00:00Z,6166,3618,2026-04-08 14:30:37.847220+00:00,Syria - Cholera Outbreak,False,1500000,2025-05-16 12:32:04+00:00,4,Middle East & North Africa,4,Middle East & North Africa,en,Syria country office,2022-09-28T00:00:00Z,1,Closed
16795,3148012.7199999993,5000000.0,1,Emergency Appeal,MDRUG047,,DUG001,176,True,False,UG,UGA,Uganda,1,Country,0,Uganda Red Cross Society,en,2022-09-23 13:45:45.350077+00:00,1,Epidemic,,en,2023-12-31T00:00:00Z,6187,3615,2026-04-30 07:30:18.035322+00:00,Uganda - Ebola Virus Disease Outbreak,False,2700000,2023-10-03 07:17:04+00:00,0,Africa,0,Africa,en,"Country cluster for South Sudan, Tanzania and Uganda",2022-09-23T00:00:00Z,0,Active
16799,383552.0,383552.0,0,DREF,MDRDO014,,DDO001,59,True,False,DO,DOM,Dominican Republic,1,Country,1,Dominican Red Cross,en,2022-09-26 06:46:02.561213+00:00,4,Cyclone,,en,2023-03-31T00:00:00Z,6177,3617,2026-04-08 14:30:37.800003+00:00,Dominican Republic - Hurricane Fiona,False,25000,2023-09-04 12:50:00+00:00,1,Americas,1,Americas,en,"Cuba, Haiti and Dominican Republic country cluster",2022-09-23T00:00:00Z,1,Closed
16797,134088.0,134088.0,0,DREF,MDRCG019,,DCG001,184,True,False,CG,COG,Congo,1,Country,0,Congolese Red Cross,en,2022-09-26 05:46:38.290489+00:00,5,Population Movement,,en,2023-01-31T00:00:00Z,6160,3616,2026-04-08 14:30:37.759578+00:00,Republic of Congo - Pop. Movement from DRC,False,30000,2023-07-21 14:29:05+00:00,0,Africa,0,Africa,en,"Country cluster for Democratic Republic of Congo, Republic of Congo, Burundi and Rwanda",2022-09-23T00:00:00Z,1,Closed
16790,172379.0,172379.0,0,DREF,MDRKM009,,DKM001,186,True,False,KM,COM,Comoros,1,Country,0,The Comoros Red Crescent,en,2022-09-21 16:45:44.465258+00:00,8,Volcanic Eruption,,en,2023-03-31T00:00:00Z,6958,3613,2026-04-08 14:30:37.633471+00:00,Comoros - Karthala Volcano Eruption Alert,False,293610,2023-10-13 15:26:05+00:00,0,Africa,0,Africa,en,"Country cluster for Madagascar, Comoro Islands, Mauritius and Seychelles",2022-09-21T00:00:00Z,1,Closed
16792,315906.0,315906.0,0,DREF,MDRBG003,,DBG001,37,True,False,BG,BGR,Bulgaria,1,Country,3,Bulgarian Red Cross,en,2022-09-21 16:45:44.497784+00:00,12,Flood,,en,2023-03-31T00:00:00Z,6154,3614,2026-04-08 14:30:37.676420+00:00,Bulgaria - Floods,False,5000,2023-08-15 15:08:05+00:00,3,Europe,3,Europe,en,"Cluster Delegation for Albania, Bosnia, Bulgaria, Croatia, Montenegro, North Macedonia and Serbia",2022-09-21T00:00:00Z,1,Closed
16788,843903.98,3500000.0,1,Emergency Appeal,MDRMW017,,DMW001,110,True,False,MW,MWI,Malawi,1,Country,0,Malawi Red Cross Society,en,2022-09-16 08:45:45.385474+00:00,1,Epidemic,,en,2023-09-30T00:00:00Z,5881,3612,2026-04-08 14:30:37.596025+00:00,Malawi - Cholera,False,2184590,2025-04-29 12:02:02+00:00,0,Africa,0,Africa,en,"Country cluster for Zimbabwe, Malawi and Zambia",2022-09-15T00:00:00Z,1,Closed
16781,382337.0,382337.0,0,DREF,MDRSL013,,DSL001,152,True,False,SL,SLE,Sierra Leone,1,Country,0,Sierra Leone Red Cross Society,en,2022-09-14 10:45:43.126832+00:00,12,Flood,,en,2023-02-28T00:00:00Z,6142,3611,2026-04-08 14:30:37.557736+00:00,Sierra Leone - Floods,False,11688,2025-05-19 09:36:00+00:00,0,Africa,0,Africa,en,"Country cluster for Sierra Leone, Liberia, Guinea and Guinea Bisau",2022-09-14T00:00:00Z,1,Closed
16779,497256.0,497256.0,0,DREF,MDRGN014,,DGN001,77,True,False,GN,GIN,Guinea,1,Country,0,Red Cross Society of Guinea,en,2022-09-14 08:45:59.209151+00:00,12,Flood,,en,2023-01-31T00:00:00Z,7297,3610,2026-04-08 14:30:37.517857+00:00,Guinea - Floods in Kankan,False,18844,2025-01-10 11:15:00+00:00,0,Africa,0,Africa,en,"Country cluster for Sierra Leone, Liberia, Guinea and Guinea Bisau",2022-09-14T00:00:00Z,1,Closed
16776,260658.0,260658.0,0,DREF,MDRZW018,,DZW001,13,True,False,ZW,ZWE,Zimbabwe,1,Country,0,Zimbabwe Red Cross Society,en,2022-09-12 14:45:46.821431+00:00,1,Epidemic,,en,2023-03-31T00:00:00Z,6013,3609,2026-04-08 14:30:37.476462+00:00,Zimbabwe - Measles,False,50400,2023-10-16 15:24:00+00:00,0,Africa,0,Africa,en,"Country cluster for Zimbabwe, Malawi and Zambia",2022-09-11T00:00:00Z,1,Closed
16772,298698.0,298698.0,0,DREF,MDRCD038,,DCD001,187,True,False,CD,COD,Democratic Republic of Congo,1,Country,0,Red Cross of the Democratic Republic of the Congo,en,2022-09-09 14:45:37.846875+00:00,1,Epidemic,,en,2023-01-31T00:00:00Z,6159,3608,2026-04-08 14:30:37.433296+00:00,DR Congo - EVD 15th Outbreak,False,579838,2023-07-21 14:31:03+00:00,0,Africa,0,Africa,en,"Country cluster for Democratic Republic of Congo, Republic of Congo, Burundi and Rwanda",2022-09-07T00:00:00Z,1,Closed
16765,159393.0,159393.0,0,DREF,MDRPG011,,DPG001,133,True,False,PG,PNG,Papua New Guinea,1,Country,2,Papua New Guinea Red Cross Society,en,2022-09-02 15:46:22.251051+00:00,7,Civil Unrest,,en,2023-03-31T00:00:00Z,6140,3606,2026-04-08 14:30:37.348172+00:00,Papua New Guinea - Civil Unrest,False,7500,2023-07-21 14:33:01+00:00,2,Asia Pacific,2,Asia Pacific,en,Papua New Guinea country office,2022-09-02T00:00:00Z,1,Closed
16763,62890.0,62890.0,3,Forecast Based Action,MDRML017,,DML001,112,True,False,ML,MLI,Mali,1,Country,0,Mali Red Cross,en,2022-09-02 15:46:22.186644+00:00,12,Flood,,en,2023-02-28T00:00:00Z,,3605,2026-04-08 14:30:37.308148+00:00,Mali - Floods,False,5000,2024-05-13 19:09:00+00:00,0,Africa,0,Africa,en,"Country cluster for Niger, Cote d'Ivoire, Burkina Faso and Mali",2022-09-02T00:00:00Z,1,Closed
16767,369864.0,369864.0,0,DREF,MDRDZ008,,DDZ001,16,True,False,DZ,DZA,Algeria,1,Country,4,Algerian Red Crescent,en,2022-09-05 08:46:02.413177+00:00,15,Fire,,en,2023-01-31T00:00:00Z,6136,3607,2026-04-08 14:30:37.393617+00:00,Algeria - Forest Wildfires,False,6000,2023-12-13 14:13:01+00:00,4,Middle East & North Africa,4,Middle East & North Africa,en,Tunis country cluster,2022-09-02T00:00:00Z,1,Closed
16761,368170.0,368170.0,0,DREF,MDRSN019,,DSN001,150,True,False,SN,SEN,Senegal,1,Country,0,Senegalese Red Cross Society,en,2022-09-02 09:45:43.455956+00:00,12,Flood,,en,2023-03-31T00:00:00Z,6123,3604,2026-04-08 14:30:37.268215+00:00,"Senegal - Floods in Dakar, Matam, Thies",False,7823,2023-11-23 07:03:05+00:00,0,Africa,0,Africa,en,"Country cluster for Senegal, Cape Verde, Gambia and Mauritania",2022-09-01T00:00:00Z,1,Closed
16757,83982.0,83982.0,3,Forecast Based Action,MDRNE027,,DNE001,127,True,False,NE,NER,Niger,1,Country,0,Red Cross Society of Niger,en,2022-08-31 12:45:40.974223+00:00,12,Flood,,en,2022-11-30T00:00:00Z,,3603,2026-04-08 14:30:37.221263+00:00,Niger - Floods,False,21000,2023-01-30 09:35:05+00:00,0,Africa,0,Africa,en,"Country cluster for Niger, Cote d'Ivoire, Burkina Faso and Mali",2022-08-31T00:00:00Z,1,Closed
16755,183766.0,183766.0,0,DREF,MDRAM009,,DAM001,21,True,False,AM,ARM,Armenia,1,Country,3,Armenian Red Cross Society,en,2022-08-30 15:45:55.349973+00:00,13,Other,,en,2022-11-30T00:00:00Z,6127,3602,2026-04-08 14:30:37.178589+00:00,Armenia - Massive Explosion in Yerevan,False,4800,2023-04-19 10:02:03+00:00,3,Europe,3,Europe,en,Southern Caucasus country cluster,2022-08-30T00:00:00Z,1,Closed
16752,468900.0,468900.0,0,DREF,MDRLA008,,DLA001,99,True,False,LA,LAO,Lao People's Democratic Republic,1,Country,2,Lao Red Cross,en,2022-08-24 13:45:56.286036+00:00,12,Flood,,en,2023-02-28T00:00:00Z,6130,3601,2026-04-08 14:30:37.133915+00:00,Laos - Floods,False,21390,2023-06-15 18:06:02+00:00,2,Asia Pacific,2,Asia Pacific,en,Bangkok country cluster,2022-08-24T00:00:00Z,1,Closed
16750,96180.0,96180.0,0,DREF,MDRSL012,,DSL001,152,True,False,SL,SLE,Sierra Leone,1,Country,0,Sierra Leone Red Cross Society,en,2022-08-24 06:45:39.752927+00:00,7,Civil Unrest,,en,2022-12-31T00:00:00Z,6183,3600,2026-04-08 14:30:37.088313+00:00,Sierra Leone - Civil Unrest,False,1500,2024-01-08 13:30:00+00:00,0,Africa,0,Africa,en,"Country cluster for Sierra Leone, Liberia, Guinea and Guinea Bisau",2022-08-23T00:00:00Z,1,Closed
16747,301525.0,301525.0,0,DREF,MDRMR014,,DMR001,114,True,False,MR,MRT,Mauritania,1,Country,0,Mauritanian Red Crescent,en,2022-08-19 15:45:41.432998+00:00,12,Flood,,en,2023-02-28T00:00:00Z,6097,3599,2026-04-08 14:30:37.045127+00:00,Mauritania - Floods,False,3600,2024-05-21 14:48:03+00:00,0,Africa,0,Africa,en,"Country cluster for Senegal, Cape Verde, Gambia and Mauritania",2022-08-19T00:00:00Z,1,Closed
16745,713856.05,3000000.0,1,Emergency Appeal,MDRTD021,,DTD001,45,True,False,TD,TCD,Chad,1,Country,0,Red Cross of Chad,en,2022-08-18 07:45:39.843348+00:00,12,Flood,,en,2023-12-31T00:00:00Z,6118,3598,2026-04-30 07:30:17.970512+00:00,Chad - Floods,False,239054,2023-11-03 13:58:00+00:00,0,Africa,0,Africa,en,Country cluster for Central African Republic and Chad,2022-08-18T00:00:00Z,0,Active
16743,499554.0,499554.0,0,DREF,MDRLK015,,DLK001,160,True,False,LK,LKA,Sri Lanka,1,Country,2,Sri Lanka Red Cross Society,en,2022-08-18 07:45:39.813792+00:00,12,Flood,,en,2023-03-31T00:00:00Z,6108,3597,2026-04-08 14:30:36.961039+00:00,Sri Lanka - Extreme Weather,False,50000,2023-08-18 08:57:04+00:00,2,Asia Pacific,2,Asia Pacific,en,New Delhi country cluster,2022-08-17T00:00:00Z,1,Closed
16737,371495.0,371495.0,0,DREF,MDRUG046,,DUG001,176,True,False,UG,UGA,Uganda,1,Country,0,Uganda Red Cross Society,en,2022-08-15 13:45:41.945183+00:00,27,Pluvial/Flash Flood,,en,2022-12-31T00:00:00Z,6141,3596,2026-04-08 14:30:36.916973+00:00,Uganda - Flash Floods and Landslides,False,9281,2023-07-21 14:32:03+00:00,0,Africa,0,Africa,en,"Country cluster for South Sudan, Tanzania and Uganda",2022-08-15T00:00:00Z,1,Closed
16735,498319.0,498319.0,0,DREF,MDRIR011,,DIR001,203,True,False,IR,IRN,"Iran, Islamic Republic of",1,Country,4,Red Crescent Society of the Islamic Republic of Iran,en,2022-08-11 15:45:36.734010+00:00,12,Flood,,en,2023-02-28T00:00:00Z,6095,3595,2026-04-08 14:30:36.875564+00:00,Iran - Central/Southern Floods,False,15000,2024-01-08 13:27:03+00:00,4,Middle East & North Africa,4,Middle East & North Africa,en,Iran country office,2022-08-11T00:00:00Z,1,Closed
16733,261153.0,261153.0,0,DREF,MDRMN016,,DMN001,194,True,False,MN,MNG,Mongolia,1,Country,2,Mongolian Red Cross Society,en,2022-08-08 09:45:40.139180+00:00,27,Pluvial/Flash Flood,,en,2022-11-30T00:00:00Z,6106,3594,2026-04-08 14:30:36.832119+00:00,Mongolia - Flash Floods,False,2880,2023-03-21 13:44:05+00:00,2,Asia Pacific,2,Asia Pacific,en,Beijing country cluster,2022-08-08T00:00:00Z,1,Closed
16731,342274.0,342274.0,0,DREF,MDRGM016,,DGM001,70,True,False,GM,GMB,"Gambia, Republic of The",1,Country,0,Gambia Red Cross Society,en,2022-08-08 08:46:01.401810+00:00,27,Pluvial/Flash Flood,,en,2022-12-31T00:00:00Z,6959,3593,2026-04-08 14:30:36.779080+00:00,Gambia - Flash Floods,False,7021,2023-11-23 07:06:03+00:00,0,Africa,0,Africa,en,"Country cluster for Senegal, Cape Verde, Gambia and Mauritania",2022-08-05T00:00:00Z,1,Closed
16725,241921.0,241921.0,0,DREF,MDRPH047,,DPH001,136,True,False,PH,PHL,Philippines,1,Country,2,Philippine Red Cross,en,2022-08-02 08:45:47.181210+00:00,2,Earthquake,,en,2022-12-31T00:00:00Z,6091,3592,2026-04-08 14:30:36.735271+00:00,Philippines - Tayum Abra Earthquake,False,10000,2023-04-19 12:31:00+00:00,2,Asia Pacific,2,Asia Pacific,en,Philippines country office,2022-08-02T00:00:00Z,1,Closed
16723,181037.0,181037.0,0,DREF,MDRGR004,,DGR001,74,True,False,GR,GRC,Greece,1,Country,3,Hellenic Red Cross,en,2022-08-01 08:45:38.423577+00:00,15,Fire,,en,2023-01-31T00:00:00Z,6077,3591,2026-04-08 14:30:36.691870+00:00,Greece - Wildfires,False,3500,2023-08-15 15:16:02+00:00,3,Europe,3,Europe,en,Europe Other,2022-07-30T00:00:00Z,1,Closed
16719,1339483.11,18000000.0,1,Emergency Appeal,MDR43008,,DHN001,81,True,False,HN,HND,Honduras,1,Country,1,Honduran Red Cross,en,2022-07-30 06:45:40.708374+00:00,5,Population Movement,,en,2023-12-31T00:00:00Z,6010,3589,2026-04-08 14:30:36.611144+00:00,Central America & Mexico - Migration Crisis,False,210000,2025-03-10 07:00:02+00:00,1,Americas,1,Americas,en,Americas Regional Office,2022-07-29T00:00:00Z,1,Closed
16721,749840.0,749840.0,0,DREF,MDRYE011,,DYE001,10,True,False,YE,YEM,Yemen,1,Country,4,Yemen Red Crescent Society,en,2022-08-01 07:45:40.657328+00:00,12,Flood,,en,2023-01-31T00:00:00Z,6089,3590,2026-04-08 14:30:36.648958+00:00,Yemen - Floods,False,31815,2023-06-15 18:07:04+00:00,4,Middle East & North Africa,4,Middle East & North Africa,en,Yemen country office,2022-07-29T00:00:00Z,1,Closed
16717,2646317.24,11000000.0,1,Emergency Appeal,MDRNG034,,DNG001,128,True,False,NG,NGA,Nigeria,1,Country,0,Nigerian Red Cross Society,en,2022-07-29 07:45:41.064530+00:00,12,Flood,,en,2023-12-31T00:00:00Z,6234,3588,2026-04-08 14:30:36.576265+00:00,Nigeria - Floods,False,500000,2026-02-05 16:23:03+00:00,0,Africa,0,Africa,en,"Country cluster for Nigeria, Benin, Ghana and Togo",2022-07-28T00:00:00Z,1,Closed
16712,75695.0,75695.0,0,DREF,MDRPA016,,DPA001,132,True,False,PA,PAN,Panama,1,Country,1,Red Cross Society of Panama,en,2022-07-25 08:45:46.931149+00:00,7,Civil Unrest,,en,2022-10-31T00:00:00Z,6067,3587,2026-04-08 14:30:36.530846+00:00,Panama - Civil Unrest,False,2100,2023-03-21 13:43:05+00:00,1,Americas,1,Americas,en,Americas Regional Office,2022-07-24T00:00:00Z,1,Closed
16710,23540757.549999997,40000000.0,1,Emergency Appeal,MDRPK023,,DPK001,131,True,False,PK,PAK,Pakistan,1,Country,2,Pakistan Red Crescent,en,2022-07-25 05:45:42.112647+00:00,27,Pluvial/Flash Flood,,en,2024-12-31T00:00:00Z,6061,3586,2026-04-30 07:30:17.931543+00:00,Pakistan - Monsoon Floods,False,1000000,2024-01-17 07:39:04+00:00,2,Asia Pacific,2,Asia Pacific,en,Pakistan country office,2022-07-23T00:00:00Z,0,Active
16706,499956.0,499956.0,0,DREF,MDRCO021,,DCO001,48,True,False,CO,COL,Colombia,1,Country,1,Colombian Red Cross Society,en,2022-07-19 08:45:44.272354+00:00,12,Flood,,en,2023-01-31T00:00:00Z,6062,3584,2026-04-08 14:30:36.410844+00:00,Colombia - Floods,False,21940,2023-09-29 17:05:02+00:00,1,Americas,1,Americas,en,South America country cluster,2022-07-19T00:00:00Z,1,Closed
16704,749984.0,749984.0,0,DREF,MDRAF011,,DAF001,14,True,False,AF,AFG,Afghanistan,1,Country,2,Afghan Red Crescent,en,2022-07-18 09:45:48.325421+00:00,12,Flood,,en,2023-01-31T00:00:00Z,6075,3583,2026-04-08 14:30:36.362126+00:00,Afghanistan - 2022 July Floods,False,52185,2023-06-15 18:05:03+00:00,2,Asia Pacific,2,Asia Pacific,en,Afghanistan country office,2022-07-18T00:00:00Z,1,Closed
16708,207757.0,207757.0,0,DREF,MDRKG014,,DKG001,98,True,False,KG,KGZ,Kyrgyzstan,1,Country,3,Red Crescent Society of Kyrgyzstan,en,2022-07-19 09:45:42.380757+00:00,19,Heat Wave,,en,2022-10-31T00:00:00Z,6082,3585,2026-04-08 14:30:36.451061+00:00,Kyrgyzstan - Heat wave,False,0,2023-10-16 12:06:05+00:00,3,Europe,3,Europe,en,Central Asia country cluster,2022-07-18T00:00:00Z,1,Closed
16702,372747.0,372747.0,0,DREF,MDRID024,,DID001,85,True,False,ID,IDN,Indonesia,1,Country,2,Indonesian Red Cross Society,en,2022-07-11 15:45:41.848508+00:00,1,Epidemic,,en,2023-01-31T00:00:00Z,6063,3582,2026-04-08 14:30:36.318852+00:00,Indonesia - Foot and Mouth Disease Outbreak,False,18000,2023-06-15 18:05:05+00:00,2,Asia Pacific,2,Asia Pacific,en,Indonesia country cluster,2022-07-11T00:00:00Z,1,Closed
16700,392514.0,392514.0,0,DREF,MDRIR010,,DIR001,203,True,False,IR,IRN,"Iran, Islamic Republic of",1,Country,4,Red Crescent Society of the Islamic Republic of Iran,en,2022-07-11 14:45:51.059883+00:00,2,Earthquake,,en,2022-12-31T00:00:00Z,6053,3581,2026-04-08 14:30:36.278178+00:00,Iran - Hormozgan Earthquake 2022,False,10848,2024-01-08 13:27:05+00:00,4,Middle East & North Africa,4,Middle East & North Africa,en,Iran country office,2022-07-11T00:00:00Z,1,Closed
16689,357773.0,357773.0,0,DREF,MDRGE016,,DGE001,71,True,False,GE,GEO,Georgia,1,Country,3,Red Cross Society of Georgia,en,2022-07-08 15:45:46.751728+00:00,12,Flood,,en,2022-10-31T00:00:00Z,6038,3578,2026-04-08 14:30:36.143895+00:00,Georgia - Floods,False,3570,2023-06-15 18:07:01+00:00,3,Europe,3,Europe,en,Southern Caucasus country cluster,2022-07-08T00:00:00Z,1,Closed
16698,94387.0,94387.0,0,DREF,MDRNP012,,DNP001,123,True,False,NP,NPL,Nepal,1,Country,2,Nepal Red Cross Society,en,2022-07-11 08:45:45.910785+00:00,13,Other,,en,2022-10-31T00:00:00Z,6078,3580,2026-04-08 14:30:36.233337+00:00,Nepal - Acute Watery Diarrhea,False,30000,2023-02-09 19:36:01+00:00,2,Asia Pacific,2,Asia Pacific,en,Nepal country office,2022-07-08T00:00:00Z,1,Closed
16691,621547.0,621547.0,0,DREF,MDRIN027,,DIN001,84,True,False,IN,IND,India,1,Country,2,Indian Red Cross Society,en,2022-07-08 15:45:46.782241+00:00,12,Flood,,en,2023-01-31T00:00:00Z,6079,3579,2026-04-08 14:30:36.188682+00:00,India - Assam Floods,False,50000,2023-05-01 11:59:00+00:00,2,Asia Pacific,2,Asia Pacific,en,New Delhi country cluster,2022-07-07T00:00:00Z,1,Closed
16687,273815.0,273815.0,0,DREF,MDRCD037,,DCD001,187,True,False,CD,COD,Democratic Republic of Congo,1,Country,0,Red Cross of the Democratic Republic of the Congo,en,2022-07-07 12:45:54.194449+00:00,21,Food Insecurity,,en,2022-11-30T00:00:00Z,6068,3577,2022-10-06 09:47:03.283790+00:00,DR Congo - Hunger Crisis,False,6000,2022-07-07 13:55:05+00:00,0,Africa,0,Africa,en,"Country cluster for Democratic Republic of Congo, Republic of Congo, Burundi and Rwanda",2022-07-07T00:00:00Z,0,Active
16683,362606.0,362606.0,0,DREF,MDRIQ015,,DIQ001,87,True,False,IQ,IRQ,Iraq,1,Country,4,Iraqi Red Crescent Society,en,2022-07-06 09:45:43.020037+00:00,1,Epidemic,,en,2023-02-28T00:00:00Z,6037,3576,2026-04-08 14:30:36.102897+00:00,Iraq - Cholera Outbreak,False,18000,2023-12-14 06:23:02+00:00,4,Middle East & North Africa,4,Middle East & North Africa,en,Iraq country office,2022-07-06T00:00:00Z,1,Closed
16681,152667.0,152667.0,0,DREF,MDRCI015,,DCI001,182,True,False,CI,CIV,Côte d'Ivoire,1,Country,0,Red Cross Society of Côte d'Ivoire,en,2022-07-04 14:45:38.423254+00:00,12,Flood,,en,2022-12-31T00:00:00Z,6033,3575,2026-04-08 14:30:36.059591+00:00,Côte d'Ivoire - Floods,False,4686,2023-10-16 12:08:01+00:00,0,Africa,0,Africa,en,"Country cluster for Niger, Cote d'Ivoire, Burkina Faso and Mali",2022-07-04T00:00:00Z,1,Closed
16679,173415.0,173415.0,0,DREF,MDREC020,,DEC001,60,True,False,EC,ECU,Ecuador,1,Country,1,Ecuadorian Red Cross,en,2022-07-04 07:45:43.242771+00:00,7,Civil Unrest,,en,2022-11-30T00:00:00Z,6018,3574,2026-04-08 14:30:36.016923+00:00,Ecuador - Civil Unrest,False,1731,2023-03-27 13:58:04+00:00,1,Americas,1,Americas,en,South America country cluster,2022-07-02T00:00:00Z,1,Closed
16677,315798.0,315798.0,0,DREF,MDRMR013,,DMR001,114,True,False,MR,MRT,Mauritania,1,Country,0,Mauritanian Red Crescent,en,2022-07-01 13:45:40.668882+00:00,21,Food Insecurity,,en,2025-04-30T00:00:00Z,6057,3573,2026-04-08 14:30:35.980156+00:00,Mauritania - Hunger Crisis,False,5740,2025-09-15 13:12:03+00:00,0,Africa,0,Africa,en,"Country cluster for Senegal, Cape Verde, Gambia and Mauritania",2022-07-01T00:00:00Z,1,Closed
16674,496931.0,496931.0,0,DREF,MDRDJ005,,DDJ001,57,True,False,DJ,DJI,Djibouti,1,Country,0,Red Crescent Society of Djibouti,en,2022-06-29 16:46:13.971072+00:00,21,Food Insecurity,,en,2023-06-30T00:00:00Z,6056,3572,2023-08-10 07:23:15.230880+00:00,Djibouti - Hunger Crisis,False,30000,2023-03-14 14:32:03+00:00,0,Africa,0,Africa,en,Country cluster for Ethiopia and Djibouti,2022-06-29T00:00:00Z,0,Active
16672,180953.0,180953.0,0,DREF,MDRML016,,DML001,112,True,False,ML,MLI,Mali,1,Country,0,Mali Red Cross,en,2022-06-28 09:45:42.681365+00:00,21,Food Insecurity,,en,2022-09-30T00:00:00Z,6058,3571,2022-10-11 11:42:30.902594+00:00,Mali - Hunger Crisis,False,4800,2022-06-28 11:11:02+00:00,0,Africa,0,Africa,en,"Country cluster for Niger, Cote d'Ivoire, Burkina Faso and Mali",2022-06-27T00:00:00Z,0,Active
17584,383103.0,383103.0,0,DREF,MDRCR022,,DCR001,51,True,False,CR,CRI,Costa Rica,1,Country,1,Costa Rican Red Cross,en,2022-12-27 11:45:47.589152+00:00,8,Volcanic Eruption,,en,2027-06-30T00:00:00Z,,3666,2026-04-30 07:30:18.679839+00:00,Costa Rica - Volcanic Ash (EAP2022CR01),False,10000,2023-01-03 10:43:05+00:00,1,Americas,1,Americas,en,Central America country cluster,2022-06-21T00:00:00Z,0,Active
16661,493487.0,493487.0,0,DREF,MDRVE006,,DVE001,8,True,False,VE,VEN,Venezuela,1,Country,1,Venezuelan Red Cross,en,2022-06-22 12:45:38.536725+00:00,12,Flood,,en,2022-12-31T00:00:00Z,5940,3570,2026-04-08 14:30:35.933387+00:00,Venezuela - Floods,False,7135,2023-04-19 10:07:03+00:00,1,Americas,1,Americas,en,Venezuela Country Office,2022-06-21T00:00:00Z,1,Closed
16656,176950.0,176950.0,0,DREF,MDRNI012,,DNI001,126,True,False,NI,NIC,Nicaragua,1,Country,1,Nicaraguan Red Cross,en,2022-06-13 15:45:43.309571+00:00,4,Cyclone,,en,2022-12-31T00:00:00Z,6021,3569,2026-04-08 14:30:35.883357+00:00,Nicaragua - Prep. actions for Tropical Cyclones,False,1000,2023-04-19 10:05:01+00:00,1,Americas,1,Americas,en,Central America country cluster,2022-06-13T00:00:00Z,1,Closed
16652,143150.0,143150.0,0,DREF,MDRCO020,,DCO001,48,True,False,CO,COL,Colombia,1,Country,1,Colombian Red Cross Society,en,2022-06-07 06:45:43.763919+00:00,7,Civil Unrest,,en,2022-09-30T00:00:00Z,6006,3568,2026-04-08 14:30:35.840559+00:00,Colombia - Election Preparedness,False,1250,2023-05-01 11:58:03+00:00,1,Americas,1,Americas,en,South America country cluster,2022-06-03T00:00:00Z,1,Closed
16649,46417.0,46417.0,0,DREF,MDRCU007,,DCU001,54,True,False,CU,CUB,Cuba,1,Country,1,Cuban Red Cross,en,2022-06-02 08:45:47.482801+00:00,5,Population Movement,,en,2022-07-31T00:00:00Z,5999,3567,2026-04-08 14:30:35.796144+00:00,Cuba - Population Movement,False,660,2023-01-30 09:33:00+00:00,1,Americas,1,Americas,en,"Cuba, Haiti and Dominican Republic country cluster",2022-06-01T00:00:00Z,1,Closed
16645,245138.0,245138.0,0,DREF,MDRBF017,,DBF001,181,True,False,BF,BFA,Burkina Faso,1,Country,0,Burkinabe Red Cross Society,en,2022-05-27 10:45:47.754126+00:00,21,Food Insecurity,,en,2022-09-30T00:00:00Z,5943,3566,2022-10-06 09:47:21.775553+00:00,Burkina Faso - Acute Food insecurity,False,4200,2022-09-09 09:57:01+00:00,0,Africa,0,Africa,en,"Country cluster for Niger, Cote d'Ivoire, Burkina Faso and Mali",2022-05-26T00:00:00Z,0,Active
16642,2192888.51,7500000.0,1,Emergency Appeal,MDRBD028,,DBD001,27,True,False,BD,BGD,Bangladesh,1,Country,2,Bangladesh Red Crescent Society,en,2022-05-25 15:45:46.634328+00:00,27,Pluvial/Flash Flood,,en,2023-06-30T00:00:00Z,5983,3565,2026-04-08 14:30:35.760163+00:00,Bangladesh - Flash Flood,False,300000,2023-12-12 11:00:03+00:00,2,Asia Pacific,2,Asia Pacific,en,Bangladesh country office,2022-05-25T00:00:00Z,1,Closed
16640,279229.0,279229.0,0,DREF,MDRSO014,,DSO001,157,True,False,SO,SOM,Somalia,1,Country,0,Somali Red Crescent Society,en,2022-05-20 13:45:39.853960+00:00,23,Storm Surge,,en,2022-08-31T00:00:00Z,6512,3564,2026-04-08 14:30:35.717810+00:00,Somalia - Rain and Windstorms,False,3000,2023-03-21 09:50:03+00:00,0,Africa,0,Africa,en,Africa Regional Office and Country cluster for Kenya and Somalia,2022-05-20T00:00:00Z,1,Closed
16637,78545.0,78545.0,0,DREF,MDRTZ031,,DTZ001,189,True,False,TZ,TZA,"Tanzania, United Republic of",1,Country,0,Tanzania Red Cross National Society,en,2022-05-19 07:45:40.551519+00:00,1,Epidemic,,en,2022-07-31T00:00:00Z,5870,3563,2026-04-08 14:30:35.670649+00:00,Tanzania - Cholera Outbreak,False,38468,2023-01-26 17:02:00+00:00,0,Africa,0,Africa,en,"Country cluster for South Sudan, Tanzania and Uganda",2022-05-18T00:00:00Z,1,Closed
16548,264498.0,264498.0,0,DREF,MDRKE051,,DKE001,93,True,False,KE,KEN,Kenya,1,Country,0,Kenya Red Cross Society,en,2022-05-12 14:45:48.331718+00:00,7,Civil Unrest,,en,2022-09-30T00:00:00Z,5990,3562,2026-04-08 14:30:35.629964+00:00,Kenya - Anticip. Actions towards General Elections,False,25000,2023-02-09 19:35:03+00:00,0,Africa,0,Africa,en,Africa Regional Office and Country cluster for Kenya and Somalia,2022-05-12T00:00:00Z,1,Closed
16542,195100.0,195100.0,0,DREF,MDRLR006,,DLR001,103,True,False,LR,LBR,Liberia,1,Country,0,Liberian Red Cross Society,en,2022-05-09 08:45:43.763433+00:00,1,Epidemic,,en,2022-10-31T00:00:00Z,5927,3561,2026-04-08 14:30:35.580337+00:00,Liberia - Measles Outbreak,False,305000,2023-04-19 10:06:05+00:00,0,Africa,0,Africa,en,"Country cluster for Sierra Leone, Liberia, Guinea and Guinea Bisau",2022-05-07T00:00:00Z,1,Closed
16539,250057.0,250057.0,0,DREF,MDRLB011,,DLB001,101,True,False,LB,LBN,Lebanon,1,Country,4,Lebanese Red Cross,en,2022-05-05 14:45:49.663593+00:00,7,Civil Unrest,,en,2022-07-31T00:00:00Z,5991,3560,2026-04-08 14:30:35.536506+00:00,Lebanon - Elections Preparedness,False,4330,2023-01-03 10:44:05+00:00,4,Middle East & North Africa,4,Middle East & North Africa,en,Middle East and North Africa Regional Office,2022-05-05T00:00:00Z,1,Closed
16534,975210.0,487605.0,0,DREF,MDRCD036,,DCD001,187,True,False,CD,COD,Democratic Republic of Congo,1,Country,0,Red Cross of the Democratic Republic of the Congo,en,2022-04-29 07:45:46.058822+00:00,1,Epidemic,,en,2022-09-30T00:00:00Z,5930,3559,2026-04-08 14:30:35.498083+00:00,DR Congo - EVD 14th Outbreak,False,489542,2023-12-27 09:16:05+00:00,0,Africa,0,Africa,en,"Country cluster for Democratic Republic of Congo, Republic of Congo, Burundi and Rwanda",2022-04-28T00:00:00Z,1,Closed
16527,312460.0,312460.0,0,DREF,MDRCD035,,DCD001,187,True,False,CD,COD,Democratic Republic of Congo,1,Country,0,Red Cross of the Democratic Republic of the Congo,en,2022-04-22 13:45:59.875296+00:00,1,Epidemic,,en,2022-10-31T00:00:00Z,5907,3557,2026-04-08 14:30:35.414059+00:00,DR Congo - Plague Outbreak Ituri,False,241162,2024-02-09 09:40:03+00:00,0,Africa,0,Africa,en,"Country cluster for Democratic Republic of Congo, Republic of Congo, Burundi and Rwanda",2022-04-22T00:00:00Z,1,Closed
16529,94808.0,94808.0,0,DREF,MDRZM016,,DZM001,12,True,False,ZM,ZMB,Zambia,1,Country,0,Zambia Red Cross Society,en,2022-04-22 17:45:46.462974+00:00,1,Epidemic,,en,2022-08-31T00:00:00Z,5910,3558,2026-04-08 14:30:35.454772+00:00,Zambia - Cholera Outbreak in Lusaka,False,95518,2023-04-19 08:38:04+00:00,0,Africa,0,Africa,en,"Country cluster for Zimbabwe, Malawi and Zambia",2022-04-22T00:00:00Z,1,Closed
16523,1174734.81,8000000.0,1,Emergency Appeal,MDRZA012,,DZA001,158,True,False,ZA,ZAF,South Africa,1,Country,0,The South African Red Cross Society,en,2022-04-19 16:46:01.153245+00:00,12,Flood,,en,2024-03-31T00:00:00Z,5913,3555,2026-04-30 07:30:17.871605+00:00,South Africa - Floods and Landslides,False,30000,2024-02-12 10:50:04+00:00,0,Africa,0,Africa,en,"Country cluster for South Africa, Botswana, Lesotho, Namibia and Kingdom of Eswatini",2022-04-19T00:00:00Z,0,Active
16515,5251820.419999999,28000000.0,1,Emergency Appeal,MDRLK014,,DLK001,160,True,False,LK,LKA,Sri Lanka,1,Country,2,Sri Lanka Red Cross Society,en,2022-04-19 07:45:37.990703+00:00,7,Civil Unrest,,en,2023-12-31T00:00:00Z,5919,3552,2026-04-08 14:30:35.258337+00:00,Sri Lanka - Complex Emergency,False,500000,2026-02-06 12:49:02+00:00,2,Asia Pacific,2,Asia Pacific,en,New Delhi country cluster,2022-04-16T00:00:00Z,1,Closed
16520,327188.0,327188.0,0,DREF,MDRCV003,,DCV001,43,True,False,CV,CPV,Cabo Verde,1,Country,0,Red Cross of Cape Verde,en,2022-04-19 10:45:43.195371+00:00,20,Drought,,en,2022-12-31T00:00:00Z,5855,3554,2026-04-08 14:30:35.338727+00:00,Cape Verde - Drought,False,6026,2025-03-10 06:47:03+00:00,0,Africa,0,Africa,en,"Country cluster for Senegal, Cape Verde, Gambia and Mauritania",2022-04-16T00:00:00Z,1,Closed
16517,239285.0,239285.0,0,DREF,MDRPH046,,DPH001,136,True,False,PH,PHL,Philippines,1,Country,2,Philippine Red Cross,en,2022-04-19 07:45:38.019565+00:00,13,Other,,en,2022-10-31T00:00:00Z,5920,3553,2026-04-08 14:30:35.294608+00:00,Philippines - Tropical Storm Agaton,False,20000,2023-02-09 19:34:01+00:00,2,Asia Pacific,2,Asia Pacific,en,Philippines country office,2022-04-16T00:00:00Z,1,Closed
16510,401991.67999999993,3000000.0,1,Emergency Appeal,MDRUG045,,DUG001,176,True,False,UG,UGA,Uganda,1,Country,0,Uganda Red Cross Society,en,2022-04-12 15:45:47.434653+00:00,5,Population Movement,,en,2023-06-30T00:00:00Z,5906,3551,2026-04-30 07:30:17.830958+00:00,Uganda - Population Movement from DRC,False,50000,2023-01-03 10:46:05+00:00,0,Africa,0,Africa,en,"Country cluster for South Sudan, Tanzania and Uganda",2022-04-12T00:00:00Z,0,Active
16508,167716.0,167716.0,0,DREF,MDREC019,,DEC001,60,True,False,EC,ECU,Ecuador,1,Country,1,Ecuadorian Red Cross,en,2022-04-08 13:47:19.947583+00:00,2,Earthquake,,en,2022-07-31T00:00:00Z,5894,3550,2026-04-08 14:30:35.178130+00:00,Ecuador - Esmeralda Earthquake 6.0,False,2500,2023-04-19 12:31:03+00:00,1,Americas,1,Americas,en,South America country cluster,2022-04-07T00:00:00Z,1,Closed
16506,252720.0,252720.0,0,DREF,MDRSO013,,DSO001,157,True,False,SO,SOM,Somalia,1,Country,0,Somali Red Crescent Society,en,2022-04-06 12:46:47.834333+00:00,15,Fire,,en,2022-08-31T00:00:00Z,5903,3549,2026-04-08 14:30:35.128926+00:00,Somalia - Urban fire incident,False,3000,2023-02-09 19:35:00+00:00,0,Africa,0,Africa,en,Africa Regional Office and Country cluster for Kenya and Somalia,2022-04-06T00:00:00Z,1,Closed
16500,195854.0,195854.0,0,DREF,MDRTN011,,DTN001,173,True,False,TN,TUN,Tunisia,1,Country,4,Tunisian Red Crescent,en,2022-04-04 06:46:23.692915+00:00,27,Pluvial/Flash Flood,,en,2022-08-31T00:00:00Z,5886,3548,2026-04-08 14:30:35.083248+00:00,Tunisia - Flash Floods,False,2000,2023-04-19 10:08:02+00:00,4,Middle East & North Africa,4,Middle East & North Africa,en,Tunis country cluster,2022-04-01T00:00:00Z,1,Closed
16486,212853.0,212853.0,0,DREF,MDRKE050,,DKE001,93,True,False,KE,KEN,Kenya,1,Country,0,Kenya Red Cross Society,en,2022-03-21 11:46:56.949388+00:00,1,Epidemic,,en,2022-08-31T00:00:00Z,5911,3547,2026-04-08 14:30:35.032577+00:00,Kenya - Vector borne diseases outbreak,False,450000,2023-03-21 09:49:05+00:00,0,Africa,0,Africa,en,Africa Regional Office and Country cluster for Kenya and Somalia,2022-03-18T00:00:00Z,1,Closed
16481,253483.0,253483.0,0,DREF,MDRCF028,,DCM001,41,True,False,CM,CMR,Cameroon,1,Country,0,Cameroon Red Cross Society,en,2022-03-09 09:46:14.242865+00:00,15,Fire,,en,2022-08-31T00:00:00Z,5891,3546,2026-04-08 14:30:34.989331+00:00,Central African Rep - Fires & Strong winds Bakala,False,6000,2023-10-16 15:20:05+00:00,0,Africa,0,Africa,en,Country cluster for Central African Republic and Chad,2022-03-08T00:00:00Z,1,Closed
16479,300080.0,300080.0,0,DREF,MDRMW016,,DMW001,110,True,False,MW,MWI,Malawi,1,Country,0,Malawi Red Cross Society,en,2022-03-07 10:46:42.719956+00:00,1,Epidemic,,en,2022-09-30T00:00:00Z,5842,3545,2026-04-08 14:30:34.948613+00:00,Malawi - Polio,False,61515,2023-04-19 08:25:00+00:00,0,Africa,0,Africa,en,"Country cluster for Zimbabwe, Malawi and Zambia",2022-03-05T00:00:00Z,1,Closed
16477,46609.0,46609.0,0,DREF,MDRSD031,,DSD001,161,True,False,SD,SDN,Sudan,1,Country,0,Sudanese Red Crescent,en,2022-03-04 12:46:20.046818+00:00,1,Epidemic,,en,2022-06-30T00:00:00Z,5857,3544,2026-04-08 14:30:34.903035+00:00,Sudan - Kala-Azar emergency cases increase 2022,False,118963,2023-01-03 10:46:01+00:00,0,Africa,0,Africa,en,Country cluster for Sudan and Eritrea,2022-03-04T00:00:00Z,1,Closed
16475,374068.85,9000000.0,1,Emergency Appeal,MDRIR009,,DIR001,203,True,False,IR,IRN,"Iran, Islamic Republic of",1,Country,4,Red Crescent Society of the Islamic Republic of Iran,en,2022-03-03 08:46:36.275602+00:00,20,Drought,,en,2023-09-30T00:00:00Z,5869,3543,2026-04-08 14:30:34.864054+00:00,Iran - Drought,False,800000,2025-11-04 09:20:01+00:00,4,Middle East & North Africa,4,Middle East & North Africa,en,Iran country office,2022-03-03T00:00:00Z,1,Closed
16450,221332.0,221332.0,0,DREF,MDRMH002,,DMH001,212,True,False,MH,MHL,Marshall Islands,1,Country,2,Marshall Islands Red Cross Society,en,2022-02-28 07:46:09.368563+00:00,20,Drought,,en,2022-09-30T00:00:00Z,5856,3530,2026-04-08 14:30:34.782009+00:00,Marshall Islands - Drought Response,False,4480,2023-06-15 18:25:05+00:00,2,Asia Pacific,2,Asia Pacific,en,Suva country cluster,2022-02-27T00:00:00Z,1,Closed
16448,104594.0,104594.0,0,DREF,MDRAR018,,DAR001,20,True,False,AR,ARG,Argentina,1,Country,1,Argentine Red Cross,en,2022-02-28 07:46:09.424516+00:00,15,Fire,,en,2022-05-31T00:00:00Z,5843,3532,2026-04-08 14:30:34.735708+00:00,Argentina - Fire,False,1130,2023-01-03 10:43:01+00:00,1,Americas,1,Americas,en,Southern Cone country cluster,2022-02-27T00:00:00Z,1,Closed
17586,261603.0,261603.0,0,DREF,MDRTJ034,,DTJ001,167,True,False,TJ,TJK,Tajikistan,1,Country,3,Red Crescent Society of Tajikistan,en,2022-12-27 12:45:38.416542+00:00,19,Heat Wave,,en,2026-12-31T00:00:00Z,6313,3667,2026-04-30 07:30:18.729911+00:00,Tajikistan - Heat Wave (EAP2021TJ01),False,5580,2025-07-11 10:47:04+00:00,3,Europe,3,Europe,en,Central Asia country cluster,2022-02-24T00:00:00Z,0,Active
16433,745926.0,745926.0,0,DREF,MDRSY007,,DSY001,206,True,False,SY,SYR,Syrian Arab Republic,1,Country,4,Syrian Arab Red Crescent,en,2022-02-14 08:46:15.812648+00:00,5,Population Movement,,en,2022-08-31T00:00:00Z,5828,3528,2026-04-08 14:30:34.649671+00:00,Syria - Internal Displacement in Al Hasakeh,False,50250,2023-02-22 09:29:03+00:00,4,Middle East & North Africa,4,Middle East & North Africa,en,Syria country office,2022-02-11T00:00:00Z,1,Closed
16431,350027.0,350027.0,0,DREF,MDRPS013,,DPS001,205,True,False,PS,PSE,Palestine,1,Country,4,Palestine Red Crescent Society,en,2022-02-11 14:46:02.119688+00:00,14,Cold Wave,,en,2022-08-31T00:00:00Z,5811,3527,2026-04-08 14:30:34.599078+00:00,Palestine - Extreme Weather Conditions,False,3500,2023-03-21 13:46:03+00:00,4,Middle East & North Africa,4,Middle East & North Africa,en,Palestine country office,2022-02-11T00:00:00Z,1,Closed
16429,478475.0,478475.0,0,DREF,MDREC018,,DEC001,60,True,False,EC,ECU,Ecuador,1,Country,1,Ecuadorian Red Cross,en,2022-02-10 13:46:05.084033+00:00,12,Flood,,en,2022-08-31T00:00:00Z,5821,3526,2026-04-08 14:30:34.553748+00:00,Ecuador - Floods,False,6750,2023-05-12 15:10:01+00:00,1,Americas,1,Americas,en,South America country cluster,2022-02-09T00:00:00Z,1,Closed
16427,84433.0,84433.0,0,DREF,MDRZW017,,DZW001,13,True,False,ZW,ZWE,Zimbabwe,1,Country,0,Zimbabwe Red Cross Society,en,2022-02-08 14:47:06.872629+00:00,13,Other,,en,2022-05-31T00:00:00Z,5825,3525,2026-04-08 14:30:34.508221+00:00,Zimbabwe - Tropical Depression Ana,False,850,2023-06-15 18:04:05+00:00,0,Africa,0,Africa,en,"Country cluster for Zimbabwe, Malawi and Zambia",2022-02-08T00:00:00Z,1,Closed
16423,109590.0,109590.0,0,DREF,MDRTP005,,DTL001,210,True,False,TL,TLS,Timor-Leste,1,Country,2,Timor-Leste Red Cross Society,en,2022-02-07 11:46:17.432382+00:00,1,Epidemic,,en,2022-08-31T00:00:00Z,5813,3523,2026-04-08 14:30:34.460001+00:00,Timor-Leste - Dengue Outbreak Response,False,27060,2023-01-03 10:46:04+00:00,2,Asia Pacific,2,Asia Pacific,en,Indonesia country cluster,2022-02-06T00:00:00Z,1,Closed
16472,552220046.5500001,800000000.0,1,Emergency Appeal,MGR65002,,DHU001,82,True,False,HU,HUN,Hungary,1,Country,3,Hungarian Red Cross,en,2022-03-02 10:46:00.855514+00:00,5,Population Movement,,en,2027-12-31T00:00:00Z,5854,3542,2026-04-30 07:30:17.792856+00:00,Ukraine and impacted countries crisis,False,22650000,2025-12-17 20:24:00+00:00,3,Europe,3,Europe,en,Europe Regional Office,2022-02-05T00:00:00Z,0,Active
16414,172246.0,172246.0,0,DREF,MDRGH017,,DGH001,73,True,False,GH,GHA,Ghana,1,Country,0,Ghana Red Cross Society,en,2022-01-31 10:46:02.121891+00:00,13,Other,,en,2022-04-30T00:00:00Z,5816,3522,2026-04-08 14:30:34.403684+00:00,Ghana - Explosions,False,2000,2023-01-03 10:44:00+00:00,0,Africa,0,Africa,en,"Country cluster for Nigeria, Benin, Ghana and Togo",2022-01-29T00:00:00Z,1,Closed
16409,466010.0,466010.0,0,DREF,MDRTZ030,,DTZ001,189,True,False,TZ,TZA,"Tanzania, United Republic of",1,Country,0,Tanzania Red Cross National Society,en,2022-01-28 15:46:15.022467+00:00,21,Food Insecurity,,en,2022-07-31T00:00:00Z,5812,3521,2026-04-08 14:30:34.356006+00:00,Tanzania - Food Insecurity,False,6000,2023-04-19 10:06:00+00:00,0,Africa,0,Africa,en,"Country cluster for South Sudan, Tanzania and Uganda",2022-01-28T00:00:00Z,1,Closed
16407,373157.0,373157.0,0,DREF,MDRZM015,,DZM001,12,True,False,ZM,ZMB,Zambia,1,Country,0,Zambia Red Cross Society,en,2022-01-27 13:46:01.936261+00:00,27,Pluvial/Flash Flood,,en,2022-06-30T00:00:00Z,5810,3520,2026-04-08 14:30:34.310029+00:00,Zambia - Flash Floods,False,19314,2023-01-25 15:20:05+00:00,0,Africa,0,Africa,en,"Country cluster for Zimbabwe, Malawi and Zambia",2022-01-27T00:00:00Z,1,Closed
16404,260046.0,260046.0,0,DREF,MDRAF010,,DAF001,14,True,False,AF,AFG,Afghanistan,1,Country,2,Afghan Red Crescent,en,2022-01-27 11:46:34.899119+00:00,2,Earthquake,,en,2022-05-31T00:00:00Z,5809,3519,2026-04-08 14:30:34.265428+00:00,Afghanistan - Badghis Earthquake,False,3500,2023-01-03 10:43:00+00:00,2,Asia Pacific,2,Asia Pacific,en,Afghanistan country office,2022-01-27T00:00:00Z,1,Closed
16401,2591634.1100000003,3000000.0,1,Emergency Appeal,MDRMG018,,DMG001,109,True,False,MG,MDG,Madagascar,1,Country,0,Malagasy Red Cross Society,en,2022-01-26 13:46:37.550688+00:00,27,Pluvial/Flash Flood,,en,2023-09-30T00:00:00Z,5807,3518,2026-04-08 14:30:34.223922+00:00,Madagascar - Heavy Rains and Tropical Storm,False,15000,2024-12-18 10:39:05+00:00,0,Africa,0,Africa,en,"Country cluster for Madagascar, Comoro Islands, Mauritius and Seychelles",2022-01-26T00:00:00Z,1,Closed
16399,112238.0,112238.0,3,Forecast Based Action,MDRMZ018,,DMZ001,120,True,False,MZ,MOZ,Mozambique,1,Country,0,Mozambique Red Cross Society,en,2022-01-26 09:46:52.571937+00:00,12,Flood,,en,2022-05-31T00:00:00Z,5787,3517,2026-04-30 07:30:17.701861+00:00,Mozambique - Floods,False,0,2023-01-03 10:45:02+00:00,0,Africa,0,Africa,en,Country cluster for Mozambique and Angola,2022-01-26T00:00:00Z,0,Active
16392,140041.0,140041.0,0,DREF,MDRMZ017,,DMZ001,120,True,False,MZ,MOZ,Mozambique,1,Country,0,Mozambique Red Cross Society,en,2022-01-21 14:45:57.017066+00:00,13,Other,,en,2022-03-31T00:00:00Z,5789,3516,2026-04-08 14:30:34.128744+00:00,Mozambique - Imminent Tropical Storm,False,20000,2023-01-03 10:45:02+00:00,0,Africa,0,Africa,en,Country cluster for Mozambique and Angola,2022-01-21T00:00:00Z,1,Closed
16390,223587.0,223587.0,0,DREF,MDRFJ006,,DFJ001,66,True,False,FJ,FJI,Fiji,1,Country,2,Fiji Red Cross Society,en,2022-01-20 09:46:03.164001+00:00,4,Cyclone,,en,2022-05-31T00:00:00Z,5784,3515,2026-04-08 14:30:34.075589+00:00,Fiji - Tropical Cyclone Cody,False,7500,2023-01-03 10:44:00+00:00,2,Asia Pacific,2,Asia Pacific,en,Suva country cluster,2022-01-19T00:00:00Z,1,Closed
16385,2862214.04,4000000.0,1,Emergency Appeal,MDRTO002,,DTO001,171,True,False,TO,TON,Tonga,1,Country,2,Tonga Red Cross Society,en,2022-01-19 14:45:49.445810+00:00,8,Volcanic Eruption,,en,2024-01-21T00:00:00Z,5785,3513,2026-04-08 14:30:34.034132+00:00,Tonga - Volcano and Tsunami,False,17000,2025-03-05 07:20:01+00:00,2,Asia Pacific,2,Asia Pacific,en,Suva country cluster,2022-01-18T00:00:00Z,1,Closed
16375,499506.0,499506.0,0,DREF,MDRIR008,,DIR001,203,True,False,IR,IRN,"Iran, Islamic Republic of",1,Country,4,Red Crescent Society of the Islamic Republic of Iran,en,2022-01-17 08:46:46.332339+00:00,12,Flood,,en,2022-08-31T00:00:00Z,5758,3512,2026-04-08 14:30:33.992741+00:00,Iran - Floods,False,22352,2024-01-15 13:19:01+00:00,4,Middle East & North Africa,4,Middle East & North Africa,en,Iran country office,2022-01-14T00:00:00Z,1,Closed
16373,164881.0,164881.0,0,DREF,MDRST001,,DST001,185,True,False,ST,STP,Sao Tome and Principe,1,Country,0,Sao Tome and Principe Red Cross,en,2022-01-13 13:47:41.086159+00:00,12,Flood,,en,2022-07-31T00:00:00Z,5763,3511,2026-04-08 14:30:33.951468+00:00,Sao Tome And Principe - Floods and Landslides,False,6000,2023-03-21 10:07:00+00:00,0,Africa,0,Africa,en,"Country cluster for Cameroon, Gabon, Equatorial Guinea and Sao Tome and Principe",2022-01-13T00:00:00Z,1,Closed
16364,414001.0,414001.0,0,DREF,MDRMY008,,DMY001,111,True,False,MY,MYS,Malaysia,1,Country,2,Malaysian Red Crescent Society,en,2021-12-26 11:45:53.114218+00:00,12,Flood,,en,2022-06-30T00:00:00Z,5747,3509,2026-04-08 14:30:33.850825+00:00,Malaysia - Floods,False,13589,2023-01-03 10:45:02+00:00,2,Asia Pacific,2,Asia Pacific,en,Asia Pacific Regional Office,2021-12-24T00:00:00Z,1,Closed
16362,225874.0,225874.0,0,DREF,MDRIQ014,,DIQ001,87,True,False,IQ,IRQ,Iraq,1,Country,4,Iraqi Red Crescent Society,en,2021-12-26 11:45:53.081198+00:00,27,Pluvial/Flash Flood,,en,2022-04-30T00:00:00Z,5669,3508,2026-04-08 14:30:33.796332+00:00,Iraq - Flash Floods,False,7500,2023-05-17 07:57:03+00:00,4,Middle East & North Africa,4,Middle East & North Africa,en,Iraq country office,2021-12-24T00:00:00Z,1,Closed
16366,399000.0,399000.0,0,DREF,MDRZA011,,DZA001,158,True,False,ZA,ZAF,South Africa,1,Country,0,The South African Red Cross Society,en,2021-12-26 11:45:53.142507+00:00,23,Storm Surge,,en,2022-04-30T00:00:00Z,5740,3510,2026-04-08 14:30:33.905578+00:00,South Africa - Severe Thunderstorms,False,5000,2023-01-03 10:46:05+00:00,0,Africa,0,Africa,en,"Country cluster for South Africa, Botswana, Lesotho, Namibia and Kingdom of Eswatini",2021-12-24T00:00:00Z,1,Closed
16360,628367.0,628367.0,0,DREF,MDRAM008,,DAM001,21,True,False,AM,ARM,Armenia,1,Country,3,Armenian Red Cross Society,en,2021-12-23 14:45:55.379782+00:00,14,Cold Wave,,en,2022-04-30T00:00:00Z,5746,3507,2026-04-08 14:30:33.743845+00:00,Armenia - Winterization displaced population NK,False,6120,2023-11-22 14:12:02+00:00,3,Europe,3,Europe,en,Southern Caucasus country cluster,2021-12-23T00:00:00Z,1,Closed
16351,7875247.65,20269000.0,1,Emergency Appeal,MDRPH045,,DPH001,136,True,False,PH,PHL,Philippines,1,Country,2,Philippine Red Cross,en,2021-12-18 13:46:23.534111+00:00,4,Cyclone,,en,2023-12-31T00:00:00Z,5744,3504,2026-04-30 07:30:17.653214+00:00,Philippines - Typhoon Rai (Odette),False,405000,2023-01-03 10:45:04+00:00,2,Asia Pacific,2,Asia Pacific,en,Philippines country office,2021-12-18T00:00:00Z,0,Active
16353,124923.0,124923.0,0,DREF,MDRCM030,,DCM001,41,True,False,CM,CMR,Cameroon,1,Country,0,Cameroon Red Cross Society,en,2021-12-20 08:46:02.192558+00:00,5,Population Movement,,en,2022-05-31T00:00:00Z,5742,3505,2026-04-08 14:30:33.697019+00:00,Cameroon - Internal Population Movement,False,2093,2023-04-19 10:01:02+00:00,0,Africa,0,Africa,en,"Country cluster for Cameroon, Gabon, Equatorial Guinea and Sao Tome and Principe",2021-12-18T00:00:00Z,1,Closed
16345,325368.0,325368.0,0,DREF,MDRID023,,DID001,85,True,False,ID,IDN,Indonesia,1,Country,2,Indonesian Red Cross Society,en,2021-12-17 08:46:31.797116+00:00,8,Volcanic Eruption,,en,2022-06-30T00:00:00Z,5724,3501,2026-04-08 14:30:33.521565+00:00,Indonesia - Semeru Volcano Eruption,False,10965,2023-01-03 10:44:02+00:00,2,Asia Pacific,2,Asia Pacific,en,Indonesia country cluster,2021-12-16T00:00:00Z,1,Closed
16349,263377.0,263377.0,0,DREF,MDRTD020,,DTD001,45,True,False,TD,TCD,Chad,1,Country,0,Red Cross of Chad,en,2021-12-17 08:46:31.888325+00:00,5,Population Movement,,en,2022-06-30T00:00:00Z,5725,3503,2026-04-08 14:30:33.612282+00:00,Chad - Population Movement from Cameroon,False,10000,2023-08-15 12:48:00+00:00,0,Africa,0,Africa,en,Country cluster for Central African Republic and Chad,2021-12-16T00:00:00Z,1,Closed
16347,342866.0,342866.0,0,DREF,MDRBR010,,DBR001,35,True,False,BR,BRA,Brazil,1,Country,1,Brazilian Red Cross,en,2021-12-17 08:46:31.847178+00:00,12,Flood,,en,2022-05-31T00:00:00Z,5751,3502,2026-04-08 14:30:33.567682+00:00,Brazil - Floods,False,4000,2024-09-09 15:00:04+00:00,1,Americas,1,Americas,en,Southern Cone country cluster,2021-12-16T00:00:00Z,1,Closed
17593,332278.0,332278.0,0,DREF,MDRKE053,,DKE001,93,True,False,KE,KEN,Kenya,1,Country,0,Kenya Red Cross Society,en,2022-12-27 15:45:46.834306+00:00,12,Flood,,en,2024-02-29T00:00:00Z,6764,3669,2026-04-30 07:30:19.076098+00:00,Kenya - Floods (EAP2021KE01),False,150000,2023-11-15 13:23:00+00:00,0,Africa,0,Africa,en,Africa Regional Office and Country cluster for Kenya and Somalia,2021-12-12T00:00:00Z,0,Active
16339,275492.0,275492.0,0,DREF,MDRCG018,,DCG001,184,True,False,CG,COG,Congo,1,Country,0,Congolese Red Cross,en,2021-12-09 16:46:11.780037+00:00,12,Flood,,en,2022-04-30T00:00:00Z,5713,3500,2026-04-08 14:30:33.473859+00:00,Republic of Congo - Floods,False,8605,2023-01-03 10:43:04+00:00,0,Africa,0,Africa,en,"Country cluster for Democratic Republic of Congo, Republic of Congo, Burundi and Rwanda",2021-12-09T00:00:00Z,1,Closed
16337,1753979.4,4500000.0,1,Emergency Appeal,MDRMW015,,DMW001,110,True,False,MW,MWI,Malawi,1,Country,0,Malawi Red Cross Society,en,2021-12-08 15:46:34.242642+00:00,13,Other,,en,2023-06-30T00:00:00Z,5708,3499,2026-04-08 14:30:33.433038+00:00,Malawi - Tropical Storm Ana,False,160000,2024-02-20 08:36:02+00:00,0,Africa,0,Africa,en,"Country cluster for Zimbabwe, Malawi and Zambia",2021-12-08T00:00:00Z,1,Closed
16335,253540.0,253540.0,0,DREF,MDRPE013,,DPE001,135,True,False,PE,PER,Peru,1,Country,1,Peruvian Red Cross,en,2021-12-06 11:46:05.515009+00:00,2,Earthquake,,en,2022-03-31T00:00:00Z,5710,3498,2026-04-08 14:30:33.385574+00:00,Peru - Earthquake,False,4000,2023-01-03 10:45:03+00:00,1,Americas,1,Americas,en,South America country cluster,2021-12-05T00:00:00Z,1,Closed
16326,373314.0,373314.0,0,DREF,MDREG019,,DEG001,61,True,False,EG,EGY,Egypt,1,Country,4,Egyptian Red Crescent Society,en,2021-12-01 15:46:01.666142+00:00,27,Pluvial/Flash Flood,,en,2022-05-31T00:00:00Z,5700,3497,2026-04-08 14:30:33.342023+00:00,Egypt - Aswan Floods,False,4685,2024-02-06 15:39:00+00:00,4,Middle East & North Africa,4,Middle East & North Africa,en,Middle East and North Africa,2021-12-01T00:00:00Z,1,Closed
16324,314063.0,314063.0,0,DREF,MDRBF016,,DBF001,181,True,False,BF,BFA,Burkina Faso,1,Country,0,Burkinabe Red Cross Society,en,2021-12-01 14:46:17.790858+00:00,5,Population Movement,,en,2022-02-28T00:00:00Z,5703,3496,2026-04-08 14:30:33.292810+00:00,Burkina Faso - Population Movement in Tougan,False,4500,2023-01-03 10:43:02+00:00,0,Africa,0,Africa,en,"Country cluster for Niger, Cote d'Ivoire, Burkina Faso and Mali",2021-12-01T00:00:00Z,1,Closed
16316,499996.0,499996.0,0,DREF,MDRIR007,,DIR001,203,True,False,IR,IRN,"Iran, Islamic Republic of",1,Country,4,Red Crescent Society of the Islamic Republic of Iran,en,2021-11-25 14:46:09.361569+00:00,2,Earthquake,,en,2022-08-31T00:00:00Z,5693,3495,2026-04-08 14:30:33.247985+00:00,Iran - Hormozgan Earthquake,False,3750,2024-02-06 15:31:02+00:00,4,Middle East & North Africa,4,Middle East & North Africa,en,Iran country office,2021-11-25T00:00:00Z,1,Closed
16301,49921.0,49921.0,0,DREF,MDREC017,,DEC001,60,True,False,EC,ECU,Ecuador,1,Country,1,Ecuadorian Red Cross,en,2021-11-22 08:45:50.310862+00:00,7,Civil Unrest,,en,2022-04-30T00:00:00Z,5695,3492,2026-04-08 14:30:33.113004+00:00,Ecuador - Penitentiary Unrest,False,930,2023-01-03 10:43:05+00:00,1,Americas,1,Americas,en,South America country cluster,2021-11-20T00:00:00Z,1,Closed
16303,112812.0,112812.0,0,DREF,MDRBA013,,DBA001,197,True,False,BA,BIH,Bosnia and Herzegovina,1,Country,3,Red Cross Society of Bosnia and Herzegovina,en,2021-11-22 08:45:50.386511+00:00,12,Flood,,en,2022-03-31T00:00:00Z,5681,3493,2026-04-08 14:30:33.161733+00:00,Bosnia and Herzegovina - Floods,False,2627,2023-01-03 10:43:01+00:00,3,Europe,3,Europe,en,"Cluster Delegation for Albania, Bosnia, Bulgaria, Croatia, Montenegro, North Macedonia and Serbia",2021-11-20T00:00:00Z,1,Closed
16298,88383.0,88383.0,0,DREF,MDRVU009,,DVU001,7,True,False,VU,VUT,Vanuatu,1,Country,2,Vanuatu Red Cross Society,en,2021-11-18 17:46:21.019917+00:00,8,Volcanic Eruption,,en,2022-04-30T00:00:00Z,5667,3491,2026-04-08 14:30:33.066187+00:00,Vanuatu - Volcano Yasur,False,3586,2023-01-03 10:46:05+00:00,2,Asia Pacific,2,Asia Pacific,en,Suva country cluster,2021-11-18T00:00:00Z,1,Closed
16289,321362.0,321362.0,0,DREF,MDRBY010,,DBY001,29,True,False,BY,BLR,Belarus,1,Country,3,Belarus Red Cross,en,2021-11-16 08:46:14.010077+00:00,5,Population Movement,,en,2022-04-30T00:00:00Z,131,3489,2022-05-16 13:37:15.676661+00:00,Belarus - Population Movement,False,2300,2021-11-16 14:56:03+00:00,3,Europe,3,Europe,en,Moscow country cluster,2021-11-15T00:00:00Z,0,Active
16287,429426.0,429426.0,0,DREF,MDRPL001,,DPL001,199,True,False,PL,POL,Poland,1,Country,3,Polish Red Cross,en,2021-11-16 08:46:13.969571+00:00,5,Population Movement,,en,2022-03-31T00:00:00Z,5686,3488,2022-05-16 13:38:10.444948+00:00,Poland - Population Movement,False,4300,2021-11-16 09:01:05+00:00,3,Europe,3,Europe,en,Europe Other,2021-11-15T00:00:00Z,0,Active
16285,244375.0,244375.0,0,DREF,MDRID022,,DID001,85,True,False,ID,IDN,Indonesia,1,Country,2,Indonesian Red Cross Society,en,2021-11-15 09:45:51.879195+00:00,12,Flood,,en,2022-05-31T00:00:00Z,5683,3487,2026-04-08 14:30:32.981202+00:00,Indonesia - West Kalimantan Floods,False,16775,2023-01-03 10:44:02+00:00,2,Asia Pacific,2,Asia Pacific,en,Indonesia country cluster,2021-11-13T00:00:00Z,1,Closed
16282,251556.0,251556.0,0,DREF,MDRZM014,,DZM001,12,True,False,ZM,ZMB,Zambia,1,Country,0,Zambia Red Cross Society,en,2021-11-12 08:45:57.901453+00:00,21,Food Insecurity,,en,2022-03-31T00:00:00Z,,3486,2026-04-08 14:30:32.935820+00:00,Zambia - Food Insecurity,False,6000,2023-01-03 10:47:00+00:00,0,Africa,0,Africa,en,"Country cluster for Zimbabwe, Malawi and Zambia",2021-11-11T00:00:00Z,1,Closed
16279,271785.0,271785.0,0,DREF,MDRZW016,,DZW001,13,True,False,ZW,ZWE,Zimbabwe,1,Country,0,Zimbabwe Red Cross Society,en,2021-11-10 13:45:42.246823+00:00,21,Food Insecurity,,en,2022-05-31T00:00:00Z,5912,3485,2026-04-08 14:30:32.887685+00:00,Zimbabwe - Food Insecurity,False,3000,2023-05-01 11:57:00+00:00,0,Africa,0,Africa,en,"Country cluster for Zimbabwe, Malawi and Zambia",2021-11-10T00:00:00Z,1,Closed
16277,61614.0,61614.0,0,DREF,MDRSL011,,DSL001,152,True,False,SL,SLE,Sierra Leone,1,Country,0,Sierra Leone Red Cross Society,en,2021-11-08 11:46:07.044812+00:00,13,Other,,en,2022-02-28T00:00:00Z,6122,3484,2026-04-08 14:30:32.842548+00:00,Sierra Leone - Oil Tanker Explosion,False,1120,2023-01-03 10:46:01+00:00,0,Africa,0,Africa,en,"Country cluster for Sierra Leone, Liberia, Guinea and Guinea Bisau",2021-11-07T00:00:00Z,1,Closed
17591,348761.0,348761.0,0,DREF,MDRUG048,,DUG001,176,True,False,UG,UGA,Uganda,1,Country,0,Uganda Red Cross Society,en,2022-12-27 15:45:46.875659+00:00,12,Flood,,en,2026-11-30T00:00:00Z,,3670,2026-04-30 07:30:18.943413+00:00,Uganda - Floods (EAP2021UG01),False,11201,2023-01-03 10:46:05+00:00,0,Africa,0,Africa,en,"Country cluster for South Sudan, Tanzania and Uganda",2021-11-01T00:00:00Z,0,Active
16267,270619.0,270619.0,0,DREF,MDRSO012,,DSO001,157,True,False,SO,SOM,Somalia,1,Country,0,Somali Red Crescent Society,en,2021-10-25 07:46:10.070486+00:00,5,Population Movement,,en,2022-04-30T00:00:00Z,6513,3483,2026-04-08 14:30:32.797121+00:00,Somalia - Population Movement from Laascaanood,False,2800,2023-01-03 10:46:02+00:00,0,Africa,0,Africa,en,Africa Regional Office and Country cluster for Kenya and Somalia,2021-10-23T00:00:00Z,1,Closed
16265,331836.0,331836.0,0,DREF,MDRBJ016,,DBJ001,209,True,False,BJ,BEN,Benin,1,Country,0,Red Cross of Benin,en,2021-10-22 15:47:16.820209+00:00,12,Flood,,en,2022-04-30T00:00:00Z,5670,3482,2026-04-08 14:30:32.751441+00:00,Benin - Floods,False,9000,2023-01-03 10:43:02+00:00,0,Africa,0,Africa,en,"Country cluster for Nigeria, Benin, Ghana and Togo",2021-10-22T00:00:00Z,1,Closed
16263,116175.0,116175.0,0,DREF,MDRPK022,,DPK001,131,True,False,PK,PAK,Pakistan,1,Country,2,Pakistan Red Crescent,en,2021-10-22 09:46:10.625421+00:00,1,Epidemic,,en,2022-03-31T00:00:00Z,5632,3481,2026-04-08 14:30:32.703138+00:00,Pakistan - Dengue Response,False,145000,2023-01-03 10:45:05+00:00,2,Asia Pacific,2,Asia Pacific,en,Pakistan country office,2021-10-21T00:00:00Z,1,Closed
16259,748415.0,748415.0,0,DREF,MDRSY006,,DSY001,206,True,False,SY,SYR,Syrian Arab Republic,1,Country,4,Syrian Arab Red Crescent,en,2021-10-19 14:46:37.511802+00:00,20,Drought,,en,2022-04-30T00:00:00Z,5627,3479,2026-04-08 14:30:32.600808+00:00,Syria - Droughts,False,15000,2023-01-03 10:46:02+00:00,4,Middle East & North Africa,4,Middle East & North Africa,en,Syria country office,2021-10-19T00:00:00Z,1,Closed
16257,533846.0,533846.0,0,DREF,MDRPH044,,DPH001,136,True,False,PH,PHL,Philippines,1,Country,2,Philippine Red Cross,en,2021-10-19 09:46:28.636721+00:00,13,Other,,en,2022-04-30T00:00:00Z,5633,3478,2026-04-08 14:30:32.554972+00:00,Philippines - Severe Tropical Storm Kompasu,False,15000,2023-01-03 10:45:04+00:00,2,Asia Pacific,2,Asia Pacific,en,Philippines country office,2021-10-19T00:00:00Z,1,Closed
16261,689549.0,689549.0,0,DREF,MDRCD034,,DCD001,187,True,False,CD,COD,Democratic Republic of Congo,1,Country,0,Red Cross of the Democratic Republic of the Congo,en,2021-10-20 06:45:57.008517+00:00,1,Epidemic,,en,2022-04-30T00:00:00Z,5623,3480,2026-04-08 14:30:32.655664+00:00,DR Congo - EVD 13th Outbreak,False,671213,2023-01-03 10:43:03+00:00,0,Africa,0,Africa,en,"Country cluster for Democratic Republic of Congo, Republic of Congo, Burundi and Rwanda",2021-10-19T00:00:00Z,1,Closed
16254,380583.0,380583.0,0,DREF,MDRPK021,,DPK001,131,True,False,PK,PAK,Pakistan,1,Country,2,Pakistan Red Crescent,en,2021-10-18 12:46:02.004817+00:00,2,Earthquake,,en,2022-04-30T00:00:00Z,5620,3477,2026-04-08 14:30:32.508998+00:00,Pakistan - Balochistan Earthquake,False,4550,2023-01-03 10:45:05+00:00,2,Asia Pacific,2,Asia Pacific,en,Pakistan country office,2021-10-17T00:00:00Z,1,Closed
16252,230089.0,230089.0,0,DREF,MDRSD030,,DSD001,161,True,False,SD,SDN,Sudan,1,Country,0,Sudanese Red Crescent,en,2021-10-15 08:46:23.237428+00:00,7,Civil Unrest,,en,2022-02-28T00:00:00Z,5668,3476,2026-04-08 14:30:32.466092+00:00,Sudan - Anticipatory Actions for Unrest,False,10000,2023-01-03 10:46:01+00:00,0,Africa,0,Africa,en,Country cluster for Sudan and Eritrea,2021-10-14T00:00:00Z,1,Closed
16248,133952.0,133952.0,0,DREF,MDRHN015,,DHN001,81,True,False,HN,HND,Honduras,1,Country,1,Honduran Red Cross,en,2021-10-11 07:46:07.103556+00:00,13,Other,,en,2022-01-31T00:00:00Z,5612,3475,2026-04-08 14:30:32.417917+00:00,Honduras - Fire,False,700,2023-01-03 10:44:01+00:00,1,Americas,1,Americas,en,Central America country cluster,2021-10-10T00:00:00Z,1,Closed
16245,250209.0,250209.0,0,DREF,MDRUG044,,DUG001,176,True,False,UG,UGA,Uganda,1,Country,0,Uganda Red Cross Society,en,2021-10-08 13:46:36.427625+00:00,12,Flood,,en,2022-01-31T00:00:00Z,5607,3474,2026-04-08 14:30:32.366733+00:00,"Uganda - Floods, Landslides and Hailstorm",False,10785,2023-01-30 09:31:03+00:00,0,Africa,0,Africa,en,"Country cluster for South Sudan, Tanzania and Uganda",2021-10-08T00:00:00Z,1,Closed
16243,176860.0,176860.0,0,DREF,MDRGE015,,DGE001,71,True,False,GE,GEO,Georgia,1,Country,3,Red Cross Society of Georgia,en,2021-10-08 09:45:58.479651+00:00,12,Flood,,en,2022-01-31T00:00:00Z,5630,3473,2026-04-08 14:30:32.321147+00:00,Georgia - Floods,False,1780,2023-01-03 10:44:00+00:00,3,Europe,3,Europe,en,Southern Caucasus country cluster,2021-10-07T00:00:00Z,1,Closed
16238,65713.0,65713.0,0,DREF,MDRHT019,,DHT001,80,True,False,HT,HTI,Haiti,1,Country,1,Haiti Red Cross Society,en,2021-10-04 14:46:17.177088+00:00,5,Population Movement,,en,2021-12-31T00:00:00Z,5596,3472,2026-04-08 14:30:32.274825+00:00,Haiti - Returnees,False,1500,2023-01-03 10:44:02+00:00,1,Americas,1,Americas,en,"Cuba, Haiti and Dominican Republic country cluster",2021-10-01T00:00:00Z,1,Closed
16219,303187.0,303187.0,0,DREF,MDRNG033,,DNG001,128,True,False,NG,NGA,Nigeria,1,Country,0,Nigerian Red Cross Society,en,2021-09-27 08:45:50.298446+00:00,1,Epidemic,,en,2022-03-31T00:00:00Z,5543,3469,2026-04-08 14:30:32.188268+00:00,Nigeria - Cholera Outbreak,False,13683,2023-01-03 10:45:03+00:00,0,Africa,0,Africa,en,"Country cluster for Nigeria, Benin, Ghana and Togo",2021-09-25T00:00:00Z,1,Closed
16228,79508.0,79508.0,0,DREF,MDRRU026,,DRU001,142,True,False,RU,RUS,Russian Federation,1,Country,3,Russian Red Cross,en,2021-09-28 07:46:38.469858+00:00,7,Civil Unrest,,en,2022-02-28T00:00:00Z,5571,3471,2026-04-08 14:30:32.235093+00:00,Russia - Perm Armed Attack,False,1640,2023-01-03 10:46:00+00:00,3,Europe,3,Europe,en,Moscow country cluster,2021-09-25T00:00:00Z,1,Closed
16209,207685.0,207685.0,0,DREF,MDRCD033,,DCD001,187,True,False,CD,COD,Democratic Republic of Congo,1,Country,0,Red Cross of the Democratic Republic of the Congo,en,2021-09-22 07:45:50.342464+00:00,1,Epidemic,,en,2022-02-28T00:00:00Z,5594,3468,2026-04-08 14:30:32.139912+00:00,DR Congo - Meningitis Outbreak,False,75940,2023-01-03 10:43:03+00:00,0,Africa,0,Africa,en,"Country cluster for Democratic Republic of Congo, Republic of Congo, Burundi and Rwanda",2021-09-21T00:00:00Z,1,Closed
16201,0.0,0.0,0,DREF,MDRPK020,,DPK001,131,True,False,PK,PAK,Pakistan,1,Country,2,Pakistan Red Crescent,en,2021-09-13 13:45:59.944176+00:00,5,Population Movement,,en,2022-01-31T00:00:00Z,,3467,2026-04-08 14:30:32.057276+00:00,Pakistan - Population Movement from Afghanistan,False,0,2023-01-03 10:11:01+00:00,2,Asia Pacific,2,Asia Pacific,en,Pakistan country office,2021-09-13T00:00:00Z,1,Closed
16199,174013.0,174013.0,0,DREF,MDRLS005,,DLS001,102,True,False,LS,LSO,Lesotho,1,Country,0,Lesotho Red Cross Society,en,2021-09-13 08:45:33.612265+00:00,23,Storm Surge,,en,2022-01-31T00:00:00Z,5546,3466,2026-04-08 14:30:32.004648+00:00,Lesotho - Windstorms,False,2550,2023-01-03 10:44:05+00:00,0,Africa,0,Africa,en,"Country cluster for South Africa, Botswana, Lesotho, Namibia and Kingdom of Eswatini",2021-09-11T00:00:00Z,1,Closed
16196,361162.0,361162.0,0,DREF,MDRGN013,,DGN001,77,True,False,GN,GIN,Guinea,1,Country,0,Red Cross Society of Guinea,en,2021-09-10 07:46:02.458738+00:00,27,Pluvial/Flash Flood,,en,2022-03-31T00:00:00Z,5549,3465,2026-04-08 14:30:31.958124+00:00,Guinea - Floods in Siguiri,False,14000,2023-02-09 19:28:02+00:00,0,Africa,0,Africa,en,"Country cluster for Sierra Leone, Liberia, Guinea and Guinea Bisau",2021-09-09T00:00:00Z,1,Closed
16190,395609.0,395609.0,0,DREF,MDRNP011,,DNP001,123,True,False,NP,NPL,Nepal,1,Country,2,Nepal Red Cross Society,en,2021-09-06 09:45:55.649550+00:00,12,Flood,,en,2022-03-31T00:00:00Z,5539,3464,2026-04-08 14:30:31.907308+00:00,Nepal - Monsoon Floods and Landslides,False,10870,2023-01-03 10:45:03+00:00,2,Asia Pacific,2,Asia Pacific,en,Nepal country office,2021-09-04T00:00:00Z,1,Closed
16187,275635.0,275635.0,0,DREF,MDRNE025,,DNE001,127,True,False,NE,NER,Niger,1,Country,0,Red Cross Society of Niger,en,2021-09-03 12:45:57.194517+00:00,1,Epidemic,,en,2022-02-28T00:00:00Z,5489,3463,2026-04-08 14:30:31.849748+00:00,Niger - Cholera Outbreak,False,35000,2023-01-03 10:45:02+00:00,0,Africa,0,Africa,en,"Country cluster for Niger, Cote d'Ivoire, Burkina Faso and Mali",2021-09-03T00:00:00Z,1,Closed
16185,680569.0,680569.0,0,DREF,MDRIQ013,,DIQ001,87,True,False,IQ,IRQ,Iraq,1,Country,4,Iraqi Red Crescent Society,en,2021-09-02 15:45:37.402596+00:00,20,Drought,,en,2022-08-31T00:00:00Z,6276,3462,2026-04-08 14:30:31.787286+00:00,Iraq - Droughts,False,43116,2023-03-21 14:45:01+00:00,4,Middle East & North Africa,4,Middle East & North Africa,en,Iraq country office,2021-09-02T00:00:00Z,1,Closed
16183,149650.0,149650.0,0,DREF,MDRNI011,,DNI001,126,True,False,NI,NIC,Nicaragua,1,Country,1,Nicaraguan Red Cross,en,2021-09-02 14:45:38.140846+00:00,7,Civil Unrest,,en,2022-02-28T00:00:00Z,5530,3461,2026-04-08 14:30:31.723151+00:00,Nicaragua - Preparatory action for Disaster/Crisis,False,2610,2023-01-03 10:45:03+00:00,1,Americas,1,Americas,en,Central America country cluster,2021-09-02T00:00:00Z,1,Closed
16181,214119.0,214119.0,0,DREF,MDRVE005,,DVE001,8,True,False,VE,VEN,Venezuela,1,Country,1,Venezuelan Red Cross,en,2021-09-02 12:46:02.947888+00:00,12,Flood,,en,2021-12-31T00:00:00Z,5522,3460,2026-04-08 14:30:31.657915+00:00,Venezuela - Floods,False,2500,2023-01-03 10:46:05+00:00,1,Americas,1,Americas,en,Venezuela Country Office,2021-09-02T00:00:00Z,1,Closed
16176,150134.0,150134.0,0,DREF,MDRMM017,,DMM001,121,True,False,MM,MMR,Myanmar,1,Country,2,Myanmar Red Cross Society,en,2021-09-01 08:45:38.141143+00:00,12,Flood,,en,2022-02-28T00:00:00Z,5535,3459,2026-04-08 14:30:31.603041+00:00,Myanmar - Floods,False,6750,2023-01-03 10:45:01+00:00,2,Asia Pacific,2,Asia Pacific,en,Myanmar country office,2021-08-31T00:00:00Z,1,Closed
16173,152432.0,152432.0,0,DREF,MDRMY007,,DMY001,111,True,False,MY,MYS,Malaysia,1,Country,2,Malaysian Red Crescent Society,en,2021-08-30 09:45:59.071271+00:00,12,Flood,,en,2021-11-30T00:00:00Z,5536,3458,2026-04-08 14:30:31.555751+00:00,Malaysia - Floods Kedah,False,1080,2023-01-03 10:45:02+00:00,2,Asia Pacific,2,Asia Pacific,en,Asia Pacific Regional Office,2021-08-30T00:00:00Z,1,Closed
16166,307812.0,307812.0,0,DREF,MDRET026,,DET001,65,True,False,ET,ETH,Ethiopia,1,Country,0,Ethiopian Red Cross Society,en,2021-08-26 14:45:53.225652+00:00,21,Food Insecurity,,en,2021-12-31T00:00:00Z,6515,3456,2026-04-08 14:30:31.512229+00:00,Ethiopia - Food Insecurity,False,8000,2023-01-03 10:44:00+00:00,0,Africa,0,Africa,en,Country cluster for Ethiopia and Djibouti,2021-08-26T00:00:00Z,1,Closed
16168,238885.0,238885.0,0,DREF,MDRCF027,,DCF001,44,True,False,CF,CAF,Central African Republic,1,Country,0,Central African Red Cross Society,en,2021-08-26 14:45:53.266518+00:00,12,Flood,,en,2021-11-30T00:00:00Z,5474,3457,2021-09-27 08:52:33.315226+00:00,Central African Rep - Floods,False,3605,,0,Africa,0,Africa,en,Central African Republic country office,2021-08-26T00:00:00Z,0,Active
16164,30155.0,30155.0,0,DREF,MDRTV002,,DTV001,213,True,False,TV,TUV,Tuvalu,1,Country,2,Tuvalu Red Cross Society,en,2021-08-24 11:45:55.953517+00:00,20,Drought,,en,2021-12-31T00:00:00Z,5417,3455,2026-04-08 14:30:31.458948+00:00,Tuvalu - Impending Drought,False,10204,2023-01-03 10:46:04+00:00,2,Asia Pacific,2,Asia Pacific,en,Suva country cluster,2021-08-23T00:00:00Z,1,Closed
16162,101814.0,101814.0,0,DREF,MDRCR020,,DCR001,51,True,False,CR,CRI,Costa Rica,1,Country,1,Costa Rican Red Cross,en,2021-08-23 07:45:34.453760+00:00,5,Population Movement,,en,2022-02-28T00:00:00Z,5482,3454,2026-04-08 14:30:31.411653+00:00,Costa Rica - Population Movement,False,3000,2023-01-03 10:43:05+00:00,1,Americas,1,Americas,en,Central America country cluster,2021-08-22T00:00:00Z,1,Closed
16160,0.0,0.0,0,DREF,MDRTJ031,,DTJ001,167,True,False,TJ,TJK,Tajikistan,1,Country,3,Red Crescent Society of Tajikistan,en,2021-08-23 07:45:34.417235+00:00,5,Population Movement,,en,2022-01-31T00:00:00Z,5567,3453,2026-04-08 14:30:31.360873+00:00,Tajikistan - Population Movement from Afghanistan,False,0,2023-01-03 10:13:04+00:00,3,Europe,3,Europe,en,Central Asia country cluster,2021-08-21T00:00:00Z,1,Closed
16158,494365.0,494365.0,0,DREF,MDRMK009,,DMK001,108,True,False,MK,MKD,North Macedonia,1,Country,3,Red Cross of the Republic of North Macedonia,en,2021-08-20 12:46:16.607537+00:00,15,Fire,,en,2021-12-31T00:00:00Z,5468,3452,2026-04-08 14:30:31.310113+00:00,North Macedonia - Wildfires,False,12612,2023-01-03 10:45:00+00:00,3,Europe,3,Europe,en,"Cluster Delegation for Albania, Bosnia, Bulgaria, Croatia, Montenegro, North Macedonia and Serbia",2021-08-20T00:00:00Z,1,Closed
16154,481430.0,481430.0,0,DREF,MDRPA015,,DPA001,132,True,False,PA,PAN,Panama,1,Country,1,Red Cross Society of Panama,en,2021-08-19 13:46:03.297569+00:00,5,Population Movement,,en,2022-02-28T00:00:00Z,5457,3451,2026-04-08 14:30:31.262660+00:00,Panama - Population Movement,False,11000,2023-01-03 10:45:03+00:00,1,Americas,1,Americas,en,Americas Regional Office,2021-08-19T00:00:00Z,1,Closed
16208,0.0,24600000.0,1,Emergency Appeal,MDRAFRPM21,,DCH001,165,True,False,CH,CHE,Switzerland,1,Country,3,Swiss Red Cross,en,2021-09-27 14:46:30.380054+00:00,13,Other,,en,2022-12-31T00:00:00Z,5567,3470,2026-04-30 07:30:17.421681+00:00,Afghanistan Regional Population Movement 21,False,160000,2023-02-08 09:39:01+00:00,3,Europe,3,Europe,en,"IFRC Secretariat, Geneva",2021-08-18T00:00:00Z,1,Closed
16152,322991.76,4336000.0,1,Emergency Appeal,MDRDZ007,,DDZ001,16,True,False,DZ,DZA,Algeria,1,Country,4,Algerian Red Crescent,en,2021-08-19 08:45:35.689089+00:00,15,Fire,,en,2022-10-31T00:00:00Z,5479,3450,2026-04-08 14:30:31.222184+00:00,Algeria - Wildfires,False,42500,2023-11-17 16:59:00+00:00,4,Middle East & North Africa,4,Middle East & North Africa,en,Tunis country cluster,2021-08-18T00:00:00Z,1,Closed
16150,0.0,0.0,0,DREF,MDRIR006,,DIR001,203,True,False,IR,IRN,"Iran, Islamic Republic of",1,Country,4,Red Crescent Society of the Islamic Republic of Iran,en,2021-08-18 14:45:37.606437+00:00,5,Population Movement,,en,2021-12-31T00:00:00Z,,3449,2026-04-08 14:30:31.176249+00:00,Iran - Population Movement from Afghanistan,False,0,2023-01-03 10:07:00+00:00,4,Middle East & North Africa,4,Middle East & North Africa,en,Iran country office,2021-08-18T00:00:00Z,1,Closed
16145,13877165.27,19276000.0,1,Emergency Appeal,MDRHT018,,DHT001,80,True,False,HT,HTI,Haiti,1,Country,1,Haiti Red Cross Society,en,2021-08-16 07:45:38.705929+00:00,2,Earthquake,,en,2023-12-31T00:00:00Z,5499,3447,2026-04-08 14:30:31.093250+00:00,Haiti - Earthquake and Cholera,False,45100,2026-02-19 00:01:01+00:00,1,Americas,1,Americas,en,"Cuba, Haiti and Dominican Republic country cluster",2021-08-15T00:00:00Z,2,Frozen
16148,498314.0,498314.0,0,DREF,MDRYE010,,DYE001,10,True,False,YE,YEM,Yemen,1,Country,4,Yemen Red Crescent Society,en,2021-08-16 08:45:38.332634+00:00,12,Flood,,en,2022-04-30T00:00:00Z,5435,3448,2026-04-08 14:30:31.127385+00:00,Yemen - Floods 2021,False,18900,2023-01-03 10:46:05+00:00,4,Middle East & North Africa,4,Middle East & North Africa,en,Yemen country office,2021-08-13T00:00:00Z,1,Closed
16141,208280.0,208280.0,0,DREF,MDRIT003,,DIT001,89,True,False,IT,ITA,Italy,1,Country,3,Italian Red Cross,en,2021-08-09 10:45:56.167936+00:00,15,Fire,,en,2022-02-28T00:00:00Z,5451,3445,2026-04-08 14:30:31.045030+00:00,Italy - Wildfires,False,600,2023-01-03 10:44:03+00:00,3,Europe,3,Europe,en,Europe Other,2021-08-08T00:00:00Z,1,Closed
16139,99897.0,99897.0,0,DREF,MDRTN010,,DTN001,173,True,False,TN,TUN,Tunisia,1,Country,4,Tunisian Red Crescent,en,2021-08-09 10:45:56.129787+00:00,15,Fire,,en,2021-12-31T00:00:00Z,5449,3444,2026-04-30 07:30:17.301293+00:00,Tunisia - Forest Fires,False,1000,2024-09-16 11:59:01+00:00,4,Middle East & North Africa,4,Middle East & North Africa,en,Tunis country cluster,2021-08-07T00:00:00Z,1,Closed
16137,265440.0,265440.0,0,DREF,MDRAF009,,DAF001,14,True,False,AF,AFG,Afghanistan,1,Country,2,Afghan Red Crescent,en,2021-08-05 06:45:35.018980+00:00,12,Flood,,en,2022-01-31T00:00:00Z,5466,3443,2026-04-08 14:30:30.955268+00:00,Afghanistan - Nuristan Floods,False,4200,2023-01-03 10:43:00+00:00,2,Asia Pacific,2,Asia Pacific,en,Afghanistan country office,2021-08-04T00:00:00Z,1,Closed
16135,368141.0,368141.0,0,DREF,MDRMN015,,DMN001,194,True,False,MN,MNG,Mongolia,1,Country,2,Mongolian Red Cross Society,en,2021-08-04 16:45:37.484058+00:00,12,Flood,,en,2021-11-30T00:00:00Z,5469,3442,2026-04-08 14:30:30.906479+00:00,Mongolia - Floods,False,4000,2023-01-03 10:45:01+00:00,2,Asia Pacific,2,Asia Pacific,en,Beijing country cluster,2021-08-04T00:00:00Z,1,Closed
16129,50112.0,50112.0,0,DREF,MDRGT017,,DGT001,76,True,False,GT,GTM,Guatemala,1,Country,1,Guatemalan Red Cross,en,2021-07-29 13:45:54.255575+00:00,5,Population Movement,,en,2021-11-30T00:00:00Z,3349,3440,2026-04-08 14:30:30.808265+00:00,Guatemala - Population Movement,False,210,2023-01-03 10:44:01+00:00,1,Americas,1,Americas,en,Central America country cluster,2021-07-29T00:00:00Z,1,Closed
16127,65214.0,65214.0,0,DREF,MDRHN014,,DHN001,81,True,False,HN,HND,Honduras,1,Country,1,Honduran Red Cross,en,2021-07-29 13:45:54.206791+00:00,5,Population Movement,,en,2021-11-30T00:00:00Z,3412,3439,2026-04-08 14:30:30.762776+00:00,Honduras - Population Movement,False,5000,2023-01-03 10:44:01+00:00,1,Americas,1,Americas,en,Central America country cluster,2021-07-29T00:00:00Z,1,Closed
16131,224391.0,224391.0,0,DREF,MDRPA014,,DPA001,132,True,False,PA,PAN,Panama,1,Country,1,Red Cross Society of Panama,en,2021-07-29 15:46:24.395963+00:00,12,Flood,,en,2021-10-31T00:00:00Z,5442,3441,2026-04-08 14:30:30.858939+00:00,Panama - Floods,False,4000,2023-01-03 10:45:03+00:00,1,Americas,1,Americas,en,Americas Regional Office,2021-07-29T00:00:00Z,1,Closed
16125,362366.0,362366.0,0,DREF,MDRCR019,,DCR001,51,True,False,CR,CRI,Costa Rica,1,Country,1,Costa Rican Red Cross,en,2021-07-27 09:46:03.035690+00:00,27,Pluvial/Flash Flood,,en,2021-10-31T00:00:00Z,5438,3438,2026-04-08 14:30:30.715227+00:00,Costa Rica - Floods,False,7500,2023-01-03 10:43:05+00:00,1,Americas,1,Americas,en,Central America country cluster,2021-07-27T00:00:00Z,1,Closed
16123,120022.0,120022.0,0,DREF,MDRIQ012,,DIQ001,87,True,False,IQ,IRQ,Iraq,1,Country,4,Iraqi Red Crescent Society,en,2021-07-27 07:45:35.436062+00:00,13,Other,,en,2021-11-30T00:00:00Z,5430,3437,2026-04-08 14:30:30.671658+00:00,Iraq - Hospital Fire Incident,False,1212,2023-01-03 10:44:03+00:00,4,Middle East & North Africa,4,Middle East & North Africa,en,Iraq country office,2021-07-25T00:00:00Z,1,Closed
16119,748013.0,748013.0,0,DREF,MDRIR005,,DIR001,203,True,False,IR,IRN,"Iran, Islamic Republic of",1,Country,4,Red Crescent Society of the Islamic Republic of Iran,en,2021-07-26 07:45:55.053192+00:00,20,Drought,,en,2022-02-28T00:00:00Z,5541,3435,2026-04-30 07:30:17.229416+00:00,Iran - Droughts,False,303371,2024-09-16 11:33:00+00:00,4,Middle East & North Africa,4,Middle East & North Africa,en,Iran country office,2021-07-24T00:00:00Z,1,Closed
16121,497168.0,497168.0,0,DREF,MDRKZ010,,DKZ001,201,True,False,KZ,KAZ,Kazakhstan,1,Country,3,Red Crescent Society of the Republic of Kazakhstan,en,2021-07-26 08:45:57.322014+00:00,20,Drought,,en,2021-12-31T00:00:00Z,5397,3436,2026-04-08 14:30:30.624306+00:00,Kazakhstan - Drought,False,6151,2023-01-03 10:44:05+00:00,3,Europe,3,Europe,en,Central Asia country cluster,2021-07-24T00:00:00Z,1,Closed
16117,350491.0,350491.0,0,DREF,MDRZA010,,DZA001,158,True,False,ZA,ZAF,South Africa,1,Country,0,The South African Red Cross Society,en,2021-07-23 14:45:40.057175+00:00,6,Complex Emergency,,en,2021-12-31T00:00:00Z,5432,3434,2026-04-08 14:30:30.535317+00:00,South Africa - Urban Violence,False,8180,2023-01-03 10:46:05+00:00,0,Africa,0,Africa,en,"Country cluster for South Africa, Botswana, Lesotho, Namibia and Kingdom of Eswatini",2021-07-23T00:00:00Z,1,Closed
16110,276487.0,276487.0,0,DREF,MDRGM014,,DGM001,70,True,False,GM,GMB,"Gambia, Republic of The",1,Country,0,Gambia Red Cross Society,en,2021-07-13 14:45:32.426807+00:00,23,Storm Surge,,en,2021-10-31T00:00:00Z,5380,3432,2026-04-08 14:30:30.484412+00:00,Gambia - Windstorm Surge,False,5300,2023-01-03 10:44:00+00:00,0,Africa,0,Africa,en,"Country cluster for Senegal, Cape Verde, Gambia and Mauritania",2021-07-13T00:00:00Z,1,Closed
16307,0.0,9500000.0,1,Emergency Appeal,MGR65001,,DHU001,82,True,False,HU,HUN,Hungary,1,Country,3,Hungarian Red Cross,en,2021-11-24 13:46:04.560912+00:00,5,Population Movement,,en,2022-11-30T00:00:00Z,5686,3494,2026-04-30 07:30:17.566551+00:00,Pop. Movement - Belarus and Neighboring Countries,False,12000,2023-02-08 09:41:03+00:00,3,Europe,3,Europe,en,Europe Regional Office,2021-07-09T00:00:00Z,1,Closed
16106,338885.0,338885.0,0,DREF,MDRLT001,,DLT001,106,True,False,LT,LTU,Lithuania,1,Country,3,Lithuanian Red Cross Society,en,2021-07-12 08:45:55.850909+00:00,5,Population Movement,,en,2022-01-31T00:00:00Z,5347,3431,2021-10-14 09:45:56.507073+00:00,Lithuania - Population Movement,False,4000,2021-10-14 09:37:03+00:00,3,Europe,3,Europe,en,Central and South-Eastern Europe,2021-07-09T00:00:00Z,0,Active
16102,1800000.0,2500000.0,1,Emergency Appeal,MDR65005,,DHU001,82,True,False,HU,HUN,Hungary,1,Country,3,Hungarian Red Cross,en,2021-07-20 07:45:37.327814+00:00,5,Population Movement,,en,2021-12-31T00:00:00Z,5425,3433,2023-03-24 14:45:24.445103+00:00,Europe - Humanitarian Service Point @ Sea,False,0,2022-06-03 10:35:53.337604+00:00,3,Europe,3,Europe,en,Europe Regional Office,2021-07-09T00:00:00Z,0,Active
16100,54331.0,54331.0,0,DREF,MDRPH043,,DPH001,136,True,False,PH,PHL,Philippines,1,Country,2,Philippine Red Cross,en,2021-07-05 08:45:54.091914+00:00,8,Volcanic Eruption,,en,2021-08-31T00:00:00Z,5376,3430,2026-04-08 14:30:30.429447+00:00,Philippines - Taal Volcano Eruption,False,5000,2023-01-03 10:45:04+00:00,2,Asia Pacific,2,Asia Pacific,en,Philippines country office,2021-07-03T00:00:00Z,1,Closed
16086,481250.0,481250.0,0,DREF,MDRLK013,,DLK001,160,True,False,LK,LKA,Sri Lanka,1,Country,2,Sri Lanka Red Cross Society,en,2021-06-14 07:45:37.434150+00:00,13,Other,,en,2021-12-31T00:00:00Z,5324,3428,2026-04-08 14:30:30.383312+00:00,Sri Lanka - Cargo Ship Fire,False,15000,2023-01-03 10:44:05+00:00,2,Asia Pacific,2,Asia Pacific,en,New Delhi country cluster,2021-06-13T00:00:00Z,1,Closed
16082,132884.0,132884.0,0,DREF,MDRSR003,,DSR001,180,True,False,SR,SUR,Suriname,1,Country,1,Suriname Red Cross,en,2021-06-14 07:45:37.373324+00:00,12,Flood,,en,2021-10-31T00:00:00Z,5312,3426,2026-04-08 14:30:30.330291+00:00,Suriname - Floods,False,1500,2023-01-03 10:46:02+00:00,1,Americas,1,Americas,en,Caribbean country cluster,2021-06-13T00:00:00Z,1,Closed
16080,216925.0,216925.0,0,DREF,MDRGY003,,DGY001,79,True,False,GY,GUY,Guyana,1,Country,1,Guyana Red Cross Society,en,2021-06-14 07:45:37.338074+00:00,12,Flood,,en,2021-10-31T00:00:00Z,5330,3425,2026-04-08 14:30:30.275103+00:00,Guyana - Floods,False,2500,2023-01-03 10:44:01+00:00,1,Americas,1,Americas,en,Caribbean country cluster,2021-06-13T00:00:00Z,1,Closed
16078,246582.0,246582.0,0,DREF,MDRCY002,,DCY001,228,True,False,CY,CYP,Cyprus,1,Country,3,Cyprus Red Cross Society,en,2021-06-10 08:45:34.036284+00:00,5,Population Movement,,en,2022-01-31T00:00:00Z,5344,3424,2026-04-08 14:30:30.227734+00:00,Cyprus - Population Movement,False,5150,2023-01-03 10:43:05+00:00,3,Europe,3,Europe,en,Europe Other,2021-06-09T00:00:00Z,1,Closed
16075,224082.0,224082.0,0,DREF,MDRIL003,,DIL001,222,True,False,IL,ISR,Israel,1,Country,3,Magen David Adom in Israel,en,2021-06-02 12:45:47.477190+00:00,6,Complex Emergency,,en,2021-11-30T00:00:00Z,5278,3423,2026-04-08 14:30:30.177575+00:00,Israel - Complex Emergency,False,6000,2023-01-03 10:44:02+00:00,3,Europe,3,Europe,en,Europe Other,2021-06-02T00:00:00Z,1,Closed
16072,235405.0,235405.0,0,DREF,MDRMY006,,DMY001,111,True,False,MY,MYS,Malaysia,1,Country,2,Malaysian Red Crescent Society,en,2021-05-31 15:45:34.944124+00:00,12,Flood,,en,2021-08-31T00:00:00Z,5392,3422,2026-04-08 14:30:30.126034+00:00,Malaysia - Floods,False,5500,2023-01-03 10:45:02+00:00,2,Asia Pacific,2,Asia Pacific,en,Asia Pacific Regional Office,2021-05-31T00:00:00Z,1,Closed
16070,195641.0,195641.0,0,DREF,MDREG018,,DEG001,61,True,False,EG,EGY,Egypt,1,Country,4,Egyptian Red Crescent Society,en,2021-05-31 10:45:36.863532+00:00,6,Complex Emergency,,en,2021-12-31T00:00:00Z,5332,3421,2026-04-08 14:30:30.080500+00:00,Egypt - Palestine Complex Emergency,False,3117,2023-06-14 13:42:01+00:00,4,Middle East & North Africa,4,Middle East & North Africa,en,Middle East and North Africa,2021-05-29T00:00:00Z,1,Closed
16037,189885.0,189885.0,0,DREF,MDRRW020,,DRW001,143,True,False,RW,RWA,Rwanda,1,Country,0,Rwandan Red Cross,en,2021-05-14 07:45:35.704760+00:00,12,Flood,,en,2021-09-30T00:00:00Z,5329,3407,2026-04-08 14:30:29.636942+00:00,Rwanda - Flood and Windstorm,False,3500,2023-01-03 10:46:01+00:00,0,Africa,0,Africa,en,"Country cluster for Democratic Republic of Congo, Republic of Congo, Burundi and Rwanda",2021-05-27T00:00:00Z,1,Closed
16065,2259223.2,4000000.0,1,Emergency Appeal,MDRNYIRA21,,DKE001,93,True,False,KE,KEN,Kenya,1,Country,0,Kenya Red Cross Society,en,2021-05-31 09:45:32.766457+00:00,8,Volcanic Eruption,,en,2022-07-31T00:00:00Z,5308,3420,2023-11-28 12:45:24.144522+00:00,DR Congo & Rwanda - Mt Nyiragongo Eruption,False,83330,2023-02-08 09:40:04+00:00,0,Africa,0,Africa,en,"Country cluster for Democratic Republic of Congo, Republic of Congo, Burundi and Rwanda",2021-05-23T00:00:00Z,1,Closed
16059,226560.0,226560.0,0,DREF,MDRTJ030,,DTJ001,167,True,False,TJ,TJK,Tajikistan,1,Country,3,Red Crescent Society of Tajikistan,en,2021-05-24 07:45:56.190672+00:00,12,Flood,,en,2021-09-30T00:00:00Z,5292,3418,2026-04-08 14:30:30.027443+00:00,Tajikistan - Floods,False,1785,2023-01-03 10:46:03+00:00,3,Europe,3,Europe,en,Central Asia country cluster,2021-05-22T00:00:00Z,1,Closed
16053,499498.0,499498.0,0,DREF,MDRLK012,,DLK001,160,True,False,LK,LKA,Sri Lanka,1,Country,2,Sri Lanka Red Cross Society,en,2021-05-21 14:46:17.411286+00:00,12,Flood,,en,2021-11-30T00:00:00Z,5294,3415,2026-04-08 14:30:29.931566+00:00,Sri Lanka - Floods,False,41507,2023-01-03 10:44:05+00:00,2,Asia Pacific,2,Asia Pacific,en,New Delhi country cluster,2021-05-21T00:00:00Z,1,Closed
16055,228279.0,228279.0,0,DREF,MDRBD027,,DBD001,27,True,False,BD,BGD,Bangladesh,1,Country,2,Bangladesh Red Crescent Society,en,2021-05-24 07:45:56.114064+00:00,4,Cyclone,,en,2021-08-31T00:00:00Z,5300,3416,2026-04-08 14:30:29.980155+00:00,Bangladesh - Impending Cyclone,False,20000,2023-01-03 10:43:01+00:00,2,Asia Pacific,2,Asia Pacific,en,Bangladesh country office,2021-05-21T00:00:00Z,1,Closed
16050,143250.0,143250.0,0,DREF,MDRCO019,,DCO001,48,True,False,CO,COL,Colombia,1,Country,1,Colombian Red Cross Society,en,2021-05-17 14:45:42.600301+00:00,7,Civil Unrest,,en,2021-08-31T00:00:00Z,5267,3413,2026-04-08 14:30:29.874461+00:00,Colombia - Civil Unrest,False,2280,2023-01-03 10:43:04+00:00,1,Americas,1,Americas,en,South America country cluster,2021-05-17T00:00:00Z,1,Closed
16047,497700.0,497700.0,0,DREF,MDRAF008,,DAF001,14,True,False,AF,AFG,Afghanistan,1,Country,2,Afghan Red Crescent,en,2021-05-17 07:45:55.002796+00:00,12,Flood,,en,2022-01-31T00:00:00Z,5393,3412,2026-04-08 14:30:29.826203+00:00,Afghanistan - Floods,False,14000,2023-01-03 10:43:00+00:00,2,Asia Pacific,2,Asia Pacific,en,Afghanistan country office,2021-05-16T00:00:00Z,1,Closed
16043,1000000.0,1000000.0,0,DREF,MDRPS012,,DPS001,205,True,False,PS,PSE,Palestine,1,Country,4,Palestine Red Crescent Society,en,2021-05-14 14:45:55.130138+00:00,7,Civil Unrest,,en,2022-03-31T00:00:00Z,5280,3410,2026-04-08 14:30:29.733707+00:00,Palestine - Support to PRCS,False,155136,2023-01-03 10:45:05+00:00,4,Middle East & North Africa,4,Middle East & North Africa,en,Palestine country office,2021-05-14T00:00:00Z,1,Closed
16045,370666.0,370666.0,0,DREF,MDRKE048,,DKE001,93,True,False,KE,KEN,Kenya,1,Country,0,Kenya Red Cross Society,en,2021-05-17 07:45:54.957077+00:00,1,Epidemic,,en,2021-09-30T00:00:00Z,5400,3411,2026-04-08 14:30:29.779337+00:00,Kenya - Dengue Outbreaks May 2021,False,250000,2023-01-03 10:44:04+00:00,0,Africa,0,Africa,en,Africa Regional Office and Country cluster for Kenya and Somalia,2021-05-14T00:00:00Z,1,Closed
16819,26892490.34,232500000.0,1,Emergency Appeal,MGR60001,,DKE001,93,True,False,KE,KEN,Kenya,1,Country,0,Kenya Red Cross Society,en,2022-10-06 09:46:25.180838+00:00,21,Food Insecurity,,en,2025-04-30T00:00:00Z,6008,3624,2026-04-30 07:30:18.162398+00:00,Africa - Hunger Crisis,False,14000000,2025-07-11 10:06:00+00:00,0,Africa,0,Africa,en,Africa Regional Office and Country cluster for Kenya and Somalia,2021-05-13T00:00:00Z,0,Active
16041,337871.0,337871.0,0,DREF,MDRKG013,,DKG001,98,True,False,KG,KGZ,Kyrgyzstan,1,Country,3,Red Crescent Society of Kyrgyzstan,en,2021-05-14 09:45:32.052375+00:00,5,Population Movement,,en,2021-10-31T00:00:00Z,5261,3409,2026-04-08 14:30:29.683102+00:00,Kyrgyzstan - Border conflict,False,6000,2023-01-03 10:44:04+00:00,3,Europe,3,Europe,en,Central Asia country cluster,2021-05-13T00:00:00Z,1,Closed
16035,200433.0,200433.0,0,DREF,MDRET025,,DET001,65,True,False,ET,ETH,Ethiopia,1,Country,0,Ethiopian Red Cross Society,en,2021-05-14 07:45:35.660769+00:00,7,Civil Unrest,,en,2021-10-31T00:00:00Z,5331,3406,2026-04-08 14:30:29.588684+00:00,Ethiopia - Election Prep. May 2021,False,15000,2023-01-03 10:44:00+00:00,0,Africa,0,Africa,en,Country cluster for Ethiopia and Djibouti,2021-05-11T00:00:00Z,1,Closed
16024,468259.0,468259.0,0,DREF,MDRBI018,,DBI001,39,True,False,BI,BDI,Burundi,1,Country,0,Burundi Red Cross,en,2021-04-29 08:45:55.804876+00:00,27,Pluvial/Flash Flood,,en,2021-09-30T00:00:00Z,5258,3404,2026-04-08 14:30:29.501570+00:00,Burundi - April Floods,False,11840,2023-01-03 10:43:02+00:00,0,Africa,0,Africa,en,"Country cluster for Democratic Republic of Congo, Republic of Congo, Burundi and Rwanda",2021-04-28T00:00:00Z,1,Closed
16026,84694.0,84694.0,0,DREF,MDREG017,,DEG001,61,True,False,EG,EGY,Egypt,1,Country,4,Egyptian Red Crescent Society,en,2021-04-29 08:45:55.838477+00:00,54,Transport Accident,,en,2021-09-30T00:00:00Z,5248,3405,2026-04-08 14:30:29.548840+00:00,Egypt - Train Crash,False,680,2023-11-01 15:10:03+00:00,4,Middle East & North Africa,4,Middle East & North Africa,en,Middle East and North Africa,2021-04-28T00:00:00Z,1,Closed
16020,309462.0,309462.0,0,DREF,MDRPW001,,DPW001,130,True,False,PW,PLW,Palau,1,Country,2,Palau Red Cross Society,en,2021-04-27 09:45:42.819885+00:00,4,Cyclone,,en,2021-10-31T00:00:00Z,5255,3403,2026-04-08 14:30:29.455687+00:00,Palau - Typhoon Surigae,False,7288,2023-01-03 10:45:05+00:00,2,Asia Pacific,2,Asia Pacific,en,Suva country cluster,2021-04-26T00:00:00Z,1,Closed
16018,497473.0,497473.0,0,DREF,MDRKE047,,DKE001,93,True,False,KE,KEN,Kenya,1,Country,0,Kenya Red Cross Society,en,2021-04-26 08:46:09.991945+00:00,27,Pluvial/Flash Flood,,en,2021-10-31T00:00:00Z,5252,3402,2026-04-08 14:30:29.407575+00:00,Kenya - April Floods,False,22825,2023-01-03 10:44:04+00:00,0,Africa,0,Africa,en,Africa Regional Office and Country cluster for Kenya and Somalia,2021-04-24T00:00:00Z,1,Closed
16016,307183.0,307183.0,0,DREF,MDRTZ029,,DTZ001,189,True,False,TZ,TZA,"Tanzania, United Republic of",1,Country,0,Tanzania Red Cross National Society,en,2021-04-23 15:45:30.618682+00:00,13,Other,,en,2021-07-31T00:00:00Z,5256,3401,2026-04-08 14:30:29.357984+00:00,Tanzania - Tropical Storm Jobo,False,15375,2023-01-03 10:46:04+00:00,0,Africa,0,Africa,en,"Country cluster for South Sudan, Tanzania and Uganda",2021-04-23T00:00:00Z,1,Closed
16005,1935244.1700000002,2000000.0,1,Emergency Appeal,MDRVC005,,DVC001,179,True,False,VC,VCT,Saint Vincent and the Grenadines,1,Country,1,Saint Vincent and the Grenadines Red Cross,en,2021-04-12 09:46:01.571450+00:00,8,Volcanic Eruption,,en,2022-12-31T00:00:00Z,5235,3400,2026-04-08 14:30:29.319853+00:00,St Vincent & Grenadines - La Soufrière Volcano,False,5400,2024-02-19 15:06:05+00:00,1,Americas,1,Americas,en,Caribbean country cluster,2021-04-12T00:00:00Z,1,Closed
17590,225286.0,225286.0,0,DREF,MDRVN022,,DVN001,191,True,False,VN,VNM,Viet Nam,1,Country,2,Vietnam Red Cross Society,en,2022-12-29 09:45:40.781089+00:00,19,Heat Wave,,en,2026-04-30T00:00:00Z,,3673,2026-04-30 07:30:18.845236+00:00,Vietnam - Heat Wave (EAP2021VN01),False,25525,2023-01-03 10:46:05+00:00,2,Asia Pacific,2,Asia Pacific,en,Bangkok country cluster,2021-04-09T00:00:00Z,0,Active
16001,103864.0,103864.0,0,DREF,MDREG016,,DEG001,61,True,False,EG,EGY,Egypt,1,Country,4,Egyptian Red Crescent Society,en,2021-04-06 14:46:04.718837+00:00,54,Transport Accident,,en,2021-09-30T00:00:00Z,5194,3399,2026-04-08 14:30:29.275743+00:00,Egypt - Train Crash,False,610,2023-11-23 07:05:00+00:00,4,Middle East & North Africa,4,Middle East & North Africa,en,Middle East and North Africa,2021-04-06T00:00:00Z,1,Closed
15996,87703.0,87703.0,0,DREF,MDRNA012,,DNA001,122,True,False,NA,NAM,Namibia,1,Country,0,Namibia Red Cross,en,2021-04-06 08:45:40.893755+00:00,5,Population Movement,,en,2021-08-31T00:00:00Z,5205,3397,2026-04-08 14:30:29.173854+00:00,Namibia - Population Movement from Angola,False,894,2023-01-03 10:45:02+00:00,0,Africa,0,Africa,en,"Country cluster for South Africa, Botswana, Lesotho, Namibia and Kingdom of Eswatini",2021-04-02T00:00:00Z,1,Closed
15998,275374.0,275374.0,0,DREF,MDRSL010,,DSL001,152,True,False,SL,SLE,Sierra Leone,1,Country,0,Sierra Leone Red Cross Society,en,2021-04-06 08:45:40.937231+00:00,15,Fire,,en,2021-08-31T00:00:00Z,5198,3398,2026-04-08 14:30:29.225004+00:00,Sierra Leone - Fire Accident,False,5000,2023-01-03 10:46:01+00:00,0,Africa,0,Africa,en,"Country cluster for Sierra Leone, Liberia, Guinea and Guinea Bisau",2021-04-02T00:00:00Z,1,Closed
15901,0.0,0.0,0,DREF,MDRBD026,,DBD001,27,True,False,BD,BGD,Bangladesh,1,Country,2,Bangladesh Red Crescent Society,en,2021-03-26 16:45:49.625900+00:00,15,Fire,,en,2021-06-30T00:00:00Z,5251,3396,2026-04-08 14:30:29.127021+00:00,Bangladesh - Fire in Camp Settlement,False,0,2023-01-03 10:03:00+00:00,2,Asia Pacific,2,Asia Pacific,en,Bangladesh country office,2021-03-26T00:00:00Z,1,Closed
15899,96478.0,96478.0,0,DREF,MDRGM013,,DGM001,70,True,False,GM,GMB,"Gambia, Republic of The",1,Country,0,Gambia Red Cross Society,en,2021-03-25 14:45:36.175678+00:00,5,Population Movement,,en,2021-06-30T00:00:00Z,5180,3395,2026-04-08 14:30:29.078772+00:00,Gambia - Communal Violence,False,1096,2023-01-03 10:44:00+00:00,0,Africa,0,Africa,en,"Country cluster for Senegal, Cape Verde, Gambia and Mauritania",2021-03-25T00:00:00Z,1,Closed
15892,50700511.21,120000000.0,1,Emergency Appeal,MDRAF007,,DAF001,14,True,False,AF,AFG,Afghanistan,1,Country,2,Afghan Red Crescent,en,2021-03-19 09:45:54.027607+00:00,6,Complex Emergency,,en,2024-12-31T00:00:00Z,5220,3393,2026-04-30 07:30:17.118027+00:00,Afghanistan - Humanitarian Crises,False,2000000,2023-08-15 15:20:04+00:00,2,Asia Pacific,2,Asia Pacific,en,Afghanistan country office,2021-03-19T00:00:00Z,0,Active
15894,335835.0,335835.0,0,DREF,MDRMN014,,DMN001,194,True,False,MN,MNG,Mongolia,1,Country,2,Mongolian Red Cross Society,en,2021-03-19 12:45:49.867082+00:00,13,Other,,en,2021-06-30T00:00:00Z,5257,3394,2026-04-08 14:30:29.019564+00:00,Mongolia - Sandstorm,False,4000,2023-01-03 10:45:01+00:00,2,Asia Pacific,2,Asia Pacific,en,Beijing country cluster,2021-03-19T00:00:00Z,1,Closed
15890,145453.0,145453.0,0,DREF,MDRDZ006,,DDZ001,16,True,False,DZ,DZA,Algeria,1,Country,4,Algerian Red Crescent,en,2021-03-17 14:45:33.431694+00:00,12,Flood,,en,2021-07-31T00:00:00Z,5174,3392,2026-04-08 14:30:28.940423+00:00,Algeria - Chlef Floods,False,2435,2023-11-23 07:05:05+00:00,4,Middle East & North Africa,4,Middle East & North Africa,en,Tunis country cluster,2021-03-17T00:00:00Z,1,Closed
15885,2081949.4800000002,4500000.0,1,Emergency Appeal,MDRMM016,,DMM001,121,True,False,MM,MMR,Myanmar,1,Country,2,Myanmar Red Cross Society,en,2021-05-20 15:11:39.564249+00:00,7,Civil Unrest,,en,2023-03-31T00:00:00Z,5301,3414,2026-04-08 14:30:28.903385+00:00,Myanmar - Complex Emergency,False,202000,2025-07-29 17:49:05+00:00,2,Asia Pacific,2,Asia Pacific,en,Myanmar country office,2021-03-12T00:00:00Z,1,Closed
15883,218628.0,218628.0,0,DREF,MDRGQ002,,DGQ001,63,True,False,GQ,GNQ,Equatorial Guinea,1,Country,0,Red Cross of Equatorial Guinea,en,2021-03-11 16:45:30.822241+00:00,13,Other,,en,2021-09-30T00:00:00Z,5157,3391,2026-04-08 14:30:28.858371+00:00,Equatorial Guinea - Explosions in Bata,False,2250,2023-05-01 11:57:03+00:00,0,Africa,0,Africa,en,"Country cluster for Cameroon, Gabon, Equatorial Guinea and Sao Tome and Principe",2021-03-11T00:00:00Z,1,Closed
15873,497781.0,497781.0,0,DREF,MDRIR004,,DIR001,203,True,False,IR,IRN,"Iran, Islamic Republic of",1,Country,4,Red Crescent Society of the Islamic Republic of Iran,en,2021-02-26 15:45:35.499364+00:00,2,Earthquake,,en,2022-01-31T00:00:00Z,5141,3390,2026-04-08 14:30:28.806728+00:00,Iran - Sisakht Earthquake,False,17500,2023-01-25 15:18:02+00:00,4,Middle East & North Africa,4,Middle East & North Africa,en,Iran country office,2021-02-26T00:00:00Z,1,Closed
15854,0.0,8500000.0,1,Emergency Appeal,MDREBOLA21,,DNG001,128,True,False,NG,NGA,Nigeria,1,Country,0,Nigerian Red Cross Society,en,2021-02-20 07:46:12.634506+00:00,1,Epidemic,,en,2022-05-19T00:00:00Z,5123,3389,2026-04-30 07:30:17.051190+00:00,West Africa - Ebola Virus Disease outbreak,False,290000,2023-02-08 09:39:04+00:00,0,Africa,0,Africa,en,Africa Regional Office and Country cluster for Kenya and Somalia,2021-02-17T00:00:00Z,1,Closed
15850,290210.0,290210.0,0,DREF,MDRGN012,,DGN001,77,True,False,GN,GIN,Guinea,1,Country,0,Red Cross Society of Guinea,en,2021-02-17 13:45:34.141260+00:00,1,Epidemic,,en,2021-05-31T00:00:00Z,,3388,2021-05-03 11:11:20.574245+00:00,Guinea - EVD Outbreak,False,423951,,0,Africa,0,Africa,en,Sahel country cluster,2021-02-17T00:00:00Z,0,Active
15839,246675.0,246675.0,0,DREF,MDRTD019,,DTD001,45,True,False,TD,TCD,Chad,1,Country,0,Red Cross of Chad,en,2021-02-09 10:45:52.811777+00:00,5,Population Movement,,en,2021-06-30T00:00:00Z,5084,3387,2026-04-08 14:30:28.723125+00:00,Chad - Population Movement from Sudan,False,4029,2023-01-03 10:46:03+00:00,0,Africa,0,Africa,en,Country cluster for Central African Republic and Chad,2021-02-09T00:00:00Z,1,Closed
15836,114714.0,114714.0,0,DREF,MDRIQ011,,DIQ001,87,True,False,IQ,IRQ,Iraq,1,Country,4,Iraqi Red Crescent Society,en,2021-02-04 14:45:51.850849+00:00,13,Other,,en,2021-08-31T00:00:00Z,5086,3386,2026-04-08 14:30:28.676060+00:00,Iraq - Tayaran Square Explosions,False,1452,2023-01-03 10:44:03+00:00,4,Middle East & North Africa,4,Middle East & North Africa,en,Iraq country office,2021-02-04T00:00:00Z,1,Closed
15834,38893.0,38893.0,0,DREF,MDRZA009,,DZA001,158,True,False,ZA,ZAF,South Africa,1,Country,0,The South African Red Cross Society,en,2021-02-03 09:45:32.662379+00:00,12,Flood,,en,2021-05-31T00:00:00Z,5079,3385,2026-04-08 14:30:28.628817+00:00,South Africa - Tropical Storm Eloise,False,1500,2023-01-03 10:46:05+00:00,0,Africa,0,Africa,en,"Country cluster for South Africa, Botswana, Lesotho, Namibia and Kingdom of Eswatini",2021-02-03T00:00:00Z,1,Closed
15832,192509.0,192509.0,0,DREF,MDRZW015,,DZW001,13,True,False,ZW,ZWE,Zimbabwe,1,Country,0,Zimbabwe Red Cross Society,en,2021-01-29 15:45:35.900787+00:00,12,Flood,,en,2021-05-31T00:00:00Z,5082,3384,2026-04-08 14:30:28.576617+00:00,Zimbabwe - Tropical Storm Eloise,False,2000,2023-01-03 10:47:00+00:00,0,Africa,0,Africa,en,"Country cluster for Zimbabwe, Malawi and Zambia",2021-01-29T00:00:00Z,1,Closed
15816,1388911.0899999999,5500000.0,1,Emergency Appeal,MDRMZ016,,DMZ001,120,True,False,MZ,MOZ,Mozambique,1,Country,0,Mozambique Red Cross Society,en,2021-01-25 08:45:34.404469+00:00,12,Flood,,en,2023-01-31T00:00:00Z,5071,3382,2026-04-08 14:30:28.505476+00:00,"Mozambique, Africa 2021-22 Floods and Cyclones",False,165000,2023-11-28 10:28:02+00:00,0,Africa,0,Africa,en,Country cluster for Mozambique and Angola,2021-01-23T00:00:00Z,1,Closed
15814,346255.0,346255.0,0,DREF,MDRID021,,DID001,85,True,False,ID,IDN,Indonesia,1,Country,2,Indonesian Red Cross Society,en,2021-01-19 10:45:59.082541+00:00,12,Flood,,en,2021-07-31T00:00:00Z,5058,3381,2026-04-08 14:30:28.458186+00:00,Indonesia: South Kalimantan Floods,False,8000,2023-01-03 10:44:02+00:00,2,Asia Pacific,2,Asia Pacific,en,Indonesia country cluster,2021-01-19T00:00:00Z,1,Closed
15812,173715.0,173715.0,0,DREF,MDRCO018,,DCO001,48,True,False,CO,COL,Colombia,1,Country,1,Colombian Red Cross Society,en,2021-01-18 09:45:54.470919+00:00,12,Flood,,en,2021-06-30T00:00:00Z,4941,3380,2026-04-08 14:30:28.394770+00:00,Colombia - La Niña Phenomenon,False,0,2023-01-03 10:43:04+00:00,1,Americas,1,Americas,en,South America country cluster,2021-01-17T00:00:00Z,1,Closed
15810,749252.0,749252.0,0,DREF,MDRID020,,DID001,85,True,False,ID,IDN,Indonesia,1,Country,2,Indonesian Red Cross Society,en,2021-01-18 09:45:54.430089+00:00,2,Earthquake,,en,2021-07-31T00:00:00Z,5059,3379,2026-04-08 14:30:28.343055+00:00,Indonesia - West Sulawesi Earthquake,False,40000,2023-01-03 10:44:02+00:00,2,Asia Pacific,2,Asia Pacific,en,Indonesia country cluster,2021-01-16T00:00:00Z,1,Closed
15805,1080933.72,3500000.0,1,Emergency Appeal,MDRHR004,,DHR001,53,True,False,HR,HRV,Croatia,1,Country,3,Croatian Red Cross,en,2021-01-07 10:45:51.940986+00:00,2,Earthquake,,en,2022-03-31T00:00:00Z,5027,3378,2026-04-08 14:30:28.296708+00:00,Croatia - Earthquake,False,80000,2023-01-03 10:44:01+00:00,3,Europe,3,Europe,en,"Cluster Delegation for Albania, Bosnia, Bulgaria, Croatia, Montenegro, North Macedonia and Serbia",2021-01-07T00:00:00Z,1,Closed
15803,324047.0,324047.0,0,DREF,MDRMY005,,DMY001,111,True,False,MY,MYS,Malaysia,1,Country,2,Malaysian Red Crescent Society,en,2021-01-06 11:45:34.788780+00:00,12,Flood,,en,2021-05-31T00:00:00Z,5037,3377,2026-04-08 14:30:28.246886+00:00,Malaysia - Floods,False,5000,2023-01-03 10:45:02+00:00,2,Asia Pacific,2,Asia Pacific,en,Asia Pacific Regional Office,2021-01-05T00:00:00Z,1,Closed
15801,163761.0,163761.0,0,DREF,MDRZM013,,DZM001,12,True,False,ZM,ZMB,Zambia,1,Country,0,Zambia Red Cross Society,en,2021-01-05 15:45:38.455815+00:00,27,Pluvial/Flash Flood,,en,2021-04-30T00:00:00Z,5186,3376,2026-04-08 14:30:28.189964+00:00,Zambia - Dam Spillage,False,3000,2023-01-03 10:47:00+00:00,0,Africa,0,Africa,en,"Country cluster for Zimbabwe, Malawi and Zambia",2021-01-05T00:00:00Z,1,Closed
15796,103484.0,103484.0,0,DREF,MDRMZ015,,DMZ001,120,True,False,MZ,MOZ,Mozambique,1,Country,0,Mozambique Red Cross Society,en,2020-12-28 08:45:37.785250+00:00,13,Other,,en,2021-03-31T00:00:00Z,5022,3375,2026-04-08 14:30:28.142910+00:00,Mozambique - Tropical Storm Chalane,False,1500,2023-01-31 12:40:04+00:00,0,Africa,0,Africa,en,Country cluster for Mozambique and Angola,2020-12-27T00:00:00Z,1,Closed
15784,293454.0,293454.0,0,DREF,MDRMN013,,DMN001,194,True,False,MN,MNG,Mongolia,1,Country,2,Mongolian Red Cross Society,en,2020-12-18 17:45:33.531656+00:00,14,Cold Wave,,en,2021-03-18T00:00:00Z,5394,3374,2026-04-08 14:30:28.091580+00:00,Mongolia - Dzud,False,8000,2023-01-03 10:45:01+00:00,2,Asia Pacific,2,Asia Pacific,en,Beijing country cluster,2020-12-18T00:00:00Z,1,Closed
15782,676325.0,676325.0,0,DREF,MDRFJ005,,DFJ001,66,True,False,FJ,FJI,Fiji,1,Country,2,Fiji Red Cross Society,en,2020-12-17 08:45:36.727478+00:00,4,Cyclone,,en,2021-11-30T00:00:00Z,5006,3373,2026-04-08 14:30:28.039327+00:00,Fiji - Tropical Cyclone Yasa,False,20806,2023-01-03 10:44:00+00:00,2,Asia Pacific,2,Asia Pacific,en,Suva country cluster,2020-12-16T00:00:00Z,1,Closed
15778,250007.0,250007.0,0,DREF,MDRLK011,,DLK001,160,True,False,LK,LKA,Sri Lanka,1,Country,2,Sri Lanka Red Cross Society,en,2020-12-14 08:46:06.558027+00:00,12,Flood,,en,2021-06-30T00:00:00Z,4987,3372,2026-04-08 14:30:27.987905+00:00,Sri Lanka - Floods,False,18709,2023-01-03 10:44:05+00:00,2,Asia Pacific,2,Asia Pacific,en,New Delhi country cluster,2020-12-13T00:00:00Z,1,Closed
15776,130220.0,130220.0,0,DREF,MDRID019,,DID001,85,True,False,ID,IDN,Indonesia,1,Country,2,Indonesian Red Cross Society,en,2020-12-09 08:45:36.638221+00:00,8,Volcanic Eruption,,en,2021-06-30T00:00:00Z,4985,3371,2026-04-08 14:30:27.930044+00:00,Indonesia - Ili Lewotolok Volcano Eruption,False,10000,2023-01-03 10:44:02+00:00,2,Asia Pacific,2,Asia Pacific,en,Indonesia country cluster,2020-12-08T00:00:00Z,1,Closed
15763,136955.0,136955.0,0,DREF,MDRSO010,,DSO001,157,True,False,SO,SOM,Somalia,1,Country,0,Somali Red Crescent Society,en,2020-12-01 10:46:09.478824+00:00,4,Cyclone,,en,2021-02-28T00:00:00Z,5185,3370,2026-04-08 14:30:27.872686+00:00,Somalia - Tropical Cyclone GATI,False,6000,2023-01-03 10:46:02+00:00,0,Africa,0,Africa,en,Africa Regional Office and Country cluster for Kenya and Somalia,2020-12-01T00:00:00Z,1,Closed
15761,249900.0,249900.0,0,DREF,MDRMG017,,DMG001,109,True,False,MG,MDG,Madagascar,1,Country,0,Malagasy Red Cross Society,en,2020-11-30 08:45:36.664171+00:00,21,Food Insecurity,,en,2021-04-30T00:00:00Z,4971,3369,2026-04-08 14:30:27.818074+00:00,Madagascar - Food Insecurity,False,10000,2023-01-03 10:45:00+00:00,0,Africa,0,Africa,en,"Country cluster for Madagascar, Comoro Islands, Mauritius and Seychelles",2020-11-29T00:00:00Z,1,Closed
15759,139033.0,139033.0,0,DREF,MDRNG031,,DNG001,128,True,False,NG,NGA,Nigeria,1,Country,0,Nigerian Red Cross Society,en,2020-11-27 13:45:48.891931+00:00,1,Epidemic,,en,2021-04-30T00:00:00Z,4942,3368,2026-04-08 14:30:27.768798+00:00,Nigeria - Yellow Fever Outbreak,False,900000,2023-01-03 10:45:03+00:00,0,Africa,0,Africa,en,"Country cluster for Nigeria, Benin, Ghana and Togo",2020-11-27T00:00:00Z,1,Closed
15752,490386.0,490386.0,0,DREF,MDRCO017,,DCO001,48,True,False,CO,COL,Colombia,1,Country,1,Colombian Red Cross Society,en,2020-11-20 14:45:47.145950+00:00,4,Cyclone,,en,2021-03-31T00:00:00Z,4953,3366,2026-04-08 14:30:27.716845+00:00,Colombia - Hurricane Iota,False,12000,2023-01-03 10:43:04+00:00,1,Americas,1,Americas,en,South America country cluster,2020-11-20T00:00:00Z,1,Closed
15754,357391.0,357391.0,0,DREF,MDRET024,,DET001,65,True,False,ET,ETH,Ethiopia,1,Country,0,Ethiopian Red Cross Society,en,2020-11-23 08:45:29.301681+00:00,5,Population Movement,,en,2021-03-31T00:00:00Z,4976,3367,2021-01-25 13:47:03.742678+00:00,Ethiopia - Population Movement,False,7500,,0,Africa,0,Africa,en,East Africa country cluster,2020-11-20T00:00:00Z,0,Active
15818,1312452.7235,9396000.0,1,Emergency Appeal,MDRTIGRAY,,DKE001,93,True,False,KE,KEN,Kenya,1,Country,0,Kenya Red Cross Society,en,2021-01-25 14:45:52.637342+00:00,5,Population Movement,,en,2022-12-31T00:00:00Z,5083,3383,2026-04-30 07:30:17.016616+00:00,Tigray Crisis - Population Movement,False,665000,2023-09-14 12:25:00+00:00,0,Africa,0,Africa,en,Country cluster for Ethiopia and Djibouti,2020-11-18T00:00:00Z,0,Active
15750,498763.0,498763.0,0,DREF,MDRSD029,,DSD001,161,True,False,SD,SDN,Sudan,1,Country,0,Sudanese Red Crescent,en,2020-11-18 16:45:38.928386+00:00,5,Population Movement,,en,2021-03-31T00:00:00Z,4913,3365,2021-02-05 11:48:50.355933+00:00,Sudan - Tigray Pop.Movement,False,40000,,0,Africa,0,Africa,en,Sudan country office,2020-11-18T00:00:00Z,0,Active
15746,425329.0,425329.0,0,DREF,MDRBZ006,,DBZ001,31,True,False,BZ,BLZ,Belize,1,Country,1,Belize Red Cross Society,en,2020-11-16 08:45:32.242070+00:00,4,Cyclone,,en,2021-03-31T00:00:00Z,4909,3364,2026-04-08 14:30:27.665789+00:00,Belize - Hurricane Eta,False,5000,2023-01-03 10:43:03+00:00,1,Americas,1,Americas,en,Caribbean country cluster,2020-11-15T00:00:00Z,1,Closed
15741,403382.0,403382.0,0,DREF,MDRPH042,,DPH001,136,True,False,PH,PHL,Philippines,1,Country,2,Philippine Red Cross,en,2020-11-13 15:45:49.169343+00:00,4,Cyclone,,en,2021-05-31T00:00:00Z,4886,3363,2026-04-08 14:30:27.617790+00:00,Philippines - Typhoon Vamco,False,40000,2023-01-03 10:45:04+00:00,2,Asia Pacific,2,Asia Pacific,en,Philippines country office,2020-11-13T00:00:00Z,1,Closed
15739,345645.0,345645.0,0,DREF,MDRCR018,,DCR001,51,True,False,CR,CRI,Costa Rica,1,Country,1,Costa Rican Red Cross,en,2020-11-11 16:45:31.959195+00:00,4,Cyclone,,en,2021-03-31T00:00:00Z,4901,3362,2026-04-08 14:30:27.568136+00:00,Costa Rica - Hurricane Eta,False,7500,2023-01-03 10:43:05+00:00,1,Americas,1,Americas,en,Central America country cluster,2020-11-11T00:00:00Z,1,Closed
15737,149755.0,149755.0,0,DREF,MDRPA013,,DPA001,132,True,False,PA,PAN,Panama,1,Country,1,Red Cross Society of Panama,en,2020-11-11 15:46:02.757069+00:00,4,Cyclone,,en,2021-02-28T00:00:00Z,4901,3361,2026-04-08 14:30:27.517587+00:00,Panama - Hurricane Eta,False,1500,2023-01-03 10:45:03+00:00,1,Americas,1,Americas,en,Americas Regional Office,2020-11-11T00:00:00Z,1,Closed
15735,17411695.910000004,22140000.0,1,Emergency Appeal,MDR43007,,DHN001,81,True,False,HN,HND,Honduras,1,Country,1,Honduran Red Cross,en,2020-11-09 08:45:51.198891+00:00,4,Cyclone,,en,2022-08-31T00:00:00Z,4889,3360,2026-04-08 14:30:27.480235+00:00,Central America - Hurricane Eta,False,40000,2025-03-05 07:17:02+00:00,1,Americas,1,Americas,en,Americas Regional Office,2020-11-08T00:00:00Z,1,Closed
15733,0.0,0.0,1,Emergency Appeal,MDRNI010,,DNI001,126,True,False,NI,NIC,Nicaragua,1,Country,1,Nicaraguan Red Cross,en,2020-11-04 15:45:48.300136+00:00,4,Cyclone,,en,2020-11-08T00:00:00Z,4889,3359,2026-04-30 07:30:16.979397+00:00,Nicaragua - Hurricane Eta,False,0,2024-04-23 17:22:03+00:00,1,Americas,1,Americas,en,Central America country cluster,2020-11-04T00:00:00Z,1,Closed
15728,175039.0,175039.0,0,DREF,MDRVC004,,DVC001,179,True,False,VC,VCT,Saint Vincent and the Grenadines,1,Country,1,Saint Vincent and the Grenadines Red Cross,en,2020-11-02 10:45:47.900316+00:00,1,Epidemic,,en,2021-03-31T00:00:00Z,4809,3357,2026-04-08 14:30:27.341210+00:00,St Vincent & Grenadines - Dengue 2020,False,5000,2023-01-03 10:46:05+00:00,1,Americas,1,Americas,en,Caribbean country cluster,2020-11-02T00:00:00Z,1,Closed
15730,131125.0,131125.0,0,DREF,MDRLC004,,DLC001,178,True,False,LC,LCA,Saint Lucia,1,Country,1,Saint Lucia Red Cross,en,2020-11-02 10:45:47.933577+00:00,1,Epidemic,,en,2021-03-31T00:00:00Z,4860,3358,2026-04-08 14:30:27.390080+00:00,Saint Lucia - Dengue 2020,False,3000,2023-01-03 10:44:05+00:00,1,Americas,1,Americas,en,Caribbean country cluster,2020-11-02T00:00:00Z,1,Closed
15724,4488504.91,10820000.0,1,Emergency Appeal,MDRPH041,,DPH001,136,True,False,PH,PHL,Philippines,1,Country,2,Philippine Red Cross,en,2020-10-30 15:45:48.543957+00:00,4,Cyclone,,en,2022-11-30T00:00:00Z,4875,3356,2026-04-30 07:30:16.941555+00:00,Philippines - Floods and Typhoons 2020,False,120000,2025-07-09 18:17:00+00:00,2,Asia Pacific,2,Asia Pacific,en,Philippines country office,2020-10-30T00:00:00Z,1,Closed
15722,148019.0,148019.0,0,DREF,MDRKE046,,DKE001,93,True,False,KE,KEN,Kenya,1,Country,0,Kenya Red Cross Society,en,2020-10-30 09:45:33.390401+00:00,12,Flood,,en,2020-12-31T00:00:00Z,4977,3355,2026-04-08 14:30:27.250657+00:00,Kenya - Dam Spillage in Turkwel,False,150000,2023-01-03 10:44:04+00:00,0,Africa,0,Africa,en,Africa Regional Office and Country cluster for Kenya and Somalia,2020-10-29T00:00:00Z,1,Closed
15718,510650.0,510650.0,0,DREF,MDRSY005,,DSY001,206,True,False,SY,SYR,Syrian Arab Republic,1,Country,4,Syrian Arab Red Crescent,en,2020-10-23 08:45:51.224253+00:00,15,Fire,,en,2021-05-31T00:00:00Z,4827,3354,2026-04-08 14:30:27.201637+00:00,Syria - Wildfires,False,12500,2023-01-03 10:46:02+00:00,4,Middle East & North Africa,4,Middle East & North Africa,en,Syria country office,2020-10-22T00:00:00Z,1,Closed
15716,617894.0,617894.0,0,DREF,MDRAZ004,,DAZ001,200,True,False,AZ,AZE,Azerbaijan,1,Country,3,Red Crescent Society of Azerbaijan,en,2020-10-23 08:45:51.171523+00:00,5,Population Movement,,en,2021-03-31T00:00:00Z,4807,3353,2026-04-08 14:30:27.160176+00:00,Azerbaijan - NK Conflict,False,7610,2023-01-03 10:43:01+00:00,3,Europe,3,Europe,en,Southern Caucasus country cluster,2020-10-22T00:00:00Z,1,Closed
15714,163514.0,163514.0,0,DREF,MDRLA007,,DLA001,99,True,False,LA,LAO,Lao People's Democratic Republic,1,Country,2,Lao Red Cross,en,2020-10-22 15:45:46.398357+00:00,12,Flood,,en,2021-01-31T00:00:00Z,4864,3352,2026-04-08 14:30:27.107791+00:00,Lao PDR - Floods,False,13000,2023-01-03 10:44:05+00:00,2,Asia Pacific,2,Asia Pacific,en,Bangkok country cluster,2020-10-22T00:00:00Z,1,Closed
15711,2040437.4899999998,2289000.0,1,Emergency Appeal,MDRVN020,,DVN001,191,True,False,VN,VNM,Viet Nam,1,Country,2,Vietnam Red Cross Society,en,2020-10-20 07:45:41.449092+00:00,12,Flood,,en,2021-12-31T00:00:00Z,4896,3351,2026-04-08 14:30:27.067960+00:00,Vietnam - Floods,False,110000,2023-01-03 10:46:05+00:00,2,Asia Pacific,2,Asia Pacific,en,Bangkok country cluster,2020-10-19T00:00:00Z,1,Closed
15709,247218.0,247218.0,0,DREF,MDRNG030,,DNG001,128,True,False,NG,NGA,Nigeria,1,Country,0,Nigerian Red Cross Society,en,2020-10-19 07:45:53.929597+00:00,12,Flood,,en,2021-03-31T00:00:00Z,4978,3350,2026-04-08 14:30:27.013778+00:00,Nigeria - Floods,False,12000,2023-01-03 10:45:03+00:00,0,Africa,0,Africa,en,"Country cluster for Nigeria, Benin, Ghana and Togo",2020-10-18T00:00:00Z,1,Closed
15705,143447.0,143447.0,0,DREF,MDRCD031,,DCD001,187,True,False,CD,COD,Democratic Republic of Congo,1,Country,0,Red Cross of the Democratic Republic of the Congo,en,2020-10-14 08:45:40.572094+00:00,12,Flood,,en,2021-04-30T00:00:00Z,4804,3349,2026-04-08 14:30:26.960776+00:00,Dem Rep Congo - Floods in Saké,False,35422,2023-01-03 10:43:03+00:00,0,Africa,0,Africa,en,"Country cluster for Democratic Republic of Congo, Republic of Congo, Burundi and Rwanda",2020-10-13T00:00:00Z,1,Closed
15697,142233.0,142233.0,0,DREF,MDRTZ028,,DTZ001,189,True,False,TZ,TZA,"Tanzania, United Republic of",1,Country,0,Tanzania Red Cross National Society,en,2020-10-08 08:45:27.206210+00:00,7,Civil Unrest,,en,2020-12-31T00:00:00Z,4979,3348,2026-04-08 14:30:26.918481+00:00,Tanzania - Elections Preparedness,False,10000,2023-01-03 10:46:04+00:00,0,Africa,0,Africa,en,"Country cluster for South Sudan, Tanzania and Uganda",2020-10-07T00:00:00Z,1,Closed
15695,501485.0,501485.0,0,DREF,MDRAM007,,DAM001,21,True,False,AM,ARM,Armenia,1,Country,3,Armenian Red Cross Society,en,2020-10-07 08:45:52.422494+00:00,5,Population Movement,,en,2021-03-31T00:00:00Z,4790,3347,2026-04-08 14:30:26.869812+00:00,Armenia - Nagorno-Karabakh conflict,False,33200,2023-01-03 10:43:01+00:00,3,Europe,3,Europe,en,Southern Caucasus country cluster,2020-10-06T00:00:00Z,1,Closed
15691,490443.0,490443.0,0,DREF,MDRTN009,,DTN001,173,True,False,TN,TUN,Tunisia,1,Country,4,Tunisian Red Crescent,en,2020-10-06 07:45:31.637713+00:00,27,Pluvial/Flash Flood,,en,2021-04-30T00:00:00Z,,3345,2026-04-08 14:30:26.777499+00:00,Tunisia - Flash Floods,False,10000,2023-01-03 10:46:03+00:00,4,Middle East & North Africa,4,Middle East & North Africa,en,Tunis country cluster,2020-10-05T00:00:00Z,1,Closed
15693,169568.0,169568.0,0,DREF,MDRCI013,,DCI001,182,True,False,CI,CIV,Côte d'Ivoire,1,Country,0,Red Cross Society of Côte d'Ivoire,en,2020-10-06 08:45:49.261450+00:00,7,Civil Unrest,,en,2021-01-31T00:00:00Z,4980,3346,2026-04-08 14:30:26.827066+00:00,Côte d'Ivoire - Elections Preparedness,False,6000,2023-01-03 10:43:04+00:00,0,Africa,0,Africa,en,"Country cluster for Niger, Cote d'Ivoire, Burkina Faso and Mali",2020-10-05T00:00:00Z,1,Closed
15689,176363.0,176363.0,0,DREF,MDREC016,,DEC001,60,True,False,EC,ECU,Ecuador,1,Country,1,Ecuadorian Red Cross,en,2020-10-06 07:45:31.602469+00:00,8,Volcanic Eruption,,en,2021-01-31T00:00:00Z,4796,3344,2026-04-08 14:30:26.725733+00:00,Ecuador - Volcanic Eruption,False,4176,2023-01-03 10:43:05+00:00,1,Americas,1,Americas,en,South America country cluster,2020-10-05T00:00:00Z,1,Closed
15687,294392.0,294392.0,0,DREF,MDRCM029,,DCM001,41,True,False,CM,CMR,Cameroon,1,Country,0,Cameroon Red Cross Society,en,2020-10-05 17:45:32.502717+00:00,12,Flood,,en,2021-02-28T00:00:00Z,4768,3343,2026-04-08 14:30:26.670348+00:00,Cameroon - Floods in Far North,False,8925,2023-01-03 10:43:04+00:00,0,Africa,0,Africa,en,"Country cluster for Cameroon, Gabon, Equatorial Guinea and Sao Tome and Principe",2020-10-02T00:00:00Z,1,Closed
15682,240030.0,240030.0,0,DREF,MDRTD018,,DTD001,45,True,False,TD,TCD,Chad,1,Country,0,Red Cross of Chad,en,2020-09-29 07:45:49.057656+00:00,12,Flood,,en,2021-02-28T00:00:00Z,4729,3342,2026-04-08 14:30:26.620293+00:00,Chad - Floods,False,3210,2023-01-03 10:46:03+00:00,0,Africa,0,Africa,en,Country cluster for Central African Republic and Chad,2020-09-28T00:00:00Z,1,Closed
15679,392993.0,392993.0,0,DREF,MDRET023,,DET001,65,True,False,ET,ETH,Ethiopia,1,Country,0,Ethiopian Red Cross Society,en,2020-09-25 09:45:32.450059+00:00,12,Flood,,en,2021-02-28T00:00:00Z,4786,3341,2026-04-08 14:30:26.563475+00:00,Ethiopia - Floods,False,11316,2023-01-03 10:44:00+00:00,0,Africa,0,Africa,en,Country cluster for Ethiopia and Djibouti,2020-09-24T00:00:00Z,1,Closed
15677,195456.0,195456.0,0,DREF,MDRBF015,,DBF001,181,True,False,BF,BFA,Burkina Faso,1,Country,0,Burkinabe Red Cross Society,en,2020-09-24 08:45:35.478749+00:00,12,Flood,,en,2021-01-31T00:00:00Z,4758,3340,2026-04-08 14:30:26.514710+00:00,Burkina Faso - Floods,False,5000,2023-01-03 10:43:02+00:00,0,Africa,0,Africa,en,"Country cluster for Niger, Cote d'Ivoire, Burkina Faso and Mali",2020-09-23T00:00:00Z,1,Closed
15675,105926.0,105926.0,0,DREF,MDREC015,,DEC001,60,True,False,EC,ECU,Ecuador,1,Country,1,Ecuadorian Red Cross,en,2020-09-21 06:45:34.573181+00:00,8,Volcanic Eruption,,en,2020-11-21T00:00:00Z,4780,3339,2026-04-08 14:30:26.463121+00:00,Ecuador - Volcanic Ash,False,0,2023-01-03 10:43:05+00:00,1,Americas,1,Americas,en,South America country cluster,2020-09-21T00:00:00Z,1,Closed
15668,268032.0,268032.0,0,DREF,MDRGN011,,DGN001,77,True,False,GN,GIN,Guinea,1,Country,0,Red Cross Society of Guinea,en,2020-09-17 07:45:32.028870+00:00,12,Flood,,en,2021-02-28T00:00:00Z,4752,3338,2026-04-08 14:30:26.411294+00:00,Guinea - Floods in Kankan,False,19814,2023-01-03 10:44:00+00:00,0,Africa,0,Africa,en,"Country cluster for Sierra Leone, Liberia, Guinea and Guinea Bisau",2020-09-16T00:00:00Z,1,Closed
15666,352784.0,352784.0,0,DREF,MDRMR012,,DMR001,114,True,False,MR,MRT,Mauritania,1,Country,0,Mauritanian Red Crescent,en,2020-09-16 13:45:31.113222+00:00,12,Flood,,en,2021-02-28T00:00:00Z,4760,3337,2026-04-08 14:30:26.359108+00:00,Mauritania - Floods in Bassiknou,False,5688,2023-01-03 10:45:01+00:00,0,Africa,0,Africa,en,"Country cluster for Senegal, Cape Verde, Gambia and Mauritania",2020-09-16T00:00:00Z,1,Closed
15663,331410.0,331410.0,0,DREF,MDRSN017,,DSN001,150,True,False,SN,SEN,Senegal,1,Country,0,Senegalese Red Cross Society,en,2020-09-14 06:46:08.286188+00:00,12,Flood,,en,2021-03-31T00:00:00Z,4748,3336,2026-04-08 14:30:26.304192+00:00,Senegal - Floods in Dakar and Thiès,False,8100,2023-01-03 10:46:02+00:00,0,Africa,0,Africa,en,"Country cluster for Senegal, Cape Verde, Gambia and Mauritania",2020-09-12T00:00:00Z,1,Closed
15660,427225.0,427225.0,0,DREF,MDRAF006,,DAF001,14,True,False,AF,AFG,Afghanistan,1,Country,2,Afghan Red Crescent,en,2020-09-08 15:45:31.111981+00:00,27,Pluvial/Flash Flood,,en,2021-02-28T00:00:00Z,5395,3335,2026-04-08 14:30:26.255371+00:00,Afghanistan - Flash Floods,False,35000,2023-01-03 10:43:00+00:00,2,Asia Pacific,2,Asia Pacific,en,Afghanistan country office,2020-09-08T00:00:00Z,1,Closed
15654,264252.0,264252.0,0,DREF,MDRNE024,,DNE001,127,True,False,NE,NER,Niger,1,Country,0,Red Cross Society of Niger,en,2020-08-26 13:45:48.449631+00:00,12,Flood,,en,2020-11-30T00:00:00Z,4687,3334,2026-04-08 14:30:26.206406+00:00,Niger - Floods,False,7000,2023-01-03 10:45:02+00:00,0,Africa,0,Africa,en,"Country cluster for Niger, Cote d'Ivoire, Burkina Faso and Mali",2020-08-26T00:00:00Z,1,Closed
15651,563225.0,563225.0,0,DREF,MDRDZ005,,DDZ001,16,True,False,DZ,DZA,Algeria,1,Country,4,Algerian Red Crescent,en,2020-08-26 07:45:31.811201+00:00,2,Earthquake,,en,2021-02-28T00:00:00Z,4673,3333,2026-04-08 14:30:26.164414+00:00,Algeria - Mila Earthquake,False,10000,2024-02-19 10:10:01+00:00,4,Middle East & North Africa,4,Middle East & North Africa,en,Tunis country cluster,2020-08-25T00:00:00Z,1,Closed
15649,598649.0,598649.0,0,DREF,MDRPK019,,DPK001,131,True,False,PK,PAK,Pakistan,1,Country,2,Pakistan Red Crescent,en,2020-08-25 08:45:33.187482+00:00,12,Flood,,en,2021-02-28T00:00:00Z,4672,3332,2026-04-08 14:30:26.113793+00:00,Pakistan - Monsoon Flood,False,96250,2023-01-03 10:45:05+00:00,2,Asia Pacific,2,Asia Pacific,en,Pakistan country office,2020-08-24T00:00:00Z,1,Closed
15647,117862.0,117862.0,0,DREF,MDRBY009,,DBY001,29,True,False,BY,BLR,Belarus,1,Country,3,Belarus Red Cross,en,2020-08-19 15:45:50.039603+00:00,13,Other,,en,2021-02-28T00:00:00Z,4701,3331,2026-04-08 14:30:26.062740+00:00,Belarus : Assistance to people affected,False,14000,2023-01-03 10:43:03+00:00,3,Europe,3,Europe,en,Moscow country cluster,2020-08-19T00:00:00Z,1,Closed
15643,5462255.67,12000000.0,1,Emergency Appeal,MDRSD028,,DSD001,161,True,False,SD,SDN,Sudan,1,Country,0,Sudanese Red Crescent,en,2020-08-13 07:45:31.170387+00:00,12,Flood,,en,2023-06-10T00:00:00Z,4651,3329,2026-04-30 07:30:16.897873+00:00,Sudan - Floods,False,180000,2023-01-03 10:46:01+00:00,0,Africa,0,Africa,en,Country cluster for Sudan and Eritrea,2020-08-12T00:00:00Z,0,Active
15645,32968.0,32968.0,0,DREF,MDRDO013,,DDO001,59,True,False,DO,DOM,Dominican Republic,1,Country,1,Dominican Red Cross,en,2020-08-13 08:45:51.889600+00:00,13,Other,,en,2020-12-31T00:00:00Z,4639,3330,2026-04-08 14:30:26.008339+00:00,Dominican Republic - Tropical Storm Isaias,False,2050,2023-01-03 10:43:05+00:00,1,Americas,1,Americas,en,"Cuba, Haiti and Dominican Republic country cluster",2020-08-12T00:00:00Z,1,Closed
15641,366800.0,366800.0,0,DREF,MDRGE014,,DGE001,71,True,False,GE,GEO,Georgia,1,Country,3,Red Cross Society of Georgia,en,2020-08-11 16:45:44.677218+00:00,12,Flood,,en,2020-12-31T00:00:00Z,4636,3328,2026-04-08 14:30:25.914424+00:00,Georgia : Floods,False,5133,2023-01-03 10:44:00+00:00,3,Europe,3,Europe,en,Southern Caucasus country cluster,2020-08-11T00:00:00Z,1,Closed
15639,95469.0,95469.0,0,DREF,MDRID018,,DID001,85,True,False,ID,IDN,Indonesia,1,Country,2,Indonesian Red Cross Society,en,2020-08-11 09:45:50.517850+00:00,12,Flood,,en,2021-02-28T00:00:00Z,4653,3327,2026-04-08 14:30:25.862235+00:00,Indonesia: North Sulawesi Floods,False,4308,2023-01-03 10:44:02+00:00,2,Asia Pacific,2,Asia Pacific,en,Indonesia country cluster,2020-08-10T00:00:00Z,1,Closed
16291,10640199.36,37000000.0,1,Emergency Appeal,MGRLB001,,DLB001,101,True,False,LB,LBN,Lebanon,1,Country,4,Lebanese Red Cross,en,2021-11-18 15:45:42.803531+00:00,6,Complex Emergency,,en,2023-12-31T00:00:00Z,5707,3490,2026-04-30 07:30:17.460959+00:00,Lebanon - Complex Humanitarian Crisis,False,2200000,2025-11-25 02:09:04+00:00,4,Middle East & North Africa,4,Middle East & North Africa,en,Middle East and North Africa Regional Office,2020-08-05T00:00:00Z,0,Active
15635,92961.0,92961.0,0,DREF,MDRNA011,,DNA001,122,True,False,NA,NAM,Namibia,1,Country,0,Namibia Red Cross,en,2020-08-05 13:46:01.559042+00:00,15,Fire,,en,2021-02-28T00:00:00Z,4629,3326,2026-04-08 14:30:25.808888+00:00,Namibia - Fire Accident,False,1200,2023-01-03 10:45:02+00:00,0,Africa,0,Africa,en,"Country cluster for South Africa, Botswana, Lesotho, Namibia and Kingdom of Eswatini",2020-08-05T00:00:00Z,1,Closed
15629,498201.0,498201.0,0,DREF,MDRNP010,,DNP001,123,True,False,NP,NPL,Nepal,1,Country,2,Nepal Red Cross Society,en,2020-08-03 15:45:32.849142+00:00,12,Flood,,en,2021-02-28T00:00:00Z,4580,3324,2026-04-08 14:30:25.755272+00:00,Nepal : Monsoon Floods and Landslides,False,25000,2023-01-03 10:45:03+00:00,2,Asia Pacific,2,Asia Pacific,en,Nepal country office,2020-08-03T00:00:00Z,1,Closed
15627,450071.0,450071.0,0,DREF,MDRIN026,,DIN001,84,True,False,IN,IND,India,1,Country,2,Indian Red Cross Society,en,2020-07-28 15:45:33.631415+00:00,12,Flood,,en,2020-12-31T00:00:00Z,4634,3323,2026-04-08 14:30:25.706451+00:00,India : Floods,False,37500,2023-01-03 10:44:02+00:00,2,Asia Pacific,2,Asia Pacific,en,New Delhi country cluster,2020-07-28T00:00:00Z,1,Closed
15622,276372.0,276372.0,0,DREF,MDRAM006,,DAM001,21,True,False,AM,ARM,Armenia,1,Country,3,Armenian Red Cross Society,en,2020-07-27 07:45:48.012255+00:00,13,Other,,en,2021-01-31T00:00:00Z,4588,3321,2026-04-08 14:30:25.619660+00:00,Armenia: Hailstorm,False,2670,2023-01-03 10:43:01+00:00,3,Europe,3,Europe,en,Southern Caucasus country cluster,2020-07-24T00:00:00Z,1,Closed
15619,200683.0,200683.0,0,DREF,MDRMM015,,DMM001,121,True,False,MM,MMR,Myanmar,1,Country,2,Myanmar Red Cross Society,en,2020-07-24 14:45:31.985464+00:00,12,Flood,,en,2020-12-31T00:00:00Z,4602,3320,2026-04-08 14:30:25.571938+00:00,Myanmar : Mandalay Floods,False,20000,2023-01-03 10:45:01+00:00,2,Asia Pacific,2,Asia Pacific,en,Myanmar country office,2020-07-24T00:00:00Z,1,Closed
15617,468027.0,468027.0,0,DREF,MDRID017,,DID001,85,True,False,ID,IDN,Indonesia,1,Country,2,Indonesian Red Cross Society,en,2020-07-23 10:46:04.338328+00:00,12,Flood,,en,2021-01-31T00:00:00Z,4641,3319,2026-04-08 14:30:25.521973+00:00,Indonesia: West Kalimantan & South Sulawesi Floods,False,22360,2023-01-03 10:44:02+00:00,2,Asia Pacific,2,Asia Pacific,en,Indonesia country cluster,2020-07-22T00:00:00Z,1,Closed
15615,248451.0,248451.0,0,DREF,MDRMN012,,DMN001,194,True,False,MN,MNG,Mongolia,1,Country,2,Mongolian Red Cross Society,en,2020-07-21 08:45:36.821483+00:00,27,Pluvial/Flash Flood,,en,2020-10-31T00:00:00Z,4592,3318,2026-04-08 14:30:25.472227+00:00,Mongolia : Flash Floods,False,3700,2023-01-03 10:45:01+00:00,2,Asia Pacific,2,Asia Pacific,en,Beijing country cluster,2020-07-20T00:00:00Z,1,Closed
15611,112984.0,112984.0,0,DREF,MDRPH040,,DPH001,136,True,False,PH,PHL,Philippines,1,Country,2,Philippine Red Cross,en,2020-07-20 07:45:52.096949+00:00,5,Population Movement,,en,2021-01-31T00:00:00Z,4617,3317,2026-04-08 14:30:25.411170+00:00,Phillipines : Mindanao Returnees,False,2235,2023-01-03 10:45:04+00:00,2,Asia Pacific,2,Asia Pacific,en,Philippines country office,2020-07-19T00:00:00Z,1,Closed
15624,713691.75,875000.0,1,Emergency Appeal,MDRMR011,,DMR001,114,True,False,MR,MRT,Mauritania,1,Country,0,Mauritanian Red Crescent,en,2020-07-27 08:45:47.245229+00:00,21,Food Insecurity,,en,2021-06-14T00:00:00Z,4640,3322,2026-04-08 14:30:25.670160+00:00,Mauritania - Food Insecurity,False,12005,2023-01-03 10:45:01+00:00,0,Africa,0,Africa,en,"Country cluster for Senegal, Cape Verde, Gambia and Mauritania",2020-07-17T00:00:00Z,1,Closed
15607,252461.0,252461.0,0,DREF,MDRET022,,DET001,65,True,False,ET,ETH,Ethiopia,1,Country,0,Ethiopian Red Cross Society,en,2020-07-15 09:45:34.096832+00:00,7,Civil Unrest,,en,2020-12-31T00:00:00Z,4591,3315,2026-04-08 14:30:25.348064+00:00,Ethiopia - Civil Unrest,False,5928,2023-01-03 10:44:00+00:00,0,Africa,0,Africa,en,Country cluster for Ethiopia and Djibouti,2020-07-14T00:00:00Z,1,Closed
15603,313953.0,313953.0,0,DREF,MDRRS014,,DRS001,271,True,False,RS,SRB,Serbia,1,Country,3,Red Cross of Serbia,en,2020-07-09 12:45:41.766605+00:00,12,Flood,,en,2021-01-31T00:00:00Z,4527,3313,2026-04-08 14:30:25.241913+00:00,Serbia - Floods,False,19903,2023-01-03 10:46:00+00:00,3,Europe,3,Europe,en,"Cluster Delegation for Albania, Bosnia, Bulgaria, Croatia, Montenegro, North Macedonia and Serbia",2020-07-09T00:00:00Z,1,Closed
15605,202667.0,202667.0,0,DREF,MDRUA010,,DUA001,1,True,False,UA,UKR,Ukraine,1,Country,3,Ukrainian Red Cross Society,en,2020-07-09 14:45:29.786687+00:00,12,Flood,,en,2020-12-31T00:00:00Z,4533,3314,2026-04-08 14:30:25.295760+00:00,Ukraine - Floods,False,2200,2023-01-03 10:46:04+00:00,3,Europe,3,Europe,en,Ukraine country office,2020-07-09T00:00:00Z,1,Closed
15600,129413.0,129413.0,0,DREF,MDRMM014,,DMM001,121,True,False,MM,MMR,Myanmar,1,Country,2,Myanmar Red Cross Society,en,2020-07-06 08:45:51.784739+00:00,13,Other,,en,2020-12-31T00:00:00Z,4562,3312,2026-04-08 14:30:25.188862+00:00,Myanmar - Kachin Mine Collapse,False,1500,2023-01-03 10:45:01+00:00,2,Asia Pacific,2,Asia Pacific,en,Myanmar country office,2020-07-05T00:00:00Z,1,Closed
15598,311996.0,311996.0,0,DREF,MDRCI012,,DCI001,182,True,False,CI,CIV,Côte d'Ivoire,1,Country,0,Red Cross Society of Côte d'Ivoire,en,2020-07-06 08:45:51.763274+00:00,12,Flood,,en,2021-01-31T00:00:00Z,4564,3311,2026-04-08 14:30:25.136551+00:00,Côte d'Ivoire - Floods,False,8256,2023-01-03 10:43:04+00:00,0,Africa,0,Africa,en,"Country cluster for Niger, Cote d'Ivoire, Burkina Faso and Mali",2020-07-04T00:00:00Z,1,Closed
15596,96840.0,96840.0,0,DREF,MDRBA012,,DBA001,197,True,False,BA,BIH,Bosnia and Herzegovina,1,Country,3,Red Cross Society of Bosnia and Herzegovina,en,2020-07-06 07:45:50.297859+00:00,12,Flood,,en,2020-10-31T00:00:00Z,4525,3310,2026-04-08 14:30:25.085559+00:00,Bosnia - Flood,False,1000,2023-01-03 10:43:01+00:00,3,Europe,3,Europe,en,"Cluster Delegation for Albania, Bosnia, Bulgaria, Croatia, Montenegro, North Macedonia and Serbia",2020-07-04T00:00:00Z,1,Closed
15594,207223.0,207223.0,0,DREF,MDRID016,,DID001,85,True,False,ID,IDN,Indonesia,1,Country,2,Indonesian Red Cross Society,en,2020-07-03 15:45:35.020173+00:00,5,Population Movement,,en,2021-01-31T00:00:00Z,4546,3309,2026-04-08 14:30:25.028005+00:00,Indonesia: Aceh Migration Operation,False,387,2023-01-03 10:44:02+00:00,2,Asia Pacific,2,Asia Pacific,en,Indonesia country cluster,2020-07-03T00:00:00Z,1,Closed
15591,133694.0,133694.0,0,DREF,MDRCF026,,DCF001,44,True,False,CF,CAF,Central African Republic,1,Country,0,Central African Red Cross Society,en,2020-06-30 07:45:50.431040+00:00,1,Epidemic,,en,2020-12-31T00:00:00Z,4556,3308,2026-04-08 14:30:24.979169+00:00,Central African Rep - EVD Preparedness,False,745350,2023-01-03 10:43:03+00:00,0,Africa,0,Africa,en,Country cluster for Central African Republic and Chad,2020-06-29T00:00:00Z,1,Closed
15589,210316.0,210316.0,0,DREF,MDRCG017,,DCG001,184,True,False,CG,COG,Congo,1,Country,0,Congolese Red Cross,en,2020-06-29 16:45:33.698953+00:00,1,Epidemic,,en,2020-12-31T00:00:00Z,4557,3307,2026-04-08 14:30:24.928179+00:00,Republic of Congo - Ebola Virus Disease Prep.,False,30000,2023-01-03 10:43:04+00:00,0,Africa,0,Africa,en,"Country cluster for Democratic Republic of Congo, Republic of Congo, Burundi and Rwanda",2020-06-29T00:00:00Z,1,Closed
15586,1298713.99,4100000.0,1,Emergency Appeal,MDRBD025,,DBD001,27,True,False,BD,BGD,Bangladesh,1,Country,2,Bangladesh Red Crescent Society,en,2020-06-26 05:45:29.399982+00:00,12,Flood,,en,2021-02-04T00:00:00Z,4555,3306,2026-04-08 14:30:24.890898+00:00,Bangladesh - Floods,False,250000,2023-01-03 10:43:01+00:00,2,Asia Pacific,2,Asia Pacific,en,Bangladesh country office,2020-06-25T00:00:00Z,1,Closed
15581,239426.0,239426.0,0,DREF,MDRLY002,,DLY001,204,True,False,LY,LBY,Libya,1,Country,4,Libyan Red Crescent,en,2020-06-22 07:45:55.042740+00:00,5,Population Movement,,en,2020-12-31T00:00:00Z,4532,3305,2026-04-08 14:30:24.845460+00:00,Libya : Population Movement,False,25000,2023-03-21 14:46:01+00:00,4,Middle East & North Africa,4,Middle East & North Africa,en,Libya country office,2020-06-20T00:00:00Z,1,Closed
15574,258498.0,258498.0,0,DREF,MDRSV014,,DSV001,62,True,False,SV,SLV,El Salvador,1,Country,1,Salvadorean Red Cross Society,en,2020-06-09 07:45:37.292354+00:00,13,Other,,en,2020-09-30T00:00:00Z,4450,3304,2026-04-08 14:30:24.794004+00:00,El Salvador - Tropical Storm Amanda,False,3150,2023-01-03 10:46:02+00:00,1,Americas,1,Americas,en,Central America country cluster,2020-06-08T00:00:00Z,1,Closed
15569,182967.0,182967.0,0,DREF,MDRCU006,,DCU001,54,True,False,CU,CUB,Cuba,1,Country,1,Cuban Red Cross,en,2020-06-04 09:45:46.761901+00:00,12,Flood,,en,2020-10-31T00:00:00Z,4426,3303,2026-04-08 14:30:24.741448+00:00,Cuba - Floods,False,3000,2023-01-03 10:43:05+00:00,1,Americas,1,Americas,en,"Cuba, Haiti and Dominican Republic country cluster",2020-06-03T00:00:00Z,1,Closed
15567,98843.0,98843.0,0,DREF,MDRID015,,DID001,85,True,False,ID,IDN,Indonesia,1,Country,2,Indonesian Red Cross Society,en,2020-06-02 09:45:30.172248+00:00,12,Flood,,en,2020-09-30T00:00:00Z,4422,3302,2026-04-08 14:30:24.687706+00:00,Indonesia: East Kalimantan Floods,False,41837,2023-01-03 10:44:02+00:00,2,Asia Pacific,2,Asia Pacific,en,Indonesia country cluster,2020-06-01T00:00:00Z,1,Closed
15563,170820.0,170820.0,0,DREF,MDRTJ029,,DTJ001,167,True,False,TJ,TJK,Tajikistan,1,Country,3,Red Crescent Society of Tajikistan,en,2020-05-26 08:45:36.527905+00:00,12,Flood,,en,2020-08-31T00:00:00Z,4392,3301,2026-04-08 14:30:24.634664+00:00,Tajikistan: Floods,False,1690,2023-01-03 10:46:03+00:00,3,Europe,3,Europe,en,Central Asia country cluster,2020-05-25T00:00:00Z,1,Closed
15558,250001.0,250001.0,0,DREF,MDRIN025,,DIN001,84,True,False,IN,IND,India,1,Country,2,Indian Red Cross Society,en,2020-05-20 20:45:34.682329+00:00,4,Cyclone,,en,2020-11-30T00:00:00Z,4436,3300,2026-04-08 14:30:24.584111+00:00,India - Cyclone Amphan,False,22500,2023-01-03 10:44:02+00:00,2,Asia Pacific,2,Asia Pacific,en,New Delhi country cluster,2020-05-20T00:00:00Z,1,Closed
15554,132652.0,132652.0,0,DREF,MDRMM013,,DMM001,121,True,False,MM,MMR,Myanmar,1,Country,2,Myanmar Red Cross Society,en,2020-05-20 16:45:32.489805+00:00,4,Cyclone,,en,2020-06-30T00:00:00Z,4402,3299,2026-04-08 14:30:24.533744+00:00,Myanmar: Tropical Cyclone Amphan,False,27500,2023-01-03 10:45:01+00:00,2,Asia Pacific,2,Asia Pacific,en,Myanmar country office,2020-05-20T00:00:00Z,1,Closed
15549,1413600.18,5000000.0,1,Emergency Appeal,MDRBD024,,DBD001,27,True,False,BD,BGD,Bangladesh,1,Country,2,Bangladesh Red Crescent Society,en,2020-05-18 16:45:33.850882+00:00,4,Cyclone,,en,2021-08-31T00:00:00Z,4398,3297,2026-04-08 14:30:24.494250+00:00,Bangladesh - Cyclone Amphan,False,50000,2023-01-03 10:43:01+00:00,2,Asia Pacific,2,Asia Pacific,en,Bangladesh country office,2020-05-18T00:00:00Z,1,Closed
15544,328070.0,328070.0,0,DREF,MDRSO009,,DSO001,157,True,False,SO,SOM,Somalia,1,Country,0,Somali Red Crescent Society,en,2020-05-14 15:45:38.344717+00:00,12,Flood,,en,2020-10-31T00:00:00Z,4385,3295,2026-04-08 14:30:24.388253+00:00,Somalia - Floods,False,9000,2023-01-03 10:46:02+00:00,0,Africa,0,Africa,en,Africa Regional Office and Country cluster for Kenya and Somalia,2020-05-13T00:00:00Z,1,Closed
15546,322948.0,322948.0,0,DREF,MDRKZ009,,DKZ001,201,True,False,KZ,KAZ,Kazakhstan,1,Country,3,Red Crescent Society of the Republic of Kazakhstan,en,2020-05-14 15:45:38.394574+00:00,12,Flood,,en,2020-09-30T00:00:00Z,4237,3296,2026-04-08 14:30:24.440192+00:00,Kazakhstan - Floods,False,6128,2023-01-03 10:44:05+00:00,3,Europe,3,Europe,en,Central Asia country cluster,2020-05-13T00:00:00Z,1,Closed
15535,280512.0,280512.0,0,DREF,MDRTZ027,,DTZ001,189,True,False,TZ,TZA,"Tanzania, United Republic of",1,Country,0,Tanzania Red Cross National Society,en,2020-05-08 07:45:35.324077+00:00,12,Flood,,en,2020-09-30T00:00:00Z,4370,3294,2026-04-08 14:30:24.338551+00:00,Tanzania - Floods,False,5500,2023-01-03 10:46:04+00:00,0,Africa,0,Africa,en,"Country cluster for South Sudan, Tanzania and Uganda",2020-05-07T00:00:00Z,1,Closed
15533,433455.0,433455.0,0,DREF,MDRYE009,,DYE001,10,True,False,YE,YEM,Yemen,1,Country,4,Yemen Red Crescent Society,en,2020-05-06 13:45:37.334212+00:00,12,Flood,,en,2021-01-31T00:00:00Z,4187,3293,2026-04-08 14:30:24.289840+00:00,Yemen - Floods,False,18200,2023-01-03 10:46:05+00:00,4,Middle East & North Africa,4,Middle East & North Africa,en,Yemen country office,2020-05-05T00:00:00Z,1,Closed
15531,375388.0,375388.0,0,DREF,MDRCD030,,DCD001,187,True,False,CD,COD,Democratic Republic of Congo,1,Country,0,Red Cross of the Democratic Republic of the Congo,en,2020-05-04 09:45:35.349407+00:00,12,Flood,,en,2020-07-31T00:00:00Z,4188,3292,2026-04-08 14:30:24.239173+00:00,DR Congo - Floods in Uvira,False,15000,2023-01-03 10:43:03+00:00,0,Africa,0,Africa,en,"Country cluster for Democratic Republic of Congo, Republic of Congo, Burundi and Rwanda",2020-05-01T00:00:00Z,1,Closed
15522,279105.19,1800000.0,1,Emergency Appeal,MDR60005,,DKE001,93,True,False,KE,KEN,Kenya,1,Country,0,Kenya Red Cross Society,en,2020-04-28 20:45:32.373955+00:00,21,Food Insecurity,,en,2021-06-30T00:00:00Z,4228,3291,2026-04-08 14:30:24.201502+00:00,Africa Region - Locust upsurge,False,70000,2023-01-03 10:43:00+00:00,0,Africa,0,Africa,en,Africa Regional Office and Country cluster for Kenya and Somalia,2020-04-17T00:00:00Z,1,Closed
15520,388443.0,388443.0,0,DREF,MDRFJ004,,DFJ001,66,True,False,FJ,FJI,Fiji,1,Country,2,Fiji Red Cross Society,en,2020-04-14 17:45:11.451702+00:00,4,Cyclone,,en,2020-10-30T00:00:00Z,4175,3290,2026-04-08 14:30:24.154072+00:00,Fiji - Tropical Cyclone Harold,False,10000,2023-01-03 10:44:00+00:00,2,Asia Pacific,2,Asia Pacific,en,Suva country cluster,2020-04-14T00:00:00Z,1,Closed
15518,180242.0,180242.0,0,DREF,MDRBI017,,DBI001,39,True,False,BI,BDI,Burundi,1,Country,0,Burundi Red Cross,en,2020-04-13 08:45:13.917856+00:00,7,Civil Unrest,,en,2020-07-31T00:00:00Z,4173,3289,2026-04-08 14:30:24.098228+00:00,Burundi - Election Preparedness,False,2000,2023-01-03 10:43:02+00:00,0,Africa,0,Africa,en,"Country cluster for Democratic Republic of Congo, Republic of Congo, Burundi and Rwanda",2020-04-11T00:00:00Z,1,Closed
15515,217255.0,217255.0,0,DREF,MDRHR003,,DHR001,53,True,False,HR,HRV,Croatia,1,Country,3,Croatian Red Cross,en,2020-04-07 06:45:15.843429+00:00,2,Earthquake,,en,2020-10-31T00:00:00Z,4092,3288,2026-04-08 14:30:24.047939+00:00,Croatia - Earthquake,False,2100,2023-01-03 10:44:01+00:00,3,Europe,3,Europe,en,"Cluster Delegation for Albania, Bosnia, Bulgaria, Croatia, Montenegro, North Macedonia and Serbia",2020-04-06T00:00:00Z,1,Closed
15509,846251.0,846251.0,0,DREF,MDRVU008,,DVU001,7,True,False,VU,VUT,Vanuatu,1,Country,2,Vanuatu Red Cross Society,en,2020-04-05 14:45:12.042916+00:00,13,Other,,en,2020-10-31T00:00:00Z,4147,3283,2026-04-08 14:30:23.998987+00:00,Vanuatu - Tropical Cyclone Harold,False,25250,2023-01-03 10:46:05+00:00,2,Asia Pacific,2,Asia Pacific,en,Suva country cluster,2020-04-05T00:00:00Z,1,Closed
15497,488004.0,488004.0,0,DREF,MDREG015,,DEG001,61,True,False,EG,EGY,Egypt,1,Country,4,Egyptian Red Crescent Society,en,2020-03-26 09:45:10.373482+00:00,27,Pluvial/Flash Flood,,en,2020-09-30T00:00:00Z,4046,3280,2026-04-08 14:30:23.946092+00:00,Egypt - Floods,False,12348,2023-01-03 10:43:05+00:00,4,Middle East & North Africa,4,Middle East & North Africa,en,Middle East and North Africa,2020-03-26T00:00:00Z,1,Closed
15486,7249109.6306,12000000.0,1,Emergency Appeal,MDR65003,,DHU001,82,True,False,HU,HUN,Hungary,1,Country,3,Hungarian Red Cross,en,2020-03-13 11:45:12.007906+00:00,5,Population Movement,,en,2022-09-30T00:00:00Z,4144,3278,2026-04-08 14:30:23.850833+00:00,"Turkey, Greece & Other Countries - Pop. Mvt",False,73000,2025-05-13 13:36:03+00:00,3,Europe,3,Europe,en,Europe Regional Office,2020-03-13T00:00:00Z,1,Closed
15488,499768.0,499768.0,0,DREF,MDRRW019,,DRW001,143,True,False,RW,RWA,Rwanda,1,Country,0,Rwandan Red Cross,en,2020-03-13 15:45:11.932578+00:00,12,Flood,,en,2020-09-30T00:00:00Z,4145,3279,2026-04-08 14:30:23.890353+00:00,Rwanda - Floods and Windstorm,False,11690,2023-01-03 10:46:01+00:00,0,Africa,0,Africa,en,"Country cluster for Democratic Republic of Congo, Republic of Congo, Burundi and Rwanda",2020-03-13T00:00:00Z,1,Closed
15476,263806.0,263806.0,0,DREF,MDRPY021,,DPY001,134,True,False,PY,PRY,Paraguay,1,Country,1,Paraguayan Red Cross,en,2020-03-02 13:45:11.684776+00:00,1,Epidemic,,en,2020-07-31T00:00:00Z,4008,3277,2026-04-08 14:30:23.803165+00:00,Paraguay - Dengue 2020,False,11400,2023-01-03 10:46:00+00:00,1,Americas,1,Americas,en,Southern Cone country cluster,2020-02-29T00:00:00Z,1,Closed
15467,291491.0,291491.0,0,DREF,MDRAR017,,DAR001,20,True,False,AR,ARG,Argentina,1,Country,1,Argentine Red Cross,en,2020-02-21 10:45:10.192209+00:00,20,Drought,,en,2020-07-31T00:00:00Z,3985,3276,2026-04-08 14:30:23.753361+00:00,Argentina - Drought,False,4000,2023-01-03 10:43:01+00:00,1,Americas,1,Americas,en,Southern Cone country cluster,2020-02-21T00:00:00Z,1,Closed
15455,315292.0,315292.0,0,DREF,MDRPK018,,DPK001,131,True,False,PK,PAK,Pakistan,1,Country,2,Pakistan Red Crescent,en,2020-02-05 13:45:12.704122+00:00,14,Cold Wave,,en,2020-07-31T00:00:00Z,3957,3274,2026-04-08 14:30:23.653881+00:00,Pakistan - Severe Winter,False,7096,2023-01-03 10:45:05+00:00,2,Asia Pacific,2,Asia Pacific,en,Pakistan country office,2020-02-05T00:00:00Z,1,Closed
15457,284572.0,284572.0,0,DREF,MDRNG029,,DNG001,128,True,False,NG,NGA,Nigeria,1,Country,0,Nigerian Red Cross Society,en,2020-02-06 12:45:13.486476+00:00,1,Epidemic,,en,2020-05-31T00:00:00Z,3966,3275,2026-04-08 14:30:23.704289+00:00,Nigeria - Lassa Fever,False,800000,2023-01-03 10:45:03+00:00,0,Africa,0,Africa,en,"Country cluster for Nigeria, Benin, Ghana and Togo",2020-02-05T00:00:00Z,1,Closed
15453,311817.0,311817.0,0,DREF,MDRMN011,,DMN001,194,True,False,MN,MNG,Mongolia,1,Country,2,Mongolian Red Cross Society,en,2020-02-05 06:45:15.842083+00:00,14,Cold Wave,,en,2020-05-31T00:00:00Z,3950,3273,2026-04-08 14:30:23.601953+00:00,Mongolia - Severe Winter,False,7500,2023-01-03 10:45:01+00:00,2,Asia Pacific,2,Asia Pacific,en,Beijing country cluster,2020-02-04T00:00:00Z,1,Closed
15451,307356.0,307356.0,0,DREF,MDRMG016,,DMG001,109,True,False,MG,MDG,Madagascar,1,Country,0,Malagasy Red Cross Society,en,2020-02-04 16:45:14.241628+00:00,12,Flood,,en,2020-11-30T00:00:00Z,3975,3272,2026-04-08 14:30:23.549994+00:00,"Madagascar - Heavy Rains, Floods and Landslides",False,5000,2023-01-03 10:45:00+00:00,0,Africa,0,Africa,en,"Country cluster for Madagascar, Comoro Islands, Mauritius and Seychelles",2020-02-03T00:00:00Z,1,Closed
15447,255318.0,255318.0,0,DREF,MDRPS011,,DPS001,205,True,False,PS,PSE,Palestine,1,Country,4,Palestine Red Crescent Society,en,2020-02-03 16:45:13.815033+00:00,14,Cold Wave,,en,2020-07-31T00:00:00Z,3978,3270,2026-04-08 14:30:23.445180+00:00,Palestine - Extreme Weather Conditions,False,10000,2023-01-03 10:45:05+00:00,4,Middle East & North Africa,4,Middle East & North Africa,en,Palestine country office,2020-02-02T00:00:00Z,1,Closed
15506,369196219.091,670000000.0,1,Emergency Appeal,MDRCOVID19,,DCH001,165,True,False,CH,CHE,Switzerland,1,Country,3,Swiss Red Cross,en,2020-04-02 15:45:11.665832+00:00,13,Other,,en,2022-12-31T00:00:00Z,3972,3282,2024-04-02 08:45:37.482633+00:00,COVID-19 Outbreak,False,0,2022-12-01 11:50:05+00:00,3,Europe,3,Europe,en,"IFRC Secretariat, Geneva",2020-01-31T00:00:00Z,1,Closed
15445,498960.0,498960.0,0,DREF,MDRTZ026,,DTZ001,189,True,False,TZ,TZA,"Tanzania, United Republic of",1,Country,0,Tanzania Red Cross National Society,en,2020-01-31 16:45:12.134475+00:00,12,Flood,,en,2020-07-31T00:00:00Z,3981,3269,2026-04-08 14:30:23.395396+00:00,Tanzania - Floods,False,11404,2023-01-03 10:46:04+00:00,0,Africa,0,Africa,en,"Country cluster for South Sudan, Tanzania and Uganda",2020-01-31T00:00:00Z,1,Closed
15449,303325.0,303325.0,0,DREF,MDRVN019,,DVN001,191,True,False,VN,VNM,Viet Nam,1,Country,2,Vietnam Red Cross Society,en,2020-02-03 16:45:13.874306+00:00,20,Drought,,en,2020-07-31T00:00:00Z,3989,3271,2026-04-08 14:30:23.496772+00:00,Vietnam - Drought and Saltwater Intrusion,False,28400,2023-01-03 10:46:05+00:00,2,Asia Pacific,2,Asia Pacific,en,Bangkok country cluster,2020-01-31T00:00:00Z,1,Closed
15441,174436.0,174436.0,0,DREF,MDRGT016,,DGT001,76,True,False,GT,GTM,Guatemala,1,Country,1,Guatemalan Red Cross,en,2020-01-27 16:45:12.315117+00:00,5,Population Movement,,en,2020-07-31T00:00:00Z,3964,3267,2026-04-08 14:30:23.346891+00:00,Guatemala - Population Movement,False,12677,2023-01-03 10:44:01+00:00,1,Americas,1,Americas,en,Central America country cluster,2020-01-25T00:00:00Z,1,Closed
15430,499874.0,499874.0,0,DREF,MDRIR003,,DIR001,203,True,False,IR,IRN,"Iran, Islamic Republic of",1,Country,4,Red Crescent Society of the Islamic Republic of Iran,en,2020-01-22 07:45:16.561184+00:00,12,Flood,,en,2020-09-30T00:00:00Z,3953,3266,2026-04-08 14:30:23.295473+00:00,Iran - Sistan-Baluchestan Floods,False,25000,2023-01-03 10:44:03+00:00,4,Middle East & North Africa,4,Middle East & North Africa,en,Iran country office,2020-01-21T00:00:00Z,1,Closed
15425,498602.0,498602.0,0,DREF,MDRPH039,,DPH001,136,True,False,PH,PHL,Philippines,1,Country,2,Philippine Red Cross,en,2020-01-15 15:45:13.134925+00:00,8,Volcanic Eruption,,en,2020-07-15T00:00:00Z,3954,3265,2026-04-08 14:30:23.246638+00:00,Philippines - Taal volcano eruption,False,20000,2023-01-03 10:45:04+00:00,2,Asia Pacific,2,Asia Pacific,en,Philippines country office,2020-01-15T00:00:00Z,1,Closed
15421,205643.0,205643.0,0,DREF,MDRMN010,,DMN001,194,True,False,MN,MNG,Mongolia,1,Country,2,Mongolian Red Cross Society,en,2020-01-08 13:45:15.303705+00:00,14,Cold Wave,,en,2020-04-08T00:00:00Z,3950,3264,2026-04-08 14:30:23.191297+00:00,Mongolia - Early Action / Dzud,False,0,2023-01-03 10:45:01+00:00,2,Asia Pacific,2,Asia Pacific,en,Beijing country cluster,2020-01-08T00:00:00Z,1,Closed
15373,110887.0,110887.0,0,DREF,MDRFJ003,,DFJ001,66,True,False,FJ,FJI,Fiji,1,Country,2,Fiji Red Cross Society,en,2020-01-02 09:45:12.630526+00:00,4,Cyclone,,en,2020-03-31T00:00:00Z,3934,3262,2026-03-02 11:31:50.494643+00:00,Fiji - Tropical Cyclone Sarai,False,7780,2023-01-03 10:44:00+00:00,2,Asia Pacific,2,Asia Pacific,en,Suva country cluster,2019-12-28T00:00:00Z,1,Closed
15319,758742.9500000001,2030000.0,1,Emergency Appeal,MDRPH038,,DPH001,136,True,False,PH,PHL,Philippines,1,Country,2,Philippine Red Cross,en,2019-12-30 14:45:13.053753+00:00,4,Cyclone,,en,2020-12-31T00:00:00Z,3936,3261,2026-03-02 11:30:38.767804+00:00,Philippines - Typhoon Phanfone,False,20000,2023-01-03 10:45:04+00:00,2,Asia Pacific,2,Asia Pacific,en,Philippines country office,2019-12-26T00:00:00Z,1,Closed
15317,278498.0,278498.0,0,DREF,MDRYE008,,DYE001,10,True,False,YE,YEM,Yemen,1,Country,4,Yemen Red Crescent Society,en,2019-12-26 10:45:12.235276+00:00,1,Epidemic,,en,2020-10-31T00:00:00Z,3889,3260,2026-03-02 11:31:36.369433+00:00,Yemen - Dengue Fever,False,35000,2023-01-03 10:46:05+00:00,4,Middle East & North Africa,4,Middle East & North Africa,en,Yemen country office,2019-12-25T00:00:00Z,1,Closed
15316,592672.0,592672.0,0,DREF,MDRLK010,,DLK001,160,True,False,LK,LKA,Sri Lanka,1,Country,2,Sri Lanka Red Cross Society,en,2020-01-02 11:45:12.961619+00:00,12,Flood,,en,2020-06-30T00:00:00Z,3931,3263,2026-03-02 11:31:27.217984+00:00,Sri Lanka - Floods,False,22500,2023-01-03 10:44:05+00:00,2,Asia Pacific,2,Asia Pacific,en,New Delhi country cluster,2019-12-25T00:00:00Z,1,Closed
15313,161741.0,161741.0,0,DREF,MDRRW018,,DRW001,143,True,False,RW,RWA,Rwanda,1,Country,0,Rwandan Red Cross,en,2019-12-26 08:45:13.862368+00:00,12,Flood,,en,2020-04-24T00:00:00Z,3914,3259,2026-03-02 11:31:59.065172+00:00,Rwanda - Floods,False,4610,2023-01-03 10:46:00+00:00,0,Africa,0,Africa,en,"Country cluster for Democratic Republic of Congo, Republic of Congo, Burundi and Rwanda",2019-12-24T00:00:00Z,1,Closed
15310,82628.0,82628.0,0,DREF,MDRBI016,,DBI001,39,True,False,BI,BDI,Burundi,1,Country,0,Burundi Red Cross,en,2019-12-24 06:45:14.831227+00:00,12,Flood,,en,2020-06-30T00:00:00Z,3905,3258,2026-03-02 11:32:52.508218+00:00,Burundi - Floods and Landslides,False,1081,2023-01-03 10:43:02+00:00,0,Africa,0,Africa,en,"Country cluster for Democratic Republic of Congo, Republic of Congo, Burundi and Rwanda",2019-12-23T00:00:00Z,1,Closed
15307,141072.0,141072.0,0,DREF,MDRSO008,,DSO001,157,True,False,SO,SOM,Somalia,1,Country,0,Somali Red Crescent Society,en,2019-12-20 16:45:12.961516+00:00,13,Other,,en,2020-02-20T00:00:00Z,3944,3257,2026-03-02 11:33:21.276010+00:00,Somalia - TC Pawan,False,31500,2023-01-03 10:46:02+00:00,0,Africa,0,Africa,en,Africa Regional Office and Country cluster for Kenya and Somalia,2019-12-20T00:00:00Z,1,Closed
15299,129541.0,129541.0,0,DREF,MDRUG043,,DUG001,176,True,False,UG,UGA,Uganda,1,Country,0,Uganda Red Cross Society,en,2019-12-13 12:45:13.117191+00:00,24,Landslide,,en,2020-03-12T00:00:00Z,3605,3256,2026-03-02 11:31:37.851103+00:00,Uganda - Landslides,False,1900,2023-01-03 10:46:05+00:00,0,Africa,0,Africa,en,"Country cluster for South Sudan, Tanzania and Uganda",2019-12-12T00:00:00Z,1,Closed
15296,3234627.93,7700000.0,1,Emergency Appeal,MDR63003,,DZA001,158,True,False,ZA,ZAF,South Africa,1,Country,0,The South African Red Cross Society,en,2019-12-12 13:45:13.466903+00:00,20,Drought,,en,2021-05-31T00:00:00Z,3925,3255,2026-03-02 11:30:34.679595+00:00,Southern Africa - Drought (Food Insecurity Crisis),False,73750,2023-01-03 10:43:00+00:00,0,Africa,0,Africa,en,"Country cluster for South Africa, Botswana, Lesotho, Namibia and Kingdom of Eswatini",2019-12-11T00:00:00Z,1,Closed
15294,344152.0,344152.0,0,DREF,MDRCD029,,DCD001,187,True,False,CD,COD,Democratic Republic of Congo,1,Country,0,Red Cross of the Democratic Republic of the Congo,en,2019-12-12 09:45:13.653758+00:00,12,Flood,,en,2020-06-11T00:00:00Z,3870,3254,2026-03-02 11:30:50.002740+00:00,DR Congo - Floods,False,5000,2023-01-03 10:43:03+00:00,0,Africa,0,Africa,en,"Country cluster for Democratic Republic of Congo, Republic of Congo, Burundi and Rwanda",2019-12-11T00:00:00Z,1,Closed
15288,146491.0,146491.0,0,DREF,MDRMG015,,DMG001,109,True,False,MG,MDG,Madagascar,1,Country,0,Malagasy Red Cross Society,en,2019-12-09 09:45:13.793904+00:00,13,Other,,en,2020-03-07T00:00:00Z,3913,3251,2026-03-02 11:32:51.264170+00:00,Madagascar - Tropical Cyclone Belna Preparedness,False,2500,2023-01-03 10:45:00+00:00,0,Africa,0,Africa,en,"Country cluster for Madagascar, Comoro Islands, Mauritius and Seychelles",2019-12-08T00:00:00Z,1,Closed
15286,76903.0,76903.0,0,DREF,MDRKM008,,DKM001,186,True,False,KM,COM,Comoros,1,Country,0,The Comoros Red Crescent,en,2019-12-09 07:45:14.355952+00:00,13,Other,,en,2020-01-08T00:00:00Z,3910,3250,2026-03-02 11:31:29.857106+00:00,Comoros - Tropical Cyclone Belna,False,1000,2023-01-03 10:44:04+00:00,0,Africa,0,Africa,en,"Country cluster for Madagascar, Comoro Islands, Mauritius and Seychelles",2019-12-08T00:00:00Z,1,Closed
15290,133844.0,133844.0,0,DREF,MDRMY004,,DMY001,111,True,False,MY,MYS,Malaysia,1,Country,2,Malaysian Red Crescent Society,en,2019-12-09 16:45:13.693543+00:00,12,Flood,,en,2020-07-07T00:00:00Z,3896,3252,2026-03-02 11:31:08.385386+00:00,Malaysia - Floods,False,5000,2023-01-03 10:45:02+00:00,2,Asia Pacific,2,Asia Pacific,en,Asia Pacific Regional Office,2019-12-07T00:00:00Z,1,Closed
15283,223977.0,223977.0,0,DREF,MDRDJ003,,DDJ001,57,True,False,DJ,DJI,Djibouti,1,Country,0,Red Crescent Society of Djibouti,en,2019-12-06 16:45:12.951844+00:00,27,Pluvial/Flash Flood,,en,2020-06-06T00:00:00Z,3883,3249,2026-03-02 11:30:22.715629+00:00,Djibouti - Flash Floods,False,10000,2023-01-03 10:43:05+00:00,0,Africa,0,Africa,en,Country cluster for Ethiopia and Djibouti,2019-12-06T00:00:00Z,1,Closed
15273,499719.0,499719.0,0,DREF,MDRPH037,,DPH001,136,True,False,PH,PHL,Philippines,1,Country,2,Philippine Red Cross,en,2019-12-02 07:45:20.657334+00:00,4,Cyclone,,en,2020-05-31T00:00:00Z,3897,3247,2026-03-02 11:32:09.596531+00:00,Philippines - Typhoon Kammuri,False,20000,2023-01-03 10:45:04+00:00,2,Asia Pacific,2,Asia Pacific,en,Philippines country office,2019-11-30T00:00:00Z,1,Closed
15276,71836.0,71836.0,0,DREF,MDRWS002,,DWS001,147,True,False,WS,WSM,Samoa,1,Country,2,Samoa Red Cross Society,en,2019-12-02 11:45:15.675962+00:00,1,Epidemic,,en,2020-02-29T00:00:00Z,3918,3248,2026-03-02 11:32:56.028601+00:00,Samoa - Measles Outbreak,False,30000,2023-01-03 10:46:05+00:00,2,Asia Pacific,2,Asia Pacific,en,Suva country cluster,2019-11-30T00:00:00Z,1,Closed
15271,3851545.9799999995,5100000.0,1,Emergency Appeal,MDRAL008,,DAL001,15,True,False,AL,ALB,Albania,1,Country,3,Albanian Red Cross,en,2019-11-29 15:45:13.802947+00:00,2,Earthquake,,en,2021-02-28T00:00:00Z,3887,3246,2026-03-02 11:30:28.233553+00:00,Albania - Earthquake,False,60000,2023-01-03 10:43:01+00:00,3,Europe,3,Europe,en,"Cluster Delegation for Albania, Bosnia, Bulgaria, Croatia, Montenegro, North Macedonia and Serbia",2019-11-29T00:00:00Z,1,Closed
15268,1158834.1,2726000.0,1,Emergency Appeal,MDRSS009,,DSS001,290,True,False,SS,SSD,South Sudan,1,Country,0,South Sudan Red Cross,en,2019-11-27 12:45:14.562371+00:00,12,Flood,,en,2021-07-31T00:00:00Z,3835,3245,2026-03-02 11:30:35.419790+00:00,South Sudan - Floods,False,117730,2023-01-03 10:46:02+00:00,0,Africa,0,Africa,en,"Country cluster for South Sudan, Tanzania and Uganda",2019-11-25T00:00:00Z,1,Closed
15264,53261.0,53261.0,0,DREF,MDRBO014,,DBO001,33,True,False,BO,BOL,Bolivia,1,Country,1,Bolivian Red Cross,en,2019-11-21 14:45:16.282591+00:00,7,Civil Unrest,,en,2020-01-21T00:00:00Z,3875,3244,2026-03-02 11:30:58.790295+00:00,Bolivia - Civil Unrest,False,650,2023-01-03 10:43:02+00:00,1,Americas,1,Americas,en,South America country cluster,2019-11-21T00:00:00Z,1,Closed
15258,344125.0,344125.0,0,DREF,MDRCD028,,DCD001,187,True,False,CD,COD,Democratic Republic of Congo,1,Country,0,Red Cross of the Democratic Republic of the Congo,en,2019-11-20 15:45:12.562708+00:00,1,Epidemic,,en,2020-03-19T00:00:00Z,3808,3243,2026-03-02 11:30:29.508275+00:00,DR Congo - Measles Outbreak,False,1539754,2023-01-03 10:43:03+00:00,0,Africa,0,Africa,en,"Country cluster for Democratic Republic of Congo, Republic of Congo, Burundi and Rwanda",2019-11-19T00:00:00Z,1,Closed
15256,83430.0,83430.0,0,DREF,MDRTZ025,,DTZ001,189,True,False,TZ,TZA,"Tanzania, United Republic of",1,Country,0,Tanzania Red Cross National Society,en,2019-11-15 15:45:14.197042+00:00,12,Flood,,en,2020-02-15T00:00:00Z,3842,3242,2026-03-02 11:32:57.748058+00:00,Tanzania - Floods in Mara,False,835,2023-01-03 10:46:04+00:00,0,Africa,0,Africa,en,"Country cluster for South Sudan, Tanzania and Uganda",2019-11-15T00:00:00Z,1,Closed
15252,386249.0,386249.0,0,DREF,MDRBD023,,DBD001,27,True,False,BD,BGD,Bangladesh,1,Country,2,Bangladesh Red Crescent Society,en,2019-11-15 07:45:12.663343+00:00,4,Cyclone,,en,2020-02-14T00:00:00Z,3869,3241,2026-03-02 11:33:31.117173+00:00,Bangladesh - Cyclone Bulbul,False,17500,2023-01-03 10:43:01+00:00,2,Asia Pacific,2,Asia Pacific,en,Bangladesh country office,2019-11-14T00:00:00Z,1,Closed
15247,986501.0,986501.0,0,DREF,MDRLB008,,DLB001,101,True,False,LB,LBN,Lebanon,1,Country,4,Lebanese Red Cross,en,2019-11-06 07:45:14.897537+00:00,7,Civil Unrest,,en,2020-03-05T00:00:00Z,3846,3240,2026-03-02 11:30:40.958203+00:00,Lebanon - Civil Unrest,False,17750,2023-01-03 10:44:05+00:00,4,Middle East & North Africa,4,Middle East & North Africa,en,Middle East and North Africa Regional Office,2019-11-05T00:00:00Z,1,Closed
15243,1267762.4300000002,2700000.0,1,Emergency Appeal,MDRPH036,,DPH001,136,True,False,PH,PHL,Philippines,1,Country,2,Philippine Red Cross,en,2019-10-31 11:45:13.269223+00:00,2,Earthquake,,en,2020-12-31T00:00:00Z,3850,3239,2026-03-02 11:30:20.428901+00:00,Philippines - Mindanao Earthquakes,False,40500,2023-01-03 10:45:04+00:00,2,Asia Pacific,2,Asia Pacific,en,Philippines country office,2019-10-31T00:00:00Z,1,Closed
15240,1538737.65,5000000.0,1,Emergency Appeal,MDRKE045,,DKE001,93,True,False,KE,KEN,Kenya,1,Country,0,Kenya Red Cross Society,en,2019-10-29 11:45:13.574836+00:00,12,Flood,,en,2020-12-04T00:00:00Z,3822,3237,2026-03-02 11:30:20.226882+00:00,Kenya - Floods,False,300000,2023-01-03 10:44:04+00:00,0,Africa,0,Africa,en,Africa Regional Office and Country cluster for Kenya and Somalia,2019-10-28T00:00:00Z,1,Closed
15238,180945.0,180945.0,0,DREF,MDRSV013,,DSV001,62,True,False,SV,SLV,El Salvador,1,Country,1,Salvadorean Red Cross Society,en,2019-10-29 11:45:13.629865+00:00,12,Flood,,en,2020-01-28T00:00:00Z,,3238,2026-03-02 11:32:45.340870+00:00,El Salvador - Floods,False,3075,2023-01-03 10:46:02+00:00,1,Americas,1,Americas,en,Central America country cluster,2019-10-28T00:00:00Z,1,Closed
15232,152657.0,152657.0,0,DREF,MDRGH016,,DGH001,73,True,False,GH,GHA,Ghana,1,Country,0,Ghana Red Cross Society,en,2019-10-28 14:45:12.344774+00:00,12,Flood,,en,2020-03-30T00:00:00Z,3827,3236,2026-03-02 11:31:13.712011+00:00,Ghana - Floods,False,26083,2023-01-03 10:44:00+00:00,0,Africa,0,Africa,en,"Country cluster for Nigeria, Benin, Ghana and Togo",2019-10-26T00:00:00Z,1,Closed
15236,1070340.41,3524000.0,1,Emergency Appeal,MDRZM012,,DZM001,12,True,False,ZM,ZMB,Zambia,1,Country,0,Zambia Red Cross Society,en,2019-10-28 14:45:12.168528+00:00,20,Drought,,en,2021-07-31T00:00:00Z,3758,3234,2026-03-02 11:30:28.391168+00:00,Zambia - Drought (Food Insecurity),False,24000,2023-01-03 10:47:00+00:00,0,Africa,0,Africa,en,"Country cluster for Zimbabwe, Malawi and Zambia",2019-10-25T00:00:00Z,1,Closed
15234,88326.0,88326.0,0,DREF,MDRCL014,,DCL001,46,True,False,CL,CHL,Chile,1,Country,1,Chilean Red Cross,es,2019-10-28 14:45:12.316395+00:00,7,Civil Unrest,,en,2020-01-25T00:00:00Z,3826,3235,2026-03-02 11:31:05.767545+00:00,Chile - Civil Unrest,False,2200,2023-01-03 10:43:04+00:00,1,Americas,1,Americas,en,Southern Cone country cluster,2019-10-25T00:00:00Z,1,Closed
15230,78140.0,78140.0,0,DREF,MDRCM028,,DCM001,41,True,False,CM,CMR,Cameroon,1,Country,0,Cameroon Red Cross Society,en,2019-10-24 07:45:15.163997+00:00,12,Flood,,en,2020-01-23T00:00:00Z,3804,3233,2026-03-02 11:31:57.924175+00:00,Cameroon - Floods,False,2303,2023-01-03 10:43:04+00:00,0,Africa,0,Africa,en,"Country cluster for Cameroon, Gabon, Equatorial Guinea and Sao Tome and Principe",2019-10-23T00:00:00Z,1,Closed
15227,193051.0,193051.0,0,DREF,MDRCI011,,DCI001,182,True,False,CI,CIV,Côte d'Ivoire,1,Country,0,Red Cross Society of Côte d'Ivoire,en,2019-10-23 06:45:12.866762+00:00,12,Flood,,en,2020-02-22T00:00:00Z,3813,3231,2026-03-02 11:30:17.059958+00:00,Côte d'Ivoire - Floods,False,3000,2023-01-03 10:43:04+00:00,0,Africa,0,Africa,en,"Country cluster for Niger, Cote d'Ivoire, Burkina Faso and Mali",2019-10-22T00:00:00Z,1,Closed
15223,112546.0,112546.0,0,DREF,MDRCY001,,DCY001,228,True,False,CY,CYP,Cyprus,1,Country,3,Cyprus Red Cross Society,en,2019-10-18 17:45:12.835744+00:00,5,Population Movement,,en,2020-04-18T00:00:00Z,5344,3229,2026-03-02 11:31:20.557325+00:00,Cyprus - Population Movement,False,1500,2023-01-03 10:43:05+00:00,3,Europe,3,Europe,en,Europe Other,2019-10-18T00:00:00Z,1,Closed
15225,112186.0,112186.0,0,DREF,MDRHT017,,DHT001,80,True,False,HT,HTI,Haiti,1,Country,1,Haiti Red Cross Society,en,2019-10-21 06:45:16.625772+00:00,7,Civil Unrest,,en,2020-01-18T00:00:00Z,3783,3230,2026-03-02 11:32:31.944224+00:00,Haiti - Civil Unrest,False,1500,2023-01-03 10:44:02+00:00,1,Americas,1,Americas,en,"Cuba, Haiti and Dominican Republic country cluster",2019-10-18T00:00:00Z,1,Closed
15220,124337.0,124337.0,0,DREF,MDRPK017,,DPK001,131,True,False,PK,PAK,Pakistan,1,Country,2,Pakistan Red Crescent,en,2019-10-11 16:45:15.167089+00:00,1,Epidemic,,en,2020-03-31T00:00:00Z,3919,3228,2026-03-02 11:31:58.029059+00:00,Pakistan - Dengue Outbreak,False,210270,2023-01-03 10:45:05+00:00,2,Asia Pacific,2,Asia Pacific,en,Pakistan country office,2019-10-11T00:00:00Z,1,Closed
15218,110818.0,110818.0,0,DREF,MDREC014,,DEC001,60,True,False,EC,ECU,Ecuador,1,Country,1,Ecuadorian Red Cross,en,2019-10-10 14:45:23.862289+00:00,7,Civil Unrest,,en,2019-12-10T00:00:00Z,3803,3227,2026-03-02 11:32:57.649021+00:00,Ecuador - Civil Unrest,False,1500,2023-01-03 10:43:05+00:00,1,Americas,1,Americas,en,South America country cluster,2019-10-10T00:00:00Z,1,Closed
15216,151922.0,151922.0,0,DREF,MDRIQ010,,DIQ001,87,True,False,IQ,IRQ,Iraq,1,Country,4,Iraqi Red Crescent Society,en,2019-10-09 17:45:14.688604+00:00,7,Civil Unrest,,en,2020-03-09T00:00:00Z,3800,3226,2026-03-02 11:33:12.344977+00:00,Iraq - Civil Unrest,False,25000,2023-01-03 10:44:03+00:00,4,Middle East & North Africa,4,Middle East & North Africa,en,Iraq country office,2019-10-09T00:00:00Z,1,Closed
15215,251943.0,251943.0,0,DREF,MDRNG028,,DNG001,128,True,False,NG,NGA,Nigeria,1,Country,0,Nigerian Red Cross Society,en,2019-10-24 06:45:14.545642+00:00,12,Flood,,en,2020-02-05T00:00:00Z,3920,3232,2026-03-02 11:33:11.885811+00:00,Nigeria - Floods,False,6000,2023-01-03 10:45:03+00:00,0,Africa,0,Africa,en,"Country cluster for Nigeria, Benin, Ghana and Togo",2019-10-05T00:00:00Z,1,Closed
15213,70103.0,70103.0,0,DREF,MDRMV003,,DMV001,227,True,False,MV,MDV,Maldives,1,Country,2,Maldivian Red Crescent,en,2019-10-03 13:45:18.160765+00:00,15,Fire,,en,2020-02-29T00:00:00Z,3921,3225,2026-03-02 11:31:31.283746+00:00,Maldives - Fire,False,786,2023-01-03 10:45:01+00:00,2,Asia Pacific,2,Asia Pacific,en,New Delhi country cluster,2019-10-03T00:00:00Z,1,Closed
15210,205865.0,205865.0,0,DREF,MDRSN016,,DSN001,150,True,False,SN,SEN,Senegal,1,Country,0,Senegalese Red Cross Society,en,2019-10-02 09:45:14.743274+00:00,12,Flood,,en,2020-03-01T00:00:00Z,3773,3224,2026-03-02 11:31:36.186887+00:00,Senegal - Floods,False,4500,2023-01-03 10:46:02+00:00,0,Africa,0,Africa,en,"Country cluster for Senegal, Cape Verde, Gambia and Mauritania",2019-10-01T00:00:00Z,1,Closed
15207,256404.0,256404.0,0,DREF,MDRSD027,,DSD001,161,True,False,SD,SDN,Sudan,1,Country,0,Sudanese Red Crescent,en,2019-10-01 09:45:16.132444+00:00,1,Epidemic,,en,2020-02-29T00:00:00Z,3761,3223,2026-03-02 11:32:29.875347+00:00,Sudan - Cholera Outbreak,False,144000,2023-02-08 09:41:00+00:00,0,Africa,0,Africa,en,Country cluster for Sudan and Eritrea,2019-09-30T00:00:00Z,1,Closed
15205,148747.0,148747.0,0,DREF,MDRPK016,,DPK001,131,True,False,PK,PAK,Pakistan,1,Country,2,Pakistan Red Crescent,en,2019-09-30 13:45:15.511762+00:00,2,Earthquake,,en,2019-12-29T00:00:00Z,3788,3222,2026-03-02 11:33:22.447916+00:00,Pakistan - Earthquake,False,3500,2023-01-03 10:45:05+00:00,2,Asia Pacific,2,Asia Pacific,en,Pakistan country office,2019-09-29T00:00:00Z,1,Closed
15203,0.0,0.0,1,Emergency Appeal,MDRPH035,,DPH001,136,True,False,PH,PHL,Philippines,1,Country,2,Philippine Red Cross,en,2019-09-30 13:45:15.471348+00:00,1,Epidemic,,en,2020-01-28T00:00:00Z,3790,3221,2026-03-02 11:31:57.881223+00:00,Philippines - Polio Outbreak,False,0,2024-04-23 17:24:00+00:00,2,Asia Pacific,2,Asia Pacific,en,Philippines country office,2019-09-28T00:00:00Z,1,Closed
15198,203273.0,203273.0,0,DREF,MDRZA008,,DZA001,158,True,False,ZA,ZAF,South Africa,1,Country,0,The South African Red Cross Society,en,2019-09-24 06:45:14.833040+00:00,7,Civil Unrest,,en,2019-11-23T00:00:00Z,3772,3220,2026-03-02 11:30:32.653014+00:00,South Africa - Civil Unrest,False,2037,2023-01-03 10:46:05+00:00,0,Africa,0,Africa,en,"Country cluster for South Africa, Botswana, Lesotho, Namibia and Kingdom of Eswatini",2019-09-23T00:00:00Z,1,Closed
15196,165635.0,165635.0,0,DREF,MDRNG027,,DNG001,128,True,False,NG,NGA,Nigeria,1,Country,0,Nigerian Red Cross Society,en,2019-09-20 13:45:23.130764+00:00,1,Epidemic,,en,2019-12-20T00:00:00Z,3922,3219,2026-03-02 11:33:14.117188+00:00,Nigeria - Yellow Fever,False,313368,2023-01-03 10:45:03+00:00,0,Africa,0,Africa,en,"Country cluster for Nigeria, Benin, Ghana and Togo",2019-09-20T00:00:00Z,1,Closed
15194,1216933.8900000001,2900000.0,1,Emergency Appeal,MDR42005,,DPA001,132,True,False,PA,PAN,Panama,1,Country,1,Red Cross Society of Panama,en,2019-09-19 12:45:12.151883+00:00,1,Epidemic,,en,2021-03-18T00:00:00Z,3923,3218,2026-03-02 11:30:36.427087+00:00,Central America - Dengue Outbreak,False,5500000,2023-01-03 10:43:00+00:00,1,Americas,1,Americas,en,Americas Regional Office,2019-09-18T00:00:00Z,1,Closed
15192,230894.0,230894.0,0,DREF,MDRMR010,,DMR001,114,True,False,MR,MRT,Mauritania,1,Country,0,Mauritanian Red Crescent,en,2019-09-19 07:45:15.982228+00:00,12,Flood,,en,2020-02-20T00:00:00Z,3753,3217,2026-03-02 11:32:08.389099+00:00,Mauritania - Floods,False,12000,2023-01-03 10:45:01+00:00,0,Africa,0,Africa,en,"Country cluster for Senegal, Cape Verde, Gambia and Mauritania",2019-09-17T00:00:00Z,1,Closed
15185,196450.0,196450.0,0,DREF,MDRLA006,,DLA001,99,True,False,LA,LAO,Lao People's Democratic Republic,1,Country,2,Lao Red Cross,en,2019-09-13 15:45:11.405507+00:00,12,Flood,,en,2020-01-31T00:00:00Z,3766,3216,2026-03-02 11:31:59.896439+00:00,Laos - Podul Floods,False,12500,2023-01-03 10:44:05+00:00,2,Asia Pacific,2,Asia Pacific,en,Bangkok country cluster,2019-09-13T00:00:00Z,1,Closed
15181,205657.0,205657.0,0,DREF,MDRDO012,,DDO001,59,True,False,DO,DOM,Dominican Republic,1,Country,1,Dominican Red Cross,en,2019-09-13 08:45:18.479673+00:00,1,Epidemic,,en,2020-02-12T00:00:00Z,3767,3215,2026-03-02 11:31:40.705941+00:00,Dominican Republic - Dengue Outbreak,False,12500,2023-01-03 10:43:05+00:00,1,Americas,1,Americas,en,"Cuba, Haiti and Dominican Republic country cluster",2019-09-12T00:00:00Z,1,Closed
15183,247408.0,247408.0,0,DREF,MDRCO016,,DCO001,48,True,False,CO,COL,Colombia,1,Country,1,Colombian Red Cross Society,en,2019-09-13 08:45:18.375500+00:00,1,Epidemic,,en,2020-01-12T00:00:00Z,3748,3214,2026-03-02 11:30:18.496322+00:00,Colombia - Dengue Outbreak,False,10500,2023-01-03 10:43:04+00:00,1,Americas,1,Americas,en,South America country cluster,2019-09-12T00:00:00Z,1,Closed
15179,254562.0,254562.0,0,DREF,MDRBO013,,DBO001,33,True,False,BO,BOL,Bolivia,1,Country,1,Bolivian Red Cross,en,2019-09-10 07:45:13.727266+00:00,15,Fire,,en,2020-01-09T00:00:00Z,3746,3213,2026-03-02 11:31:42.220939+00:00,Bolivia - Forest Fires,False,3350,2023-01-03 10:43:02+00:00,1,Americas,1,Americas,en,South America country cluster,2019-09-09T00:00:00Z,1,Closed
15175,423443.0,423443.0,0,DREF,MDRKP014,,DKP001,193,True,False,KP,PRK,Democratic People's Republic of Korea,1,Country,2,Red Cross Society of the Democratic People's Republic of Korea,en,2019-09-06 15:45:12.428625+00:00,4,Cyclone,,en,2020-05-06T00:00:00Z,3759,3211,2026-03-02 11:31:08.294941+00:00,DPR Korea - Typhoon Lingling,False,27801,2023-01-03 10:44:05+00:00,2,Asia Pacific,2,Asia Pacific,en,DPR Korea country office,2019-09-06T00:00:00Z,1,Closed
15177,245890.0,245890.0,0,DREF,MDRML014,,DML001,112,True,False,ML,MLI,Mali,1,Country,0,Mali Red Cross,en,2019-09-09 10:45:12.844042+00:00,12,Flood,,en,2020-03-06T00:00:00Z,3743,3212,2026-03-02 11:30:37.761986+00:00,Mali - Floods,False,4000,2023-01-03 10:45:00+00:00,0,Africa,0,Africa,en,"Country cluster for Niger, Cote d'Ivoire, Burkina Faso and Mali",2019-09-06T00:00:00Z,1,Closed
15170,28010628.774800003,32000000.0,1,Emergency Appeal,MDRBS003,,DBS001,25,True,False,BS,BHS,Bahamas,1,Country,1,The Bahamas Red Cross Society,en,2019-09-02 12:45:11.705815+00:00,4,Cyclone,,en,2022-03-31T00:00:00Z,3751,3209,2026-03-02 11:30:21.804596+00:00,Bahamas - Hurricane Dorian,False,14940,2023-11-02 17:44:01+00:00,1,Americas,1,Americas,en,Caribbean country cluster,2019-09-02T00:00:00Z,1,Closed
15172,1146122.52,3000000.0,1,Emergency Appeal,MDRCF025,,DCF001,44,True,False,CF,CAF,Central African Republic,1,Country,0,Central African Red Cross Society,en,2019-09-02 12:45:11.766249+00:00,12,Flood,,en,2021-04-30T00:00:00Z,3734,3210,2026-03-02 11:30:21.205171+00:00,Central AFrican Republic - Floods,False,44918,2023-01-03 10:43:03+00:00,0,Africa,0,Africa,en,Country cluster for Central African Republic and Chad,2019-09-02T00:00:00Z,1,Closed
15167,492811.0,492811.0,0,DREF,MDRIN024,,DIN001,84,True,False,IN,IND,India,1,Country,2,Indian Red Cross Society,en,2019-08-27 08:45:14.863281+00:00,12,Flood,,en,2020-02-26T00:00:00Z,3742,3208,2026-03-02 11:32:03.347700+00:00,India - Monsoon Rains and Floods,False,32500,2023-01-03 10:44:02+00:00,2,Asia Pacific,2,Asia Pacific,en,New Delhi country cluster,2019-08-26T00:00:00Z,1,Closed
15162,299975.0,299975.0,0,DREF,MDRMM012,,DMM001,121,True,False,MM,MMR,Myanmar,1,Country,2,Myanmar Red Cross Society,en,2019-08-23 07:45:15.065375+00:00,12,Flood,,en,2019-12-22T00:00:00Z,3731,3207,2026-03-02 11:32:28.502741+00:00,Myanmar - Floods & Landslides,False,13750,2023-01-03 10:45:01+00:00,2,Asia Pacific,2,Asia Pacific,en,Myanmar country office,2019-08-22T00:00:00Z,1,Closed
15160,299608.0,299608.0,0,DREF,MDRVN018,,DVN001,191,True,False,VN,VNM,Viet Nam,1,Country,2,Vietnam Red Cross Society,en,2019-08-19 09:45:12.223683+00:00,12,Flood,,en,2019-11-16T00:00:00Z,3732,3206,2026-03-02 11:32:58.930726+00:00,Vietnam - Floods,False,18100,2023-01-03 10:46:05+00:00,2,Asia Pacific,2,Asia Pacific,en,Bangkok country cluster,2019-08-16T00:00:00Z,1,Closed
15158,0.0,0.0,1,Emergency Appeal,MDRNI009,,DNI001,126,True,False,NI,NIC,Nicaragua,1,Country,1,Nicaraguan Red Cross,en,2019-08-14 15:45:16.337600+00:00,1,Epidemic,,en,2019-11-14T00:00:00Z,3718,3205,2026-03-02 11:32:04.134450+00:00,Nicaragua - Dengue Outbreak,False,0,2024-04-23 17:22:03+00:00,1,Americas,1,Americas,en,Central America country cluster,2019-08-14T00:00:00Z,1,Closed
15156,173092.0,173092.0,0,DREF,MDRSL008,,DSL001,152,True,False,SL,SLE,Sierra Leone,1,Country,0,Sierra Leone Red Cross Society,en,2019-08-12 06:45:16.922152+00:00,12,Flood,,en,2019-11-09T00:00:00Z,3724,3204,2026-03-02 11:32:30.138617+00:00,Sierra Leone - Floods,False,1800,2023-01-03 10:46:01+00:00,0,Africa,0,Africa,en,"Country cluster for Sierra Leone, Liberia, Guinea and Guinea Bisau",2019-08-09T00:00:00Z,1,Closed
15154,0.0,0.0,1,Emergency Appeal,MDRGT015,,DGT001,76,True,False,GT,GTM,Guatemala,1,Country,1,Guatemalan Red Cross,en,2019-08-07 09:45:13.721171+00:00,1,Epidemic,,en,2019-12-06T00:00:00Z,3698,3203,2026-03-02 11:30:40.157445+00:00,Guatemala - Dengue Outbreak,False,0,2024-04-23 17:16:05+00:00,1,Americas,1,Americas,en,Central America country cluster,2019-08-06T00:00:00Z,1,Closed
15152,100032.0,100032.0,0,DREF,MDRPH034,,DPH001,136,True,False,PH,PHL,Philippines,1,Country,2,Philippine Red Cross,en,2019-08-02 08:45:16.398670+00:00,2,Earthquake,,en,2019-10-31T00:00:00Z,3703,3202,2026-03-02 11:32:17.335928+00:00,Philippines - Batanes Earthquakes,False,1500,2023-01-03 10:45:04+00:00,2,Asia Pacific,2,Asia Pacific,en,Philippines country office,2019-08-01T00:00:00Z,1,Closed
15147,503141.0,503141.0,0,DREF,MDRIN023,,DIN001,84,True,False,IN,IND,India,1,Country,2,Indian Red Cross Society,en,2019-07-26 13:45:15.146784+00:00,12,Flood,,en,2020-01-31T00:00:00Z,3704,3201,2026-03-02 11:30:58.533955+00:00,India - Monsoon Floods,False,30000,2023-01-03 10:44:02+00:00,2,Asia Pacific,2,Asia Pacific,en,New Delhi country cluster,2019-07-26T00:00:00Z,1,Closed
15145,149557.0,149557.0,0,DREF,MDRPH033,,DPH001,136,True,False,PH,PHL,Philippines,1,Country,2,Philippine Red Cross,en,2019-07-24 13:45:18.897920+00:00,1,Epidemic,,en,2019-12-24T00:00:00Z,3700,3200,2026-03-02 11:30:43.659500+00:00,Philippines - Dengue,False,300000,2023-01-03 10:45:04+00:00,2,Asia Pacific,2,Asia Pacific,en,Philippines country office,2019-07-24T00:00:00Z,1,Closed
15141,2367609.19,7000000.0,1,Emergency Appeal,MDRBD022,,DBD001,27,True,False,BD,BGD,Bangladesh,1,Country,2,Bangladesh Red Crescent Society,en,2019-07-18 15:45:18.291502+00:00,12,Flood,,en,2021-05-31T00:00:00Z,3690,3199,2026-03-02 11:30:30.759299+00:00,Bangladesh - Monsoon Floods,False,150000,2023-01-03 10:43:01+00:00,2,Asia Pacific,2,Asia Pacific,en,Bangladesh country office,2019-07-18T00:00:00Z,1,Closed
15138,338886.0,338886.0,0,DREF,MDRET021,,DET001,65,True,False,ET,ETH,Ethiopia,1,Country,0,Ethiopian Red Cross Society,en,2019-07-15 16:45:15.257663+00:00,1,Epidemic,,en,2019-11-15T00:00:00Z,3687,3198,2026-03-02 11:31:47.642330+00:00,Ethiopia - Epidemics,False,350000,2023-01-03 10:44:00+00:00,0,Africa,0,Africa,en,Country cluster for Ethiopia and Djibouti,2019-07-15T00:00:00Z,1,Closed
15134,344501.0,344501.0,0,DREF,MDRAM005,,DAM001,21,True,False,AM,ARM,Armenia,1,Country,3,Armenian Red Cross Society,en,2019-07-10 14:45:15.482771+00:00,23,Storm Surge,,en,2019-10-10T00:00:00Z,3668,3195,2026-03-02 11:33:19.386735+00:00,Armenia - Hailstorm,False,4300,2023-01-03 10:43:01+00:00,3,Europe,3,Europe,en,Southern Caucasus country cluster,2019-07-10T00:00:00Z,1,Closed
15132,230067.0,230067.0,0,DREF,MDRHU007,,DHU001,82,True,False,HU,HUN,Hungary,1,Country,3,Hungarian Red Cross,en,2019-07-09 15:45:14.871325+00:00,13,Other,,en,2019-12-08T00:00:00Z,3666,3194,2026-03-02 11:31:47.458657+00:00,Hungary - Storm,False,7200,2023-01-03 10:44:02+00:00,3,Europe,3,Europe,en,Europe Regional Office,2019-07-09T00:00:00Z,1,Closed
15129,176474.0,176474.0,0,DREF,MDRPG010,,DPG001,133,True,False,PG,PNG,Papua New Guinea,1,Country,2,Papua New Guinea Red Cross Society,en,2019-07-04 15:45:15.625101+00:00,8,Volcanic Eruption,,en,2019-12-04T00:00:00Z,3674,3193,2026-03-02 11:33:01.552252+00:00,Papua New Guinea - Volcanoes,False,5000,2023-01-03 10:45:04+00:00,2,Asia Pacific,2,Asia Pacific,en,Papua New Guinea country office,2019-07-04T00:00:00Z,1,Closed
15127,38138.0,38138.0,0,DREF,MDRGE013,,DGE001,71,True,False,GE,GEO,Georgia,1,Country,3,Red Cross Society of Georgia,en,2019-07-04 06:45:14.934532+00:00,7,Civil Unrest,,en,2019-10-03T00:00:00Z,3653,3192,2026-03-02 11:32:49.688717+00:00,Georgia - Demonstration,False,2000,2023-01-03 10:44:00+00:00,3,Europe,3,Europe,en,Southern Caucasus country cluster,2019-07-03T00:00:00Z,1,Closed
15123,0.0,0.0,1,Emergency Appeal,MDRHN013,,DHN001,81,True,False,HN,HND,Honduras,1,Country,1,Honduran Red Cross,en,2019-07-01 11:45:16.296675+00:00,1,Epidemic,,en,2019-10-01T00:00:00Z,3646,3191,2026-03-02 11:33:30.154215+00:00,Honduras - Dengue Outbreak,False,0,2024-04-23 17:17:00+00:00,1,Americas,1,Americas,en,Central America country cluster,2019-07-01T00:00:00Z,1,Closed
15120,198473.0,198473.0,0,DREF,MDRGM012,,DGM001,70,True,False,GM,GMB,"Gambia, Republic of The",1,Country,0,Gambia Red Cross Society,en,2019-06-27 15:45:16.714986+00:00,13,Other,,en,2019-09-27T00:00:00Z,3647,3190,2026-03-02 11:32:59.975007+00:00,Gambia - Windstorm  Surge,False,3600,2023-01-03 10:44:00+00:00,0,Africa,0,Africa,en,"Country cluster for Senegal, Cape Verde, Gambia and Mauritania",2019-06-27T00:00:00Z,1,Closed
15118,301088.0,301088.0,0,DREF,MDRLB007,,DLB001,101,True,False,LB,LBN,Lebanon,1,Country,4,Lebanese Red Cross,en,2019-06-26 09:45:16.819088+00:00,5,Population Movement,,en,2019-10-31T00:00:00Z,3616,3189,2026-03-02 11:33:22.986159+00:00,Lebanon - Arsal Population Movement,False,2805,2023-01-03 10:44:05+00:00,4,Middle East & North Africa,4,Middle East & North Africa,en,Middle East and North Africa Regional Office,2019-06-25T00:00:00Z,1,Closed
15115,482282.0,482282.0,0,DREF,MDRNE023,,DNE001,127,True,False,NE,NER,Niger,1,Country,0,Red Cross Society of Niger,en,2019-06-24 15:45:13.376299+00:00,5,Population Movement,,en,2019-12-24T00:00:00Z,3564,3188,2026-03-02 11:31:08.959776+00:00,Niger - Population Movement,False,30000,2023-01-03 10:45:02+00:00,0,Africa,0,Africa,en,"Country cluster for Niger, Cote d'Ivoire, Burkina Faso and Mali",2019-06-24T00:00:00Z,1,Closed
15113,135906.0,135906.0,0,DREF,MDRSS008,,DSS001,290,True,False,SS,SSD,South Sudan,1,Country,0,South Sudan Red Cross,en,2019-06-24 09:45:13.520779+00:00,12,Flood,,en,2019-11-22T00:00:00Z,3611,3187,2026-03-02 11:31:36.313581+00:00,South Sudan - Floods,False,34560,2023-01-03 10:46:02+00:00,0,Africa,0,Africa,en,"Country cluster for South Sudan, Tanzania and Uganda",2019-06-22T00:00:00Z,1,Closed
15110,227910.0,227910.0,0,DREF,MDRYE007,,DYE001,10,True,False,YE,YEM,Yemen,1,Country,4,Yemen Red Crescent Society,en,2019-06-21 06:45:15.218788+00:00,12,Flood,,en,2020-03-31T00:00:00Z,3607,3186,2026-03-02 11:30:54.879325+00:00,Yemen - Floods,False,14000,2023-01-03 10:46:05+00:00,4,Middle East & North Africa,4,Middle East & North Africa,en,Yemen country office,2019-06-20T00:00:00Z,1,Closed
15112,151041.0,151041.0,0,DREF,MDRUG042,,DUG001,176,True,False,UG,UGA,Uganda,1,Country,0,Uganda Red Cross Society,en,2019-07-11 12:45:16.218411+00:00,12,Flood,,en,2019-09-20T00:00:00Z,3605,3197,2026-03-02 11:32:50.801933+00:00,Uganda - Floods and Landslides,False,2845,2023-01-03 10:46:04+00:00,0,Africa,0,Africa,en,"Country cluster for South Sudan, Tanzania and Uganda",2019-06-20T00:00:00Z,1,Closed
15109,147688.0,147688.0,0,DREF,MDRTJ028,,DTJ001,167,True,False,TJ,TJK,Tajikistan,1,Country,3,Red Crescent Society of Tajikistan,en,2019-07-11 12:45:16.192453+00:00,12,Flood,,en,2019-09-17T00:00:00Z,3582,3196,2026-03-02 11:32:32.988630+00:00,Tajikistan - Floods,False,2750,2023-01-03 10:46:03+00:00,3,Europe,3,Europe,en,Central Asia country cluster,2019-06-17T00:00:00Z,1,Closed
15107,179857.0,179857.0,0,DREF,MDRRS013,,DRS001,271,True,False,RS,SRB,Serbia,1,Country,3,Red Cross of Serbia,en,2019-06-17 05:45:14.290424+00:00,12,Flood,,en,2019-10-14T00:00:00Z,3578,3185,2026-03-02 11:32:41.881594+00:00,Serbia - Floods,False,7650,2023-01-03 10:46:00+00:00,3,Europe,3,Europe,en,"Cluster Delegation for Albania, Bosnia, Bulgaria, Croatia, Montenegro, North Macedonia and Serbia",2019-06-14T00:00:00Z,1,Closed
15098,125828.0,125828.0,0,DREF,MDRTZ024,,DTZ001,189,True,False,TZ,TZA,"Tanzania, United Republic of",1,Country,0,Tanzania Red Cross National Society,en,2019-05-27 07:45:09.594877+00:00,12,Flood,,en,2019-08-24T00:00:00Z,239,3183,2026-03-02 11:33:28.045711+00:00,Tanzania - Floods Dar Es Salaam,False,2500,2023-01-03 10:46:04+00:00,0,Africa,0,Africa,en,"Country cluster for South Sudan, Tanzania and Uganda",2019-05-24T00:00:00Z,1,Closed
15100,109437.0,109437.0,0,DREF,MDRGE012,,DGE001,71,True,False,GE,GEO,Georgia,1,Country,3,Red Cross Society of Georgia,en,2019-05-27 09:45:08.370263+00:00,12,Flood,,en,2019-08-24T00:00:00Z,3557,3184,2026-03-02 11:30:59.583949+00:00,Georgia - Floods,False,5088,2023-01-03 10:44:00+00:00,3,Europe,3,Europe,en,Southern Caucasus country cluster,2019-05-24T00:00:00Z,1,Closed
15094,640150.1984,2000000.0,1,Emergency Appeal,MDRCM027,,DCM001,41,True,False,CM,CMR,Cameroon,1,Country,0,Cameroon Red Cross Society,en,2019-05-21 16:45:09.537424+00:00,5,Population Movement,,en,2021-01-31T00:00:00Z,3439,3182,2026-03-02 11:30:29.811301+00:00,Cameroon - Population Movement,False,35000,2024-02-15 17:40:03+00:00,0,Africa,0,Africa,en,"Country cluster for Cameroon, Gabon, Equatorial Guinea and Sao Tome and Principe",2019-05-20T00:00:00Z,1,Closed
15092,288311.0,288311.0,0,DREF,MDRPY020,,DPY001,134,True,False,PY,PRY,Paraguay,1,Country,1,Paraguayan Red Cross,en,2019-05-20 15:45:10.084806+00:00,12,Flood,,en,2019-08-18T00:00:00Z,3546,3181,2026-03-02 11:33:13.160642+00:00,Paraguay - Floods,False,4700,2023-01-03 10:46:00+00:00,1,Americas,1,Americas,en,Southern Cone country cluster,2019-05-18T00:00:00Z,1,Closed
15084,365909.0,365909.0,0,DREF,MDRLK009,,DLK001,160,True,False,LK,LKA,Sri Lanka,1,Country,2,Sri Lanka Red Cross Society,en,2019-05-06 15:45:09.769603+00:00,7,Civil Unrest,,en,2019-11-06T00:00:00Z,3552,3180,2026-03-02 11:30:57.441247+00:00,Sri Lanka - Easter Sunday Attack,False,2325,2023-01-03 10:44:05+00:00,2,Asia Pacific,2,Asia Pacific,en,New Delhi country cluster,2019-05-06T00:00:00Z,1,Closed
15086,249929.0,249929.0,0,DREF,MDRKP013,,DKP001,193,True,False,KP,PRK,Democratic People's Republic of Korea,1,Country,2,Red Cross Society of the Democratic People's Republic of Korea,en,2019-05-06 15:45:09.743271+00:00,20,Drought,,en,2019-10-06T00:00:00Z,3536,3179,2026-03-02 11:31:09.724565+00:00,DPR Korea - Drought & Food Insecurity,False,34414,2023-01-03 10:44:05+00:00,2,Asia Pacific,2,Asia Pacific,en,DPR Korea country office,2019-05-06T00:00:00Z,1,Closed
15081,473978.0,473978.0,0,DREF,MDRIN022,,DIN001,84,True,False,IN,IND,India,1,Country,2,Indian Red Cross Society,en,2019-05-01 14:45:09.956685+00:00,4,Cyclone,,en,2019-09-01T00:00:00Z,3533,3178,2026-03-02 11:32:54.113389+00:00,India - Cyclone Fani,False,25000,2023-01-03 10:44:02+00:00,2,Asia Pacific,2,Asia Pacific,en,New Delhi country cluster,2019-05-01T00:00:00Z,1,Closed
15078,174247.55,2400000.0,1,Emergency Appeal,MDRKM007,,DKM001,186,True,False,KM,COM,Comoros,1,Country,0,The Comoros Red Crescent,en,2019-04-29 08:45:09.567694+00:00,4,Cyclone,,en,2020-05-31T00:00:00Z,3528,3177,2026-03-02 11:30:27.871895+00:00,Comoros - Tropical Cyclone Kenneth,False,20000,2023-01-03 10:44:04+00:00,0,Africa,0,Africa,en,"Country cluster for Madagascar, Comoro Islands, Mauritius and Seychelles",2019-04-26T00:00:00Z,1,Closed
15076,125507.0,125507.0,0,DREF,MDRTZ023,,DTZ001,189,True,False,TZ,TZA,"Tanzania, United Republic of",1,Country,0,Tanzania Red Cross National Society,en,2019-04-26 11:45:09.435866+00:00,4,Cyclone,,en,2019-07-25T00:00:00Z,3528,3175,2026-03-02 11:32:56.126226+00:00,Tanzania - Tropical Cyclone Kenneth,False,2500,2023-01-03 10:46:04+00:00,0,Africa,0,Africa,en,"Country cluster for South Sudan, Tanzania and Uganda",2019-04-25T00:00:00Z,1,Closed
15074,775577.2899999999,5000000.0,1,Emergency Appeal,MDRET020,,DET001,65,True,False,ET,ETH,Ethiopia,1,Country,0,Ethiopian Red Cross Society,en,2019-04-29 08:45:09.543135+00:00,5,Population Movement,,en,2020-03-31T00:00:00Z,3277,3176,2026-03-02 11:30:24.081321+00:00,Ethiopia - Population Movement,False,80200,2023-01-03 10:44:00+00:00,0,Africa,0,Africa,en,Country cluster for Ethiopia and Djibouti,2019-04-24T00:00:00Z,1,Closed
14982,168183.0,168183.0,0,DREF,MDRBO012,,DBO001,33,True,False,BO,BOL,Bolivia,1,Country,1,Bolivian Red Cross,en,2019-04-15 13:45:08.896027+00:00,12,Flood,,en,2019-07-13T00:00:00Z,3436,3174,2026-03-02 11:33:30.869744+00:00,Bolivia - Floods,False,3000,2023-01-03 10:43:02+00:00,1,Americas,1,Americas,en,South America country cluster,2019-04-13T00:00:00Z,1,Closed
14980,964600.47,3500000.0,1,Emergency Appeal,MDRSY004,,DSY001,206,True,False,SY,SYR,Syrian Arab Republic,1,Country,4,Syrian Arab Red Crescent,en,2019-04-15 12:45:09.976655+00:00,12,Flood,,en,2019-10-15T00:00:00Z,3517,3173,2026-03-02 11:31:58.253511+00:00,Syria - Floods,False,45000,2023-01-03 10:46:02+00:00,4,Middle East & North Africa,4,Middle East & North Africa,en,Syria country office,2019-04-12T00:00:00Z,1,Closed
14974,229145.0,229145.0,0,DREF,MDRZW014,,DZW001,13,True,False,ZW,ZWE,Zimbabwe,1,Country,0,Zimbabwe Red Cross Society,en,2019-04-05 08:45:09.739511+00:00,4,Cyclone,,en,2019-09-04T00:00:00Z,3485,3172,2026-03-02 11:32:11.020613+00:00,Zimbabwe - Tropical Cyclone Idai,False,7000,2023-01-03 10:47:00+00:00,0,Africa,0,Africa,en,"Country cluster for Zimbabwe, Malawi and Zambia",2019-04-04T00:00:00Z,1,Closed
14966,2565752.81,5100000.0,1,Emergency Appeal,MDRIR002,,DIR001,203,True,False,IR,IRN,"Iran, Islamic Republic of",1,Country,4,Red Crescent Society of the Islamic Republic of Iran,en,2019-04-01 11:45:09.454450+00:00,12,Flood,,en,2019-12-29T00:00:00Z,3502,3171,2026-03-02 11:31:09.438739+00:00,Iran - Floods,False,150000,2023-01-03 10:44:03+00:00,4,Middle East & North Africa,4,Middle East & North Africa,en,Iran country office,2019-03-29T00:00:00Z,1,Closed
14964,89297.0,89297.0,0,DREF,MDRMG014,,DMG001,109,True,False,MG,MDG,Madagascar,1,Country,0,Malagasy Red Cross Society,en,2019-03-28 15:45:09.133785+00:00,1,Epidemic,,en,2019-06-28T00:00:00Z,3513,3170,2026-03-02 11:33:27.173719+00:00,Madagascar - Measles Outbreak,False,1946656,2023-01-03 10:45:00+00:00,0,Africa,0,Africa,en,"Country cluster for Madagascar, Comoro Islands, Mauritius and Seychelles",2019-03-28T00:00:00Z,1,Closed
14956,24663306.438500002,32000000.0,1,Emergency Appeal,MDRMZ014,,DMZ001,120,True,False,MZ,MOZ,Mozambique,1,Country,0,Mozambique Red Cross Society,en,2019-03-14 15:45:09.149499+00:00,13,Other,,en,2021-07-19T00:00:00Z,3469,3169,2026-03-02 11:30:23.080456+00:00,Mozambique - Tropical Cyclone Idai,False,608140,2023-05-16 07:30:01+00:00,0,Africa,0,Africa,en,Country cluster for Mozambique and Angola,2019-03-14T00:00:00Z,1,Closed
14954,3771021.4299999997,8000000.0,1,Emergency Appeal,MDRAF005,,DAF001,14,True,False,AF,AFG,Afghanistan,1,Country,2,Afghan Red Crescent,en,2019-03-14 15:45:09.119976+00:00,27,Pluvial/Flash Flood,,en,2020-09-30T00:00:00Z,3079,3168,2026-03-02 11:30:28.591259+00:00,Afghanistan - Drought and Flash Floods,False,675000,2023-01-26 14:49:05+00:00,2,Asia Pacific,2,Asia Pacific,en,Afghanistan country office,2019-03-13T00:00:00Z,1,Closed
14952,307466.0,307466.0,0,DREF,MDRSO007,,DSO001,157,True,False,SO,SOM,Somalia,1,Country,0,Somali Red Crescent Society,en,2019-03-12 15:45:11.344200+00:00,20,Drought,,en,2019-08-12T00:00:00Z,3399,3167,2026-03-02 11:31:23.579243+00:00,Somalia - Drought,False,5100,2023-01-03 10:46:02+00:00,0,Africa,0,Africa,en,Africa Regional Office and Country cluster for Kenya and Somalia,2019-03-12T00:00:00Z,1,Closed
14946,109054.0,109054.0,0,DREF,MDRUA009,,DUA001,1,True,False,UA,UKR,Ukraine,1,Country,3,Ukrainian Red Cross Society,en,2019-03-04 13:45:08.829466+00:00,1,Epidemic,,en,2019-09-04T00:00:00Z,3453,3166,2026-03-02 11:30:58.972418+00:00,Ukraine - Measles Outbreak,False,90000,2023-01-03 10:46:04+00:00,3,Europe,3,Europe,en,Ukraine country office,2019-03-03T00:00:00Z,1,Closed
